,(GLMU).kcat_F,(GLMU).Km_GalNAc1P,(GLMU).Km_UTP,(GLMU).K_eq_GLMU,(GLMU).Km_UDP_GalNAc,(GLMU).Km_PP,(GLMU).ki_P,(GLMU).ki_ADP,(GLMU).ki_UDP_GalNAc,(NAHK_ATP).kcat_F,(NAHK_ATP).Km_GalNAc,(NAHK_ATP).Km_ATP,(NAHK_ATP).K_eq_NAHK,(NAHK_ATP).Km_GalNAc1P,(NAHK_ATP).Km_ADP,(NAHK_ATP).ki_P,(NAHK_ATP).ki_ADP,(NAHK_ATPP).kcat_F,(NAHK_ATPP).Km_GalNAc,(NAHK_ATPP).Km_ATPP,(NAHK_ATPP).K_eq_NAHK,(NAHK_ATPP).Km_GalNAc1P,(NAHK_ATPP).ki_P,(NAHK_ATPP).ki_ADP,(PPA).kcat_F,(PPA).Km_PP,(PPA).ki_P,(PPA).ki_ADP,(PPA).ka_ATP,(PPA).ka_PP,(PPK3_A).kcat_F,(PPK3_A).Km_ADP,(PPK3_A).Km_ATP,(PPK3_A).Km_PolyP,(PPK3_A).K_eq_PPK3_A,(PPK3_A).ki_P,(PPK3_A).ki_ADP,(PPK3_A).ki_PP,(PPK3_U).kcat_F,(PPK3_U).Km_UDP,(PPK3_U).Km_PolyP,(PPK3_U).K_eq_PPK3_U,(PPK3_U).Km_UTP,(PPK3_U).ki_P,(PPK3_U).ki_ADP,(PPK3_U).ki_PP,(PPK3_tetra).kcat_F,(PPK3_tetra).Km_PolyP,(PPK3_tetra).K_eq_PPK3_tetra,(PPK3_tetra).Km_ATPP,(PPK3_tetra).ki_P,(PPK3_tetra).ki_ADP,(PPK3_tetra).ki_PP,(UDK_ATP).kcat_F,(UDK_ATP).Km_Uri,(UDK_ATP).Km_ATP,(UDK_ATP).K_eq_UDK,(UDK_ATP).Km_UMP,(UDK_ATP).Km_ADP,(UDK_ATP).ki_P,(UDK_ATP).ki_ADP,(UDK_ATP).ki_UTP,(UMPK_ATP).kcat_F,(UMPK_ATP).Km_UMP,(UMPK_ATP).Km_ATP,(UMPK_ATP).Km_ADP,(UMPK_ATP).K_eq_UMPK,(UMPK_ATP).Km_UDP,(UMPK_ATP).ki_P,(UMPK_ATP).ki_ADP,(UMPK_ADP).kcat_F,(UMPK_ADP).Km_UMP,(UMPK_ADP).K_eq_UMPK,(UMPK_ADP).Km_UDP,(UMPK_ADP).Km_AMP,(UMPK_ADP).ki_P,(UMPK_ADP).ki_ADP,obj
0,793619.505899956,1.7990630875331635,1.7018393480986103,111.9395479184473,0.10820021119060404,0.11116950140240739,3510.0567882747664,1275.1905548783786,3603.1570577319612,4060.3059751888086,0.04811365950868703,0.08915623209214645,37.41704781655049,0.010227457511687455,14.776000800599324,5817.2152867117275,6659.620193389291,4045.8802869272477,0.06672037986566423,0.3103914605277916,31.345959227595174,4.739890102049555,3295.301467412677,447.334671724793,360.94518537763685,9.178560247424457,0.01,152.06221279833022,989.7691307573741,999.9730796033012,1100098.473610974,4.21382820879359,29.694449493645347,45.033868710715986,0.002450280490568933,1995.797066592607,1092.6803576120296,270.41316078542354,1460575.3926472915,99.57859121241604,69.51102554820926,0.010132100498747442,96.25616465614002,1242.930074269922,9473.963807906399,1641.1175253104893,8532.296883619125,18.36286976234146,79.15728616606725,32.38625077717023,581.7375005510713,21.935314521513234,9898.375561938194,2797553.727416778,14.609561964587211,40.84396401844634,16027.1956822721,1.6277228043733696,1.7743946654002232,26.927758901677798,5754.140133060319,9724.780931741647,3009627.108014485,2.4219449901599424,12.884387708095193,0.9726655883136575,2.5002535351407205,68.48800121595656,3.6517343754800717,2592.490462998724,2922113.3029870368,0.011252572301093482,0.0728015799881824,2.139039288045559,88.48585166454028,1173.618802626718,9616.954212571538,1.0125405240921626
1,2211893.1720120404,3.3447419247934835,8.290004742870682,217.42629584450114,0.7958630871424649,26.12419377547073,19.14652757283453,1571.499333309106,4.703171916967449,4060.726842521135,0.05507096789536689,0.08637478132726716,58.46700590962697,47.7550719633411,22.125609269273582,1261.5994762446091,423.9801873758007,4031.4655690479685,0.06508283247073997,0.5131828674885751,88.06013177588558,8.336042934747562,1221.1601816683092,1128.0926461150434,792714.1473784408,0.17012836269770218,5885.512627304776,8896.029511725357,327.8366191844926,998.3641663206831,566489.1599821696,1.636445176673841,15.288631752332472,2.7030723521374673,0.002439460662764724,1111.7557731410318,0.21494956968741083,345.1783319855063,1234960.6949055777,9.448503390873185,13.716200664367491,0.010510734030978375,92.5038857975254,264.3797888173861,528.3880122123337,159.98882407902815,6583.051023600937,59.98721772535897,0.027307107050199682,91.20450060862721,8709.169261231425,1502.9964744624415,252.5144961617423,3593012.760364786,39.993147046388025,22.586672412644006,14181.900520926478,2.651841377857803,2.1322070204667956,15.842684682575179,10000.0,254.45303553864252,1706722.1690490707,8.389879941609145,13.221913878253531,93.61623497114147,2.5022040466252453,0.7067895915751993,233.1857228734884,9999.896803775433,23219.427191983894,17.78573266348636,979.6814993323835,4.835358665791785,15.054548856736657,4.19550181627054,273.09757075444793,1.1355389405849685
2,3548420.327182121,0.013166534333757684,28.663704299407357,314.1772565331089,0.027113297938506583,0.010000271483027472,8901.609119314408,2208.8129261914296,23.099393237855054,4060.154787394085,0.03250929361022087,0.08600596588196902,64.42313755987945,99.75582920196335,68.3119242043054,9507.099653597565,9980.45922884248,4059.9959084756138,0.03412427990986276,0.41405318322456475,89.9966724798566,0.8440787289503701,406.6225087967241,7390.064218061743,18869.028365797098,93.45349200299728,9.46742452979132,26.10027837685299,904.4589524566212,1.3298771653600199,3588164.7129768496,0.041387629632163726,34.21615142245383,46.40150972146095,0.0016338127290803663,1024.6795056055466,188.3743971522677,11.564117517818442,3032471.3436589628,5.835374219453708,6.433003549636396,0.011780140245771292,92.67172200424484,11.027727955225437,9306.098418519447,0.010065412181587423,327066.929592804,2.974103138815261,0.03333571041938279,0.22759283435773456,835.8675743989095,7319.562329405745,2326.5216548515946,766617.444809863,10.668093450744191,8.06529099946029,6006.038722262796,1.3825175648556667,2.184080675748695,17.48791736663063,8715.023881374127,1772.2963047492317,282923.2458849057,1.7431070577201055,1.1746476793449612,11.336092403735185,2.931802999682176,0.4299043973748352,7482.658548708472,485.5199675271929,2395057.868627886,0.045261764724790265,0.06945994033407636,1.7861786405146405,17.8879609247894,9.369848264962656,276.0357391458622,1.060591595735153
3,1773438.2198784505,98.69102058259656,47.70871383871566,275.6756383782962,18.043994626518153,6.285534166436835,49.292053060093934,1245.3379662955938,9704.718101619137,4060.7830176032135,0.032947299841122255,0.08629451558425758,31.275766483316644,47.43806866023377,69.01539547288212,8630.064087801826,9993.904978962186,4060.043572285634,0.09746027406965523,0.2086286256632252,45.88104817750565,91.11013747599384,6334.818608144408,9722.290848595732,300114.9608667887,5.827698910140219,318.8694945075121,22.342444463799044,970.2005539752428,967.8178298485569,2519690.417293447,11.230807721889386,1.4203977624346886,6.658266921317199,0.0026524260317636497,6967.748043564055,7224.702275452183,2427.266652907741,3591550.5242439536,97.50060049328619,1.1400134701002504,0.010201725455558055,99.99849589236237,9982.984385301741,5989.914088404282,0.07010243915393184,740.6591621624735,44.51243040551144,106.29655194213383,2.6325376506568356,7753.9785132838,8184.380357214567,34.82825477693723,2449380.7000643555,8.087201066768902,8.031477598743816,17995.483639279286,2.0698998735768215,1.7031448092900812,16.713591260443398,0.2537437515083794,4196.636610402561,502653.7513298891,99.96792184252428,0.04860526528460617,29.669777285240528,2.500167388018846,67.21298844422448,7.739271910300095,86.91106003405294,271688.06086157326,0.16604099617349852,0.07120792506222191,0.06129953747178925,0.016271216346246713,10000.0,1653.065709251883,0.9175730170173018
4,158435.94811115437,0.010006557114096705,93.39494155509769,250.72072918181954,80.57705092176678,19.454201072595602,7064.080586040192,6244.118931198972,4.1983791427523744,4058.563548893985,0.09610243261704488,0.08612589593118306,61.250602112753356,38.254817972664696,36.33926491646188,9781.288551530937,4167.989089161702,4055.013688577007,0.03298580063187838,0.2766172154127309,69.31090994290585,54.41981302193336,925.590826063803,6325.022850948784,15300.495157085059,1.5994974549393388,2039.462808487564,2176.0085370273277,508.01961342558025,546.2625526019572,141055.3538845987,0.650187635703464,46.66787982163958,2.458627929526179,0.002325232559186853,348.48537798699454,3352.8954544492326,8649.497142075346,3433737.692982849,37.50766435415393,44.928024196879115,0.010130532548798043,94.536114333146,9935.91953836623,1257.1965706939864,9999.76639776813,31886.363649651885,10.328579451749176,18.985220555969093,98.22574144508965,9809.800127001892,72.19209171261811,485.36323638547077,1628078.3572760266,77.16414904736288,5.227894070633499,16150.837512851203,0.96460098604626,99.86493313366685,34.10245288577309,3967.3317364894265,3041.8570889189446,3553612.3473453997,2.3072920272555444,27.061547964230346,0.6303369304974317,2.5003511486188787,90.53231125778669,4362.909014073311,6594.9879800388035,992.985711717821,0.11255425063516027,0.08361081486914516,0.3399138477981985,11.997326381036885,9794.988939905661,9780.951952175803,0.9823261549685646
5,3198676.059335447,22.40062256225535,0.21244513817750932,180.71699901829592,0.5867613994590472,1.006441135663829,14.544626943573666,9582.411167145954,5204.030588913635,4060.6683528905646,0.09660861331450929,0.0871822482914017,89.98406598912482,3.586345670836297,80.56100901023268,5571.823264223497,2878.4921046467857,1900.8565509962334,0.05704457114394555,4.570807220267835,89.93447465882748,5.09652043962169,3949.295356774453,394.19467762403247,5807.493440844601,8.675028528755485,379.81573152364734,5.656566629128258,184.1250604827488,886.5964809349313,40994.99689017347,0.13523824403502724,36.09220441051784,0.19522055467026733,0.0025577969141076756,1415.4962894282446,1333.4517091011155,43.31832425460136,3572230.9244139823,5.718622700083889,0.9597640990392907,0.012191907844070348,58.66362688012831,0.15734814796856508,242.72872778260785,0.010001895287819813,1351485.123793436,1.575047369506783,0.0890097848422809,5.096383838315278,0.01,4401.293191302423,577.7924989803123,1453391.2530470437,1.8177140073082603,1.9257928993490463,13221.59663047774,0.010047891885640727,7.4057139727750245,14.294065493930251,150.93757825106053,365.5682084602469,153684.12481784972,18.13769328001051,0.059709148961157706,0.8241748511559989,2.5009593881550596,6.013313704243432,3.7135086410948785,4343.587193781621,774529.8021018542,50.46860715481501,0.08005042953375695,0.03341219573922924,11.256827791378377,2006.2964124002215,926.6619045033115,1.0926564238057952
6,174795.12473915948,59.82622723677624,1.400841197691453,256.3588210797128,0.367604377234012,71.82223984648193,96.71619441461965,335.2304164899504,8191.208982734376,3900.186415773863,0.088876496119055,0.21014440552231975,88.28515787694944,7.7070765808270005,36.49572933137168,4998.5916860146635,276.07808333611905,4046.792483466808,0.039564046961838135,0.010002091831533406,89.99250014325455,1.662545854724439,9553.952187665438,1469.8756103206497,360.0,95.17632683900182,37.830365575663436,2.5869539966035333,999.9120182033558,0.0,1026466.5766825352,6.526785092622685,5.241119321849858,1.8434992054220225,0.003109245779453966,193.95114503448474,1.4503247843357656,937.6881764831744,3580518.154281835,21.63448757861904,1.1180416154621153,0.012384086102132718,96.23107791949553,1.7866371839032824,3051.768576831825,1.9154141863392091,74440.09568634885,3.6566867401506444,0.00585867955913766,0.02319789199523602,6720.232752765692,10.458671348183652,504.46412932405303,2080444.3959463052,0.4764908495886291,5.437486020414305,17560.71795230475,0.010003976946709587,78.6307902467957,10.791684680953889,15.841339608266608,6203.012397853643,3527254.735215522,37.588556485090336,0.988355843372006,8.142590396513262,2.500003201088487,30.42468648920246,2391.44449888525,315.936997011059,2518.5304962435,0.039101356874326164,0.09645650144136617,0.3483807942927607,42.56500022086861,2514.512545707131,812.6522186857972,0.817408073554287
7,707100.1705267963,6.2896091610796905,15.41822936025277,264.6279344039289,16.022963438662597,1.1303266061935808,3341.5325416039873,2763.114085835292,2641.7392179830563,4060.7845564960508,0.09656100529077427,0.086,31.165283727563498,95.37158135286629,10.734063820601783,9949.784074819603,4178.613184452978,3680.430995022477,0.09368872779824333,0.7883040951434812,48.09554997399682,6.399730518762807,10000.0,1922.3482504593962,360.0,99.76363033695137,755.3780840081371,0.5243963011190883,208.82959616012099,1.0702507065337998e-05,1215790.5011849375,4.192222039742776,5.226650342248742,23.967955757187745,0.002734972359973294,1361.5801104285906,8653.496708517152,2632.8515310438775,2545162.1828923756,2.1398991895157597,34.42366644822925,0.009899744163939293,5.260704407875244,1359.48950941818,90.30447141248513,652.2070690360406,318647.375667696,0.05397680080035404,0.009070216456061682,29.813456343034677,695.87802388137,0.01,564.5512356008404,182658.23763859167,18.295994007457796,0.2376188577449283,17998.500032299242,0.06390314657230481,2.7238091960303707,9995.26336623853,1958.5077648783604,1415.4283394442277,1205780.1687272969,2.2995973023967577,3.730723701162563,49.25372952611678,2.5,0.2902418125477159,5.222618316237919,9450.681850536079,605441.1701114819,3.4085737688082935,0.07707974246626328,0.1281501033378406,0.0968144473491626,124.60174846861895,4625.844540006532,1.0569607366907796
8,316032.37290902575,0.011626612221591845,35.65710368609861,297.10397741499526,25.993499289531226,44.45760767433114,9999.999822396747,9935.524723887691,1.0607044180832303,4060.794944235528,0.03429374723230903,0.0864655735637694,73.93191183033362,2.8556801765812634,26.787891684914282,9914.187378139874,5296.572937896703,4044.6413759240336,0.09695696188964503,0.37262699356271795,78.28778126432304,94.72741676586327,497.5430148838496,3336.463425748302,7858.404959505719,0.01210222003714163,569.9271426702139,0.01,60.10444837723413,0.0,418406.7700373898,0.560730382713867,99.94270506973156,0.19264669586703248,0.002228824116852991,3241.725646066733,424.8256508625323,11.020142912231702,3586792.4314179425,67.45873809267724,16.58010066539135,0.010399264495118455,99.89353979033966,6123.256289278863,554.0057640199935,0.27184268643364695,63272.0318905218,1.7544631670711575,0.04911564102856492,2.5075890405278134,275.25669552593524,1317.4484765114514,332.29768815131155,2400511.384499417,13.722728566210904,20.995339241985974,16561.80013481367,97.3981194998155,0.546341695045095,5.395151947426159,2.115175132989166,184.133333807631,3596484.688589961,9.945107544481909,3.4899998414368993,58.34758266153199,2.5000528880392787,0.1836476706866161,5145.4687952571,4293.443738001381,3143506.558505137,2.4988422545345332,0.08022659192093613,0.01000012486612011,0.4737460853559608,164.83282757354303,9710.412682866981,0.8643010642512754
9,307981.3308771325,0.046193593391476905,0.5534011768446122,132.36653013299357,0.9296980590681544,37.54540504526731,1158.5035569168938,1830.8957972892335,570.0195935133218,4060.730013848616,0.08007508978324392,0.0884106631034727,57.05813749837697,4.676135792424929,9.268076656417529,2605.4429966848375,3345.971959447887,3996.3487895250487,0.052171764217386035,0.4401654055100826,88.41499949174742,9.59151804762782,9171.478058548242,4246.154695371438,1988.801208876451,4.723185838185079,0.03338460331738624,0.01000313702109877,0.7283780750988801,1000.0,270571.0913406533,0.8148905622249266,34.042687783797845,22.943839778801046,0.003428820921404616,351.93454994137414,870.4500002552888,1454.8715710207257,2262953.6368578654,2.7539449650497043,4.749137649760223,0.011144171850556682,38.65137281771607,9988.451843049137,492.7723061546472,4.008031046884144,21239.69192483361,8.887628773932992,20.16938610858807,0.010000003319751677,43.15580440864181,573.506959935021,1838.9951801680586,3409538.70610215,1.5889565199908748,98.17852416346537,6191.686058038803,2.6804548038099654,18.028741286634567,0.8573190473020859,4247.578013116955,27.99930314365395,1506016.3608584178,54.96853210899688,1.8874220627888267,25.06563758992937,7.168210355128157,1.6909514097544132,9833.235954895079,347.02579944266984,6291.471243943471,14.699431729422097,4.343349438783498,99.80572712351773,0.01693602788711455,18.8221712587624,756.8636798604482,1.1115886354822595
10,393169.73935709073,5.348412594667749,5.802735864645169,313.5245025882038,5.041485077441331,73.81728515790874,30.28893969734076,6.8464692302102605,9.532058445307284,4057.5435730261756,0.03632471412259729,0.08660021805519443,60.85398245553347,2.6468424382678095,56.28725114302449,9739.65267969395,899.1867331532775,4052.3922674459914,0.033014611921635274,0.2942934286654196,52.21699774874999,10.450800347505806,9811.742981625279,42.12959770335671,111021.38459343751,3.696293084187027,48.39387262994674,61.39859923034243,990.7281392817666,999.5828250064457,157501.32900119713,0.19832291363980253,18.797023445850108,0.03281061949152487,0.0024315102380250563,3701.0239617533866,112.96356921768431,244.71826745985783,1198935.714724045,7.138828160913032,0.2839008608312199,0.00980480652946027,56.08293158758735,787.5252161573496,4078.2579650650036,99.40675545562158,32239.662907474238,0.039232278607538716,0.21503893607214275,17.6390537155279,3709.5230727244193,10.306499956737472,129.15991282014426,2318840.0024766168,91.30370887072404,4.008611442025714,6391.617101015932,1.2019410244394062,1.4163869544877408,30.04698316845205,85.04783854073052,4047.229392455112,138400.50847013315,15.674604551289375,0.16399414270690907,29.245730266822683,2.5010239068122675,6.27223679413623,15.404370805460868,1161.16434611373,46377.47326662683,0.1508298796083572,0.08003383682829715,38.96004500184777,0.05723766243919444,2397.33687852292,9916.879187067627,0.9706939258988766
11,1394905.717198347,6.573843074650759,4.107071575970777,133.2037370887752,1.019511766055041,0.059441336141909266,60.00735797551985,112.87486295620195,4350.810419893521,4059.528076695634,0.09466996086355184,0.0860211862923776,88.09141105263855,0.010000000341686086,27.072168376170684,5073.365264830359,1270.63956283335,3991.883999161408,0.03255486212498564,0.4979162902487843,87.06447617521577,0.010011072907035783,1815.986906464688,8866.856302884418,3599991.0129394466,0.01990390918855282,2540.9501189909074,4.275405697469061,901.8996367833593,996.3561643874282,2446257.766436746,1.8698174530022225,53.53633349093176,90.7092040291902,0.0023278542143304443,2830.277436137932,1582.3429226663027,9942.202004229672,1418026.6894978664,32.8443374115377,3.1977122922838146,0.012903857656682923,82.93502274601035,0.24085468420425957,385.24125985038216,92.94960947916567,18041.417607719344,7.338320065865375,0.012571555942298997,99.98759250071355,179.63360420062244,57.412269534290424,1931.6545177946753,255804.6907239405,9.674717763669362,3.188768744883116,10162.476495522485,2.401519060173607,0.6834189458216949,15.890979908487308,52.455148781372245,337.648933350199,639531.303158036,0.02589188858577609,14.289813037021768,1.7918178523232757,2.500122846906989,13.784546898856984,25.81241307058926,6021.847811625239,107112.79655043954,12.985868367705162,0.08100454397883217,3.2491023434148194,55.636311648669945,5344.425593540569,0.13270265114570606,1.0192821013932676
12,26947.258440473022,40.41143331246213,2.497269346941948,105.1424678366818,5.1955318742626915,77.96479614584369,129.22657481277957,4607.564927123656,401.83155104156026,4057.1953022376492,0.03261733925036616,0.24187667917923333,88.39605557294674,1.9041990853543638,40.49868525595975,6045.076800834375,3119.930252814707,4049.7695409745656,0.09018785713641815,0.029985563877813818,30.000911229008135,29.396778161901953,3007.855479413372,3112.4407944645195,164267.68904679784,37.638106792642745,9445.44996045489,0.01,120.18997956307764,8.700757989761145e-05,285549.78362725885,1.300003725772752,0.010006720310904238,76.21815517562638,531.837313209985,7.410109274940718,1146.3982301496524,1029.3188072681412,887653.0060181475,3.924927411772063,86.69830317338572,0.014682589126082559,45.413320517746484,5.044762776049088,3042.5419863363636,5.9473931752943265,40285.02129859332,0.3603411092386221,0.0036104929022745527,40.03203340785089,119.40803930936822,289.91253355774137,40.05645483226046,550973.3643167699,11.240748426027935,8.999500239040962,10201.194644300276,96.25881990517567,97.28580195542364,1.496605617215494,7713.200633185558,3238.105688974678,283610.2650224235,7.806580009547412,0.01000000044008838,42.91098614823545,2.500384120848786,0.01,2495.5756466662515,9645.902549879289,321199.62022635335,62.38631288859421,0.23034015757995402,86.9435378508579,75.05908791207487,856.6411653674398,333.0974166266219,1.121253733524235
13,108988.57578227489,0.024050081559076387,98.89201921451637,132.58331357594614,0.40574887871630877,6.758313318057278,76.38854833822866,0.9632092738392747,7497.4515181288425,4060.159543676267,0.09588940569802547,0.25441586999917687,48.25671352785378,0.013464516607431469,2.767259895768919,1534.4869576972571,4212.659857369458,4040.4947829430885,0.09666161017826672,0.022064370723758307,47.54905517404048,7.141880268400602,2182.0020916315248,788.0308609250392,9821.38152009101,0.18977870338576083,3691.4184893944393,8265.143907140338,993.2044975724021,964.9621757558866,9328.89464560004,0.010000528245321395,0.09622880346264993,10.222717774939808,0.0032123727418649915,285.7346538572041,576.777527467212,5078.679303517324,2713088.866366006,0.23619759279631117,4.627402979337461,0.010312414256688456,7.474780156817497,11.337551376176364,5671.071505402225,4.69025309837402,2087092.4594557772,9.668115502838663,0.004883484525085306,0.01,48.33774077618181,9933.541661027228,1003.0321030662811,3565491.220032917,2.9015696638820763,0.5245128744467635,14783.56826590754,0.12378399663009709,20.486959644107632,1568.4859167986112,1015.7739108539598,0.2069412646880004,2903173.769111292,0.76240881137544,3.0725160856018285,16.165006113595567,2.6661408770170234,0.5701825978947429,2639.766414767358,5529.110729240298,730.2715136833266,9.983399554296696,46.791536285880305,90.85513813947632,0.16499348195035102,68.36482676529482,9974.501135201606,1.1989629002971263
14,1638716.7246878308,0.010608429931525946,0.010039846492526849,314.9798540022425,5.5605264399339935,0.010000074304899633,5.451784224486809,0.01,1752.0863585330055,4059.703767253205,0.04413383186860151,0.1659294985237027,78.27056829469686,0.015209319332312447,5.912684384210283,5983.583971915461,298.7041541892849,3686.7335656623004,0.050617566745534644,0.5836272387345379,88.41743874590578,6.055043341996333,1476.338849449653,410.1982533949488,1780711.8586471379,0.09897184229617481,19.462176155311433,19.572220200461523,226.45375481002625,937.8794270319271,174038.86623454923,0.011151160634225252,16.69905288163816,44.5915445063676,0.002562803609044758,458.6418089697788,751.5872817404288,9.5003530302459,3473550.544965892,0.4814289119279979,1.8663816532481676,0.010845449936613509,5.343893693086447,0.2651840834425817,1392.3057310012523,0.047156825728313,367288.771907081,3.0954176301201732,0.013368723071382092,2.305741858549928,2493.0540193096863,47.02985756072868,31.768445387321663,457877.1429115778,6.530798439641919,7.428920999479065,17886.01960148823,0.8817626643529599,95.70317429203828,6.296599499972179,1408.3707780765374,4973.936343504482,1081085.936011762,0.49959569637616097,0.2830144872816715,2.5085010348750316,4.757544386096514,0.041498529336856924,9895.028230046139,0.18015363399326317,3029.2649507257606,0.13664358891493095,0.3736944239481221,0.010000764938652009,0.01,8814.706356442675,2601.3773396352303,1.129465462380784
15,553678.3925261828,65.57749973989769,99.60587787333226,258.60922770448457,81.45771312296621,8.704692805806395,1350.1603469344095,1.2433704544263326,256.38381018564235,2565.744575178934,0.052671771877832445,0.25782153228573385,33.282718727169545,3.0025103613548167,2.8798322808641155,0.09980967858537322,28.224977093736236,4040.2398240741604,0.06528656126300116,0.010009456564347877,30.0,1.4078424794254436,319.8188445894448,2158.1130178511685,3068.561096509696,46.09235700800446,2481.8444766063744,893.3717979587575,999.9821759461628,735.5951765876334,3600000.0,0.599424179103324,9.817137044976358,0.0175454485837133,0.006129006546006367,11.111944398468433,0.01,318.2154353587558,3224803.3041966157,22.236341818611823,3.221396666024945,0.010502013952301313,23.446621226986643,1220.2639098064233,51.1817940069244,2000.8556777502422,116956.09409292754,0.4222985811093036,0.004069019720686884,0.08414285984342619,5362.222464567606,4092.492745600801,118.11199660524508,338620.3572385044,0.6130853613869881,9.085958311362928,6000.0,2.3874629190993333,1.8006052099246246,1.8467294669568939,65.06718797301022,9797.018207376039,236688.2713892647,5.253266170241333,1.047569047083406,2.0333188427516564,2.527413157766453,1.33788133589731,4.383429477714458,2217.107101406852,1171920.0243895405,3.9874093286362675,0.14743427727492392,16.933444005035238,89.03577833556993,0.01,0.010000061976813633,0.9117813259924741
16,9103.643144450869,0.11759949028023657,20.810193452062773,297.5925996297858,99.99122873148846,4.909689443288919,165.88100063072122,9.444995500770391,2304.7726883682876,4060.2559470755646,0.08726596101886515,0.08612779236660081,33.804268113973926,64.42134684617024,40.41206491341121,7816.763987507296,2700.0589512321776,4060.5319637508383,0.08952659497023654,0.292332553715588,88.65789593380464,62.43679764121253,8881.818612395999,3031.155678314723,52569.43609018304,7.611191004559068,73.40123679692937,1191.309590334,999.9069416226918,75.53209700509885,3105949.205920642,22.615081449499183,43.20516028602334,2.553754787448341,0.002233087221462992,2108.5452075050443,1120.3941877705372,2279.2392033979777,3542211.5495779156,9.919869170144848,0.26097111283096874,750.0723943576053,99.93956657472488,0.010000073133029246,6688.141082415606,10.501863902437794,14113.734435893308,3.147873096234167,289.52697288834736,0.1986731937222075,5835.447292673065,19.844540100794855,0.03826793516511867,3599693.438626286,9.604311212089916,53.08190101403973,16112.082288844047,0.8520022573177809,13.562229506680275,16.608368901095037,4044.7921461371857,199.7718102092708,299065.9443389337,21.46756734060706,0.010125097782192,0.15863068617117393,2.50001886767975,0.18665405840270516,111.36535247531091,234.68158529535262,373345.4182579855,22.70733310720978,0.09809539271733361,0.010000122867077651,67.49815307099121,224.64002046600015,4754.609933688018,1.0888644772790583
17,1055602.6837467004,0.1391168225689539,60.334973522031106,134.74756206700047,0.3607920833729915,0.05750452751969352,98.0684759558128,179.7214905734645,4.9311879565513195,4060.4786740709656,0.0961078635561505,0.08730307436512436,30.0,0.012674828999611304,15.585637456803273,1752.621805061292,328.17247777666495,3369.994807582886,0.05237455705643947,0.042582307573653166,56.229216581687936,0.010036392748433504,102.40114432636233,4725.387855462161,410529.21081915876,2.326582777537112,1122.0173109575044,509.9929790549954,970.3141346339305,995.402544748536,3600000.0,46.32139093699015,0.10286346989256531,99.56466929315506,0.011668292909597084,8.714105619717227,957.0193912651074,13.811779750175347,2236256.0174953197,2.256427888647358,0.033016972512566474,0.011571625326326761,85.63012715734784,816.7881741644082,108.8762915021394,2.1066742320745377,103119.18487704027,3.6321259483378596,0.002834010962252904,1.9179123051566096,151.38228516489042,0.11706301746150474,8295.732797837727,328731.84179920395,13.007537004353209,1.9387126427444985,14011.564100501722,3.22256497031444,99.58271495669266,1.8333736059854098,118.53535532512639,3123.2657186137876,1902074.4135343635,3.327532066495619,2.9103589468078828,13.688281237004132,2.507385784714799,0.2443920493985813,15.44036652776474,101.28663096476518,649.53258403507,3.211581181894274,6.495353746453112,87.99423541762471,0.021009965092358036,391.42090312388,50.081782563857494,1.1631619138370566
18,267317.9423443045,36.72713148042933,0.7884066497859339,275.6633241742996,8.062221013295687,0.014879513477634037,6908.476563406935,1677.6207066957184,10000.0,4060.7999999999997,0.033584413172283875,0.08755423393820191,52.656033464342016,11.677865293184247,44.639093067028924,9999.999969435665,3195.4044565419017,4058.9130525277774,0.06260500315318186,0.3661041470152512,89.8292935846681,3.2249253936735993,1352.188949082958,1446.2114608913653,245299.8947934729,0.05241800214233322,0.024150927883461397,0.01,998.8651713740744,1000.0,29008.337830033935,0.031296171375821004,13.634496257838627,1.5432618664903281,0.0030390995178779232,4827.860580692304,3954.721143297802,0.3328484837317817,94540.91109039438,0.4128049634033173,6.247087381450792,0.01633404349159424,28.258817766245816,1.030926735652966,489.9585418422487,1558.5093519217494,144158.31620802483,22.025122499879558,0.011519030040446979,44.337865776464234,4338.816430988185,92.9018173181919,626.7256592849923,1485462.1174203139,0.9995673470240288,5.447770933496725,7504.751706190477,0.010012752616515842,7.4400024056737255,4197.862380886675,1032.9791296538208,318.4366129799774,1009651.0215794452,2.096253622050161,8.729840124447952,29.471903101763086,2.5035607433917297,0.2612054933134039,15.503531294708482,7244.871724725887,32408.427198040554,12.651156412566655,0.5606078644459948,75.88528037633046,97.88991078171836,0.3509638631501609,752.2233502034285,1.075518797228485
19,100674.68990380823,99.99941883875778,21.344180077723706,284.97123585929006,39.547036674870846,0.01,2962.7991954350045,91.26384629223605,453.8823878478207,4057.2905919943446,0.06709730147978184,0.08751701222286457,85.68313241713281,71.12902144954923,15.127634130752954,7173.775819944127,294.67475992536623,4060.7916853130787,0.05730551120493698,0.01128651614763536,31.42596211509477,85.0058444904458,167.2898415363097,4512.6773249827365,3600000.0,4.885093625339004,6584.813349007573,0.01,946.0970764818933,997.7776988478894,1695011.8983221601,25.916483582177065,0.054645746952440274,99.37179353555622,796.3639837005157,9.096803117962605,7066.446922855033,7537.606983710418,3511041.394324587,21.26793549554424,49.17738466939449,0.015436759528427952,97.92619220939672,0.9849231689254934,8907.636581335593,23.852094354569218,549052.2255740663,36.64958202351901,0.002832644075512322,92.85628298136079,8197.306947963127,6929.584732157804,587.504353051209,877134.9009303765,12.349875575002775,13.896614491367043,6018.8904913611295,99.29860261851107,97.63853468688086,1.2594289227524273,127.26124798322014,2537.528616785118,181507.53761888752,0.10367544387676056,0.6799315104138753,32.416955668809926,7.470557334238249,0.010036468155845586,13.44926517427783,944.0002532896232,2600.0476468187308,4.18445396963155,0.3536092056022822,34.98697593001133,0.02728274357129855,4582.995902295487,1918.3197347635028,0.9947029245495295
20,138906.37559184348,14.699557356016522,29.51928070002122,250.5214887976201,99.00828597321659,98.1879848592476,158.02165330251586,142.25137485654656,417.30404119988503,4059.128305813169,0.03266940061327003,0.10567835990916122,75.83961681821758,4.046736427800113,20.731314842101007,9593.560766387349,9561.667948939948,4056.9915096253535,0.04016807192808394,0.20044649740605477,85.67149025864605,34.19445961849713,540.9741536833122,1449.3934446320475,293289.4980415589,28.554642625636056,0.01,328.1490485921745,917.2849840358485,508.77253122428675,41807.63886209322,0.010008742108177291,9.34110235845019,8.306363651807303,0.002342891428428985,1506.0595887902,31.425368008634944,1546.4742429447729,903239.2209775473,4.191945673875683,0.01,0.028758408228188006,7.442247681818337,1.636929121566267,222.66917238799584,100.35731236968361,382947.91761159775,0.5546253543482085,3.944606899104064,11.623292346542303,1567.7325452591379,3459.2991794712857,353.44458788646006,2642667.2027021213,42.16600758023399,8.43936607409664,6324.39322447348,0.5052707236986959,4.606198205975117,4850.330224497209,896.9239322997291,883.3720714563311,94270.68982922436,14.250730955477009,0.12091158198592379,62.06239338900706,2.500333222318919,2.968336462680875,932.84232598745,155.12629235336172,615752.3659217397,0.6743490715416995,0.08521019862652776,0.11971439135840878,8.21319860139029,2774.4691322808067,2.3497432222483114,1.062199531460171
21,295575.38536395086,0.09056083347374165,8.79374006243241,225.27569863991042,7.7730346221354845,0.6707275960077744,11.31730770694519,662.4896519045527,208.1986360779197,4060.361138960852,0.04748145162524716,0.08600169074117296,30.327771720107638,0.011815671619464528,5.760017681653739,6855.470062602721,2863.6673250018357,4059.4280188502808,0.035512584555718936,1.834880838263732,53.41148684687043,1.2488830464855445,4043.6499635732716,78.64244416284949,69213.48894136382,0.019220164380706693,64.42774823001531,0.01,3.523314629772453,1.2683394054551953e-07,735547.7711147885,1.5169759794391613,15.428348848337821,37.54450850191801,0.0044372876398776915,865.0474347740306,0.3200051517575773,1145.1735399387892,702627.6513705993,0.30728521744529946,0.17594660378043905,0.011934887321997923,4.941153675216067,19.67471398966805,8.206866848556,0.021371480159387623,118784.67349420695,0.19699738139086662,0.009375192653133987,6.29173575693507,9.760289886329955,0.235405490515541,7788.050833205885,1806577.4696006116,13.23704356811253,0.7011504734516734,17187.925662065227,0.018402954848358345,83.78088513630276,7.297723553522716,776.5038993112257,7767.0700384422735,1720189.8462785045,1.2066802849145535,15.882961147389548,24.387698832422096,2.503983880063337,0.11237140631689448,26.751642922404088,2096.7832927135096,550.5334061080138,3.393144398006272,7.252284214105413,86.64152049244078,0.07951375392843589,269.0998182767654,161.48991121922816,1.0838952194331952
22,2390237.791907455,9.46010160301212,32.038941144132515,314.38330447377274,0.7843940449840668,10.499353245066743,8846.740620247367,6.940114865973614,3.6343220729379153,3982.626815599262,0.05031292021690313,0.25295490758896894,33.014285840175916,77.14774239948773,42.29600898397631,9630.619045128662,4714.8805406542815,4056.304372699011,0.08739195461048357,0.010027224361481155,31.648427388772085,15.928978281033572,737.0260673883074,6151.530292519114,644.1910554829128,6.935824821781218,855.3083649714224,10.80405458492844,0.00011043223221718174,713.609731822138,594855.8739508725,8.0193297802371,0.028889819710867647,0.4648032315401734,0.004051823623066447,7652.260800959479,9872.419834153383,374.5505395886344,1289776.1734533703,4.334102986679598,46.91541892020782,0.012066663480523787,99.08685862435347,36.9166063402131,9801.921333713037,2.880968394632276,179392.4180123593,0.01,0.004845637659539791,91.53391522739584,1595.2876384187605,4553.070527820821,0.01,3591047.058781666,50.41359308039439,13.871583614108813,7578.915943454062,2.888816031033454,26.12909829574725,2558.8635970498,1266.9831374303035,9.640344120974824,2376369.8066900135,0.09402017234606527,9.049494621056313,61.23886391201205,2.506635943655496,0.010138664049968648,9497.483331559024,6639.868430420635,52002.61524104828,7.287245695150257,15.310145173807328,89.1225980367971,21.489262830425147,0.3075138922754473,156.4822988815849,0.9456533799847181
23,2884391.4565596953,1.856459313825597,0.04522447487946032,253.22181346278654,0.7611733097886446,34.417356919580044,7.314403496552016,218.24701709007084,7950.805359826403,4056.9656761215806,0.03735548207907019,0.08754045178774307,30.02360031142106,61.503469285882964,3.8427422768080346,1429.51948548553,456.4881305377743,3495.060339107719,0.06647070805147198,8.307592116803315,88.67452518200746,52.674085014446355,225.69316887529484,927.1379992997481,362.2335803947643,99.07263256731352,1583.3884273252156,2066.6647494971903,24.344546226388566,0.1113319484003805,968020.3268900124,19.82891163103193,84.72833145968977,63.109168965401715,69.06218561881361,2.522836997866879,133.94129043074713,868.9132621110571,3487097.6462368276,0.31138540418801847,99.77102365268918,0.01196289562885844,18.078646740595662,0.01,66.39540017716384,4.718278734873586,60601.15511807773,92.45002726819003,6.459037393889953,99.96660760152021,0.6034322444438921,1701.6007419644284,10.03367349202005,2097967.7225547335,13.441131100313344,56.18261364185458,10279.010586223043,22.249389434881216,23.11592677507871,0.3951071012359556,438.17947706061295,2746.9907762234607,1749049.5273583895,0.0825634873736184,2.083439735108431,4.802295171879246,2.500633345688781,0.010150725460115946,9212.089806579663,0.6465623679642423,71207.02759612206,4.235875389793574,0.12503021636508166,0.013367966508090344,0.05597383636787568,2365.580225609435,57.590386719878346,1.1938369613360589
24,141215.0835428645,0.7269531699400017,1.0181059718075598,184.5165927210417,0.1743625811060971,0.4533643669560403,12.789527067654952,232.08535585222987,26.98148550589047,4060.5024525502636,0.03250750255387949,0.08647868108582385,30.386739905001374,0.13891946906155536,74.58186656072242,6180.512378124392,808.2838362658971,4060.2663038756145,0.08145016167193082,1.562260873403228,30.03917520092449,100.0,35.112228472251765,172.4622388761051,7777.8622005863845,0.010021198080977107,7.850909373510239,10.007657870292531,957.790249538658,825.9715220932778,559501.9987413568,0.14980297550109797,0.8967802756728892,98.72534920980712,0.002563649426395939,5888.091980137849,692.8339360070574,911.5088653900792,196577.9180858845,0.8717213871660435,0.5492935754706806,0.01035511365440946,0.78177633166696,548.8994631113537,280.90186750468536,0.023263196182111767,2266.203525094375,2.9018029410679347,0.16197051217692104,7.81658116634901,4.534834193945654,440.850437048856,0.03844390111916068,268013.916678151,50.55459220614365,1.2519723302500674,6000.0,2.853506528207597,2.3741425034549932,8.8036646019572,87.22910510170276,392.2707307717905,1096775.4328924436,3.1609477763440643,10.119575714199765,5.497507975030081,2.500280238625375,0.3882726087233167,51.00167449017198,289.8388974479606,360.8226891671081,3.2748677996307274,0.12861089092252004,98.83944006721849,54.196893873661196,163.5503970583262,781.4871997597504,1.2036045797748154
25,2712988.462471877,1.9896285213921687,0.33927452644967027,177.5533849034062,0.07641032696241011,0.01188266797075209,17.910394927219194,9374.565295777476,37.38945823488145,4018.8218919946507,0.03250003721373836,0.0862616525619704,35.19516631660049,50.04704761787873,3.735100878353424,9768.075271951593,6937.18165484386,3788.528042937627,0.06290095448826288,35.68688395293326,31.028701476728656,0.046504656143932385,0.33276084559262814,9876.43945886901,2662.537735162916,0.1903292131646581,0.010056459882242241,144.81179622634366,193.8370904044404,959.9504381919885,2275280.582882948,0.033096348027243115,24.725447614736847,0.015800239465892405,0.0020062202469930948,26.020733928188992,8571.454273472244,2217.8179392860384,713681.5875512373,0.23694216738679238,8.569897026409627,0.009614613463759747,13.679438529902452,46.162351216794576,32.87718818313615,893.9349593241622,207056.90021729452,0.010000000316394152,0.003717192138465632,0.04892082707237515,9766.121661662293,216.73363981082954,33.754112900031615,708247.3605689971,4.902903666834426,5.326083509460353,17220.397577235366,1.1056918027201095,0.25965913019212905,17.340051347882383,201.3619182727416,615.583283207454,33678.54946307357,0.010032932490970457,0.5592805649524775,34.648001511324786,2.5010393968086118,0.02857962431053029,7864.786718960811,846.4363411345033,22916.45832044459,0.010000607696973574,0.08181376309476031,0.21308680011558787,15.979084073069197,9199.593261342547,1880.9070668521597,1.155727481206005
26,2317591.7219835385,0.010383615902419511,84.92163089537529,126.7139886219948,99.98077241415439,6.3324041127520765,2.9626481741394497,107.73304032796712,5.766419942701534,4058.5065218346053,0.0420333227890613,0.08665160053547603,83.64460291535687,0.014539458919846331,45.94196804662931,4153.212446770208,2473.526866476681,1408.2516167717379,0.03391817747516213,0.22758672775118846,78.92708284528257,86.71879043297388,2981.748242350214,926.122736734446,8893.450474744388,4.2569189601524675,21.55699065706519,127.81890537958338,986.199944029473,942.9601594061907,79566.52668514302,2.9674444538284463,10.025010892037704,12.486669459757742,0.0034015063822318554,2321.2948294259877,173.1259245028339,3807.94483382265,2702209.2004313325,5.916271777844538,65.55167547447216,0.010476772111540626,9.507984242034395,124.47172191885292,7631.743585421479,4.213927927394236,451534.0575042287,13.026351250376663,0.012152799224943441,11.793230592645845,51.10466042688551,0.011946980903602234,97.29929512816408,2439261.117346658,11.650917028870799,30.55860787260394,10451.487285788466,0.9819126494034868,68.3360089864315,6.603556212043258,1751.6685659995514,3379.484220290006,676314.0835693509,0.378341799906617,14.936355661143486,11.524964218992821,2.590004223948695,0.18468117407576323,17.08259882906487,7072.12890455725,4108.239692413039,95.8285867791739,0.5608757878461885,79.39647815497841,0.1707436256197304,92.9838140343092,202.11408200068442,1.1527414216345582
27,406331.6014145702,43.742547402089734,10.052152873739647,105.7229660608761,93.39008644230962,0.01,559.6984383143196,953.8233552493269,52.051832593048076,4058.4115214694652,0.04401472112033412,0.0860576901740408,89.95929987993311,6.552175948295349,59.22725373388743,5880.383960774174,3018.2171820347053,1815.0475372587587,0.06094906533157321,2.985392544411293,87.57554682842903,0.3173271334893777,217.1451711294314,208.8765649365936,500.3551593430831,0.05597362445096035,5127.43940595368,293.9120949925512,30.71324648891452,0.8699456679530183,1667664.5572934037,7.2086568601650995,17.660551547249945,0.21325196092867088,0.002497227799604161,258.90158738663325,2044.2810218358795,4356.017647866035,39978.98328846162,8.322636216107245,96.4949243246562,638.7845240080062,0.647628907376198,2.3230599644144276,114.06668159884912,4.119971460095741,13813.78764667024,11.010671769636668,0.0034184478819397446,22.51510546086871,55.98371540896518,1819.3798633452311,1169.2292463437607,1304610.9709204119,20.713079663114772,6.755456541129391,14178.340531009093,0.32429652399194686,99.22851338568829,14.298147922868859,3150.617330131568,6470.645044256656,178891.48336830075,8.380959859513894,0.14686006174498456,5.8648670081427365,2.502967490567937,85.21859254327823,3.643578059275853,2818.7410811312466,521178.50825605466,32.92235266764319,0.07759961319046053,5.059796731492997,0.022885141394909304,441.8472320138796,310.8055490748004,1.169821874868321
28,2678516.345399287,11.986051222917022,20.023963431816856,228.40420904799925,30.633791240220727,2.312481581784909,374.3170527449117,1795.6927004077277,7.3656043920654914,4060.0136681834674,0.05248462533330228,0.086,32.06153640553611,74.23169376722626,8.716221226786804,9982.74841535919,1882.581058716918,4027.6878237761607,0.07553291864268422,1.0737805969504983,50.149052833597295,2.3310688228292027,714.7920070516647,5585.529224329987,407.5595151574354,2.0217368977899857,0.01018610332320029,377.54573235966603,1.5587424415262123,444.70931004656916,1158187.0376754273,0.04996713873438377,8.63666332003291,0.16930261822057,0.00215629489042269,23.779152694279617,853.0301565071526,1792.502051736768,430867.0377803381,0.17855186064772263,89.16482761031838,0.009936514967735904,4.474998453214973,1252.008094205643,2342.6199689886544,9997.633353733725,53629.10280169259,1.8129083120005347,0.00829365429298464,74.20599124390728,1680.8707507008253,7141.433521025369,1102.4400909444885,220806.25105410494,19.961524366424296,2.0554954979802056,16566.733615279096,0.9959362973627951,35.97787239871901,6.587918234470721,9371.716891472333,2370.0288163865707,304911.33319374593,0.6475130255073502,6.167825011513344,28.96017973868343,2.5015120169462977,73.65708436342513,18.170053116954854,2102.410909288082,10057.547130695793,0.12780477178691033,0.07765742327620472,11.55930003497141,0.207918407754243,145.90146507317888,9989.754058193019,1.0219461564748187
29,754777.6439510796,54.186279181222474,57.865085637745366,122.63604402598943,17.589264676571624,84.05897565250665,8595.751675528758,1039.18004627333,15.385391323375105,3273.851736247131,0.09573080215925617,0.19893720083997243,88.20058572608403,33.6029352991852,65.54995261365694,985.1123330222218,16.58402317610216,3606.2578839353737,0.07429528402499706,0.01,63.0379504301326,0.01286915810083768,786.1158790085822,52.63407253050181,360.0,0.9848712847876364,0.01,13.365010072951053,18.194563997020527,972.0507023349529,76819.65270672232,0.9386437319975374,4.27425184886634,0.44851839099245766,0.001,4893.171809723264,271.2253600234437,8187.901474531834,3572028.545496307,19.923494959045588,6.206757292589147,0.01090182125233413,94.0769120330949,4.601497131176341,113.13989005384333,462.56252558123015,121744.98909456079,3.8288948649275705,0.014713492394856347,0.028136517775500712,1374.3972300558532,274.93371863318856,1477.7121277936171,3168869.5982139506,3.7019933440813775,17.318951095753906,6000.0,1.133232597219815,98.66043816179496,3.72774579931247,26.98043512159346,281.7087387028121,1067400.0735386838,0.037943697284895855,0.01247410015743724,20.748641785330545,4.916888802393719,17.14203943960626,373.9115142152744,1848.0426908348095,89366.45352620339,0.01791645057014595,0.061702039895686414,1.304079591653024,99.20307060947947,5236.491790253302,8452.424841355723,1.163675067354294
30,767797.5776630607,5.203205797585573,0.3592882677655009,314.44639664011305,0.1282313376207519,20.262780550933922,37.6283987672421,275.3488403131753,26.906788531361606,4060.508429331823,0.0786981443578236,0.08632065833626244,67.45672892308023,0.013237251829610847,8.921759255756678,9880.918751562655,4094.8324500125686,2801.611613823037,0.03302399280301607,48.00910756389528,32.52865872360252,86.19278534898092,4640.782010103536,8379.228321401251,403620.13367531187,51.129099276622306,287.2424085310245,0.20695704109335383,508.47133406628666,965.9692345712751,805904.4940718941,1.2891078812991934,75.00997226775527,16.721884953846196,0.0024423736162585974,25.917653149501625,24.019518822839153,82.91958396644898,593138.5412422046,4.273626381907491,8.62737155220332,0.009789917578527265,4.120139765878159,1519.1347172056728,161.40632413282557,286.50589185294353,34330.97243148513,4.480541880455551,0.003518632169261311,27.611211340118587,2686.9320124085993,1226.3119002886797,7387.615336497049,1476594.6240951498,63.8099164857153,4.172305261312701,15008.789001804817,1.023018099973436,2.1696924044359047,22.355228480199962,3980.859258771104,9835.884762120235,1778586.714027531,1.4517103864056675,6.979926575745684,98.2369522678423,2.5006681279246736,0.8161806120350245,12.2590874985871,0.37294815918723506,376615.23932569014,11.262706531989872,0.07738059849581215,0.7519334785410456,43.198974922708096,2574.208444518549,4.856824440932384,1.1304977308775974
31,3180937.1576374285,6.548006111804049,1.5587396296556586,105.34999700179385,98.51936264362249,10.875063721797739,4892.837639104241,158.85176029306314,70.51442349539715,4040.3845889320023,0.03673390933293879,0.08622888505427866,38.90049044504048,0.013980797468422936,7.266227334831718,9978.479583606248,10000.0,4057.361167442322,0.035934690477080686,5.8726432935205635,53.95793815448855,1.3976597581887504,1301.3351970844722,9992.384479476748,361.0223149609829,38.82619708054774,0.4103511239985203,0.013286634248465852,166.27415845331691,480.2465824187881,617682.3149157763,0.054067195908491704,2.196151530727675,0.6304901568333792,0.002335358577083506,238.86465495012587,1979.0976617845754,10.84977016817503,684027.6008267729,1.7104540872620695,0.010038691827458888,0.009867245008519805,0.10846781421509626,7221.727073917418,508.7192005759566,335.46451532539754,18033.293292182276,0.010214269321148717,0.0041313935326943154,89.17127266670217,9227.937032292682,180.55943887001962,357.24756702444745,110470.14703326349,9.179169359719213,0.6101534765554214,17997.384441935697,0.3595420347935262,0.8653009381184547,1532.2210418359698,170.42074213980365,43.32087306375878,86351.07703885915,0.01,0.06301193267328292,0.12572568827919473,2.50015370804804,0.010246536325438147,7.221030688886849,31.761230346027332,244163.34241281144,0.16912566137325016,0.07799986723497856,1.5811937231519257,60.679639055240806,4673.25999150079,16.933019278501746,1.1617523526659639
32,484245.3435815352,26.503574724183956,1.4095789420261553,299.19775130864605,0.7916547679309317,4.28469844733565,3919.6182395528695,928.7432064490632,8.285405271309688,4054.71332443668,0.03395061299973791,0.08606692633457316,86.60816740245622,28.075393718324754,81.20643877195594,3188.2057768700574,9530.533704266922,4050.9145348347383,0.03408115329810745,0.2560083022190518,80.58701168450078,15.174926704611215,852.763859944674,454.06223980667755,140699.59969797952,0.20323130014340746,1477.1533902443948,514.912391769387,30.375447003893644,752.6968166664436,94660.02563279313,0.27547476073892346,13.657688259686022,2.1154676280752804,0.002654219896828902,611.6558549525867,0.9488540391861446,19.384772570718674,3550424.485588723,16.975127385025495,7.934582812553078,0.009852556148543443,28.108846058808023,647.1241931933265,495.64773793879414,82.74001930447918,26464.923000847884,21.955540200730848,21.732172590883188,3.308000791982316,675.545483448887,4.022494128539933,143.97217054711533,1252627.2338148667,13.069879314116266,12.285071248815502,8382.690959383235,3.2364483427190334,0.5579609451579316,13.880226191560523,154.08985210693825,8418.4171562688,3029038.140432042,4.081463227986574,5.1046267990338965,32.80582070306024,2.5086389331838923,0.8984820510929306,13.510396545690266,1.2167138871198875,54074.29261464707,5.39132246111901,0.08062454514053491,2.6983329837609675,0.14656908338428903,3958.6486480677386,656.2435136670381,0.9552519970932969
33,99676.5192832103,0.37664162948954444,10.811861890753717,105.05508826848583,9.783452351239415,0.010531526991380458,406.90177733526855,7.671463988033201,666.8795820127054,4060.6361793744964,0.09166808874787431,0.0863057272199146,67.32340257434613,1.8604744679125365,21.83752244423168,9860.566379577444,1041.8821264662158,4033.660221163601,0.06785088264226094,0.4224905596292156,37.63099528736295,74.68255312487001,406.80837775966944,133.9367212166315,269349.082375888,99.73384137057273,0.9388157185875947,60.04885423637606,315.9657369247266,2.2777341110866898,782762.0251291186,1.7253806755321652,4.327156891161036,18.857772767805415,0.0017143763156739396,9821.981374864725,1697.8547558378937,765.8955807811785,3537847.0207448606,85.04833837637526,82.39822233769621,0.011623219659117081,88.83163471579542,17.202691783236162,146.26771800405655,0.01,380687.4405479013,19.15366670045775,0.023542130621519438,5.931987209069958,9555.880789976094,0.01,5.886359572507022,2113025.141219047,4.072876274543539,11.786277016392688,12384.087286127518,9.66042413117223,0.050239000096933974,12.266869322894609,522.4703711383095,2672.207941547913,935492.361700177,3.5156880154421963,9.327278839893417,98.73838425830827,2.9878443785060265,9.78343774064332,12.836226968096218,400.6166680809998,33256.56588143374,0.010082336952198189,0.0629634321223424,76.1850725097066,0.3223312364840857,89.73209007059019,396.58007914555424,1.0012401626591705
34,1346904.209409481,0.22164317033539815,26.676297843479254,212.67636712861685,99.53107297468692,9.142087872164154,1573.170731905664,238.01391265474552,131.42934746468987,4060.6345242770412,0.03919106624172349,0.08666740108861143,45.71223277165634,2.6237861676807257,11.962925390859336,9664.246536633635,7704.188581639689,3103.3938683874417,0.09005603687038015,15.253707300474975,36.248430288911706,14.681779882349069,9122.335092497653,706.8607914095505,360.0,0.03311296638780258,0.010031104439786463,1053.5980479998177,0.8049913144670157,787.5446692884534,994980.693958924,2.716663264884611,76.91765395981655,4.661830967995382,0.0034596351515535496,2770.1190091792782,3654.471469652077,141.79429605329236,65353.897093259955,7.256943413908973,99.92114865746746,54.405097355671124,0.39244508252664123,1.5280045448566053,1767.6359673722795,577.0371845417612,785149.1742798571,0.1871813275534374,0.001,85.73774272898308,0.01,135.28578898546021,0.010000039939224019,959302.8780346935,10.812450390126847,18.946981638643766,6192.542145445951,1.4670844136114853,96.68553678284397,4.129109768298462,8522.000596520276,229.7302165517258,3564791.5176728866,14.991624545538249,2.395610240587733,1.16572609029668,2.5001185480399633,6.339173634526804,2.193661592721354,0.5462529799716582,26298.908915718606,17.937423111383577,0.08147006127713068,1.570032624630773,0.575050261163594,385.8942922006173,6.4174232742655795,1.2021752617661734
35,1005970.4290401633,13.960607693566928,9.622699569149653,306.7489894758268,6.236843988380128,20.335738177421696,2164.940202861837,231.5031397226901,719.6776417174062,4060.7999999999997,0.03530477990971872,0.08633378438605013,30.874684365693966,23.58650356101087,15.966933880056352,9165.406332352884,2556.5497064274887,2861.746332209645,0.09172904536006142,5.04317524035021,81.003459337752,28.211231299142543,9067.779789810482,787.2854121196473,412.7584348207338,25.447315481359134,1485.902337241995,910.1299008969281,60.63098403463498,0.00018645631034396777,3600000.0,1.3769113099008394,29.11741945425003,2.5167557828482217,0.002204624607718247,4468.305166763815,25.14974195843964,5017.643928854811,420417.07044738217,81.87100106201841,41.995516091930654,908.4054925165909,0.17233423087902675,2.2597161054248995,8802.66369290683,4697.308809312003,32789.73628945138,25.456195338268145,301.7109845132144,20.367088230132705,3.0193909973839985,8424.504038699728,2977.5962811647687,1398670.0858164772,17.61511988952978,28.459899618157017,16593.183929029932,3.6040165933322412,96.27452624650333,4.9894577491542575,1314.7366494615428,333.08366959140466,133418.67015992574,12.448850419758832,0.15449153575302196,18.588601413249258,2.5013425652183074,100.0,12.653842438559161,9873.724420365197,1220167.3438191125,24.733241776287386,0.08773613662133846,0.4659570673794155,0.033811229427707326,7484.838139272035,1745.2611355983745,1.076002296794695
36,7088.46749983247,0.01101534854645247,0.6294200022956146,113.33387514021794,98.93026505099469,18.439912824156306,10.435343471368926,7754.196648425735,583.5391405739962,4060.4392668959563,0.05894069937612594,0.2571415085332537,56.181660823180394,19.11185481623098,69.4841324608666,9914.525176619332,976.8782701410024,4032.2039049870396,0.03421304261529705,0.9858536769970389,78.97361605704813,0.4920583951418134,1667.435638411887,2613.1817879182454,307136.13053003995,52.59401887315469,4128.327070250959,8763.842846091999,910.4614274720035,627.0154614024234,1067244.1657302536,0.22465012456709652,51.124639100078426,5.272725435292284,0.0025026622165257653,5541.658699731048,362.384678163041,4.37628038858055,3571717.69614257,6.859850953545545,1.8338118004028263,0.00997565112027833,57.96648173157027,161.8789913898366,492.1230930586454,1864.6636159743368,67875.46907677132,32.516253872675556,0.0164361054245361,47.9324221371808,1704.6288682623485,176.70549004933977,71.67731286242089,1829052.070582502,33.4590508304076,10.693906338600106,6655.534411144082,0.8655968795818283,95.51349242460714,12.507111428940275,2628.362658798436,1986.7870455195894,1254491.5290781893,0.4806679195465607,8.296914473683112,17.878947853312162,2.503821794187604,0.5311696871149024,9747.398296012241,0.22624011418710901,292812.1219528753,20.960458758077937,137.6704449527668,0.014327141867929757,23.430440409549124,17.43352966741102,338.64988217906745,1.1327273556172635
37,343563.2987324098,0.06431680983277938,6.0523389992977155,264.5276789501009,90.38118005156352,18.733780726008046,14.586949811399219,17.784395108317415,1.2836654406673347,4060.7852041722704,0.0325,0.08618467191204299,41.118317577786705,23.880006886033218,1.645024083220102,9760.979651146079,1259.497773697698,4005.470807718307,0.08882090678198751,10.136203756308657,30.034202855955403,2.0352157924921097,4962.284327523054,440.9065064763645,2004881.3767255587,0.022106618454268354,139.21812798955872,3612.232649922043,261.08485431742605,4.78674557104752,3239147.2083444423,0.7751331678588237,98.78243017194643,0.452038829799411,0.003819988183890474,3708.6412295767664,294.02424291837417,6597.17071523114,814085.6151033802,5.091549658144152,24.824687949258973,39.18751446143819,0.01,0.8892987383621048,9998.608481642494,0.08108118377763517,2935538.8030840685,59.94536136528002,0.025048422729235183,99.92019151750961,0.012366233014945502,9.664312489199057,206.61081416683416,1457821.6645961278,56.135474723219204,9.869318737969477,15360.317261025488,3.1808353036193013,83.84765335145576,5.661774751643774,5947.218917861579,3621.1238379722386,3351826.5685707293,8.734917788667737,15.150123923314817,32.91274679911573,2.5070515964461197,0.9892153179493954,3.6037483764098224,4277.812381339669,712563.517658768,7.689138156097405,2.602034464316651,11.025344197682749,25.637701210214743,0.010000000450064836,371.62002606519155,1.1928135967956013
38,2347095.200777697,64.41651546174316,6.325803413993141,109.41297553933566,80.2785769330054,27.80263505181521,65.22404889799127,233.0800706001652,7672.495514130653,4056.803060729951,0.03252555916864356,0.08985803605184958,30.997606715609383,27.25557508740536,8.810992460587768,867.5565802064838,879.6922483389467,2631.7060421861624,0.03257749836234828,1.4696888436476188,89.13332891941093,36.77638887881376,244.94089834499184,99.6960819829329,369.2632902395709,99.89677830524126,1469.0665153098278,3819.754399051977,69.72799844953603,0.0022197077902841146,3595659.805553091,0.41924031315312715,28.88116581885933,0.15240403207645345,0.002665035521037354,9949.199675083402,0.1144125546406124,1416.8820253868719,673322.4823007715,2.794287418165598,1.688800862689667,0.010163447022625345,0.3457248184175704,7182.979957643513,9921.884505150025,0.18656815185728337,37750.270851393216,0.7245857597437045,999.8030444964417,0.6040449302646003,5.819731520938922,141.56378982614098,681.816457085162,132004.79835319569,1.2200190244145568,0.3118716057178542,10385.863690516699,0.010780904371277225,12.759953847417856,5.451823220154963,3243.238869262445,3139.060304598786,164422.32887128223,26.012666074812685,0.032553614565789334,4.315432665000356,2.5078427286034795,2.870832575026184,3.384422724271375,2296.8495481884793,2484473.709950497,32.60573755959584,0.07092318667341982,0.1015898157183599,0.010737302199248214,158.68892311689308,454.2198413945307,0.9449739619713734
39,1662107.9374395437,0.15957152964415702,99.88484594441871,314.212798493097,0.01,99.95025882885395,216.69841702605405,366.02271373546745,56.92854172913237,1407.0012690597844,0.09669253882135542,0.10396866700417888,82.42981276673204,1.1763274206238565,76.98417707131169,546.7558420837971,9941.07339263378,4060.778811623163,0.09493184596159804,0.01002318648077823,89.99142532426511,44.88574198264047,7047.583940254113,3332.7995247585263,360.7078481014641,0.580207055061221,749.4741707504216,0.01,994.1181263860885,0.5977221132475925,3547140.578119882,34.9926636223232,1.276441476388649,0.19924023436930946,0.0031902991896851454,655.544100878716,9988.546981006464,74.28461771754708,3598408.4255697974,18.845024665617622,0.017298700511623497,0.010804246034308348,67.271224234151,280.64094272255187,8358.10617156062,236.575656886276,24072.29329713843,13.205821591230793,0.005888804634071293,0.017820349029433014,1543.713366032967,47.94056025882688,164.3429725911194,714554.1258464091,1.2227823992273636,5.470720867576107,6002.453325338238,0.11391853587172604,10.619650276087613,7.058515417189763,1763.9812324189215,9033.12052480998,3549570.9776981617,2.5732798566210815,0.012217992596333344,0.9603369501936339,2.5005488530036097,0.012402132168401372,1.1195620211284643,6851.42527145834,5431.799702106276,0.027063981406856077,0.09257137098035727,0.9002311464874304,30.33292431143839,2004.6958373327018,373.47060142209017,0.8066513139008211
40,1365704.1808039495,16.116478267061552,3.7784295661488807,311.24886731661826,4.968697612003368,0.9018867396885145,90.23795011303726,1076.6140296941633,44.1558119526883,4060.763959487437,0.05061860778907259,0.08639057492911253,89.2937540424986,0.01,5.9425114243588135,3106.351885229184,3538.9764381237483,2034.535795811213,0.07431813749825879,1.398368244731111,30.00007624361982,3.9157635568735096,822.5851889713291,379.1816758725028,358378.22876689595,6.324061556726318,569.970795724423,0.010294288499696951,0.019714102090023028,0.15743671809676898,437889.0754928294,30.989343446194273,21.748863304808552,99.23219271480362,999.9926993849937,4.189682851161963,8170.238609870536,516.2723001384907,2499143.6352555305,7.912484165472875,3.26116707530371,0.01024067765143831,15.002570054681442,5165.715567432187,8732.488087089718,726.4995992219714,592380.0338225631,25.253568274636937,0.003452961732667665,0.37078561516526687,890.2917395693494,0.01,9647.509028796841,1695118.8966357259,7.194176453700314,57.429938381830105,7808.833479384476,10.090134930935978,99.85627120025963,1.450496043380242,551.3209739992242,9943.972874043113,712789.9476088106,3.173641844416503,5.3470436534698615,7.676049603214412,2.5011304359518025,0.35415541520648486,23.50323035231078,8209.682182393712,360.0,5.4171736145988145,0.4034723908880061,98.60139510057722,0.057834060947554694,2658.9095799865618,9629.553168846927,1.1707158545537724
41,3341820.958876809,0.010021996343054411,10.336338729647558,142.91718464874225,0.041835914242739455,0.015149349837135914,33.4387492658654,3445.013968572767,40.594049545912384,4056.6005432431916,0.03256885603503976,0.09221040835433807,34.3990402760478,1.2947676152448198,18.358770565726566,1667.4450250369691,22.198256894936193,3059.58277166906,0.09722177936640523,0.017790017268549136,87.02132758853635,0.010634391898418836,157.27799620864394,636.2412172920142,4269.197737817212,5.709092998740904,307.6494286439486,0.01,644.6952623704143,0.012468901888933525,813852.8307065843,8.61848362649462,0.024194284685653482,96.96689762333789,392.97172561707185,8.123369501576647,9270.4924306981,224.41610696441728,2649491.8097351296,5.12158873724699,8.802839553254653,0.014131919110845447,79.18334521141442,0.3337156880390602,70.6748185114774,9981.261648375994,2027560.489959788,7.515180110314591,0.004180940333124576,100.0,145.00407431523564,2270.2294638519193,34.12518208911749,3509920.486194744,39.66676812113742,14.770684554636029,7114.967628272349,31.29337133549409,7.181926994896513,1.2078991343608059,697.8010436762917,109.38624548920164,3563257.912033673,0.038390672922623235,10.654421017285467,49.0498213233364,2.501509406570252,0.01,9337.368518927748,42.1564842130518,12378.301892058147,43.86514360321372,342.37838776152563,17.40094030320699,0.09723465355676997,84.70011455054102,32.45901302347543,1.028684387753443
42,817317.1973212692,14.757802708297517,2.2323628039278782,284.9643234966948,1.013230947872859,0.5279284999815298,24.255292098786693,4550.475567192156,33.974328565750284,4059.386792934884,0.03718723952241089,0.08662828323051693,78.44102319498771,1.2096308349682456,4.850555702268626,7593.480133798311,9956.123795087638,3558.4874258226932,0.08186718674626357,2.1869137145329844,70.24512344193074,0.056516750172320315,281.6441277079696,695.7476579229224,108827.68727160533,0.1413032839382659,364.08973579798317,0.2527962448161158,988.9073623997982,634.4930678986509,1076434.682454575,2.8735006223109387,29.035019226380626,1.6714946673209043,0.0023357303342186283,1496.734686392856,0.8176087153893331,58.015278067995546,1158031.835663443,8.346284499715251,34.132394297910224,0.00958514137234025,24.61466217301271,360.7683837754002,9.136186906363674,768.1001682378051,133060.18551561452,0.0931020755954424,569.0285390889857,43.6477472179839,2.9344090663488647,0.09837513504357275,60.611637913239086,779637.6945942518,0.5444519914402222,9.728573652768306,11692.123690303928,0.29815747523333486,0.16408149664578822,13.563441067888185,303.4073496866782,708.3487937908466,2193982.365062489,0.06606896865787755,31.770569849086897,1.836950825393972,2.5000495127955684,0.09464179244445899,18.03182737193169,1329.488619456633,3101.038131595983,2.05643111723174,0.0819578934122391,7.443420601107649,13.45347051925949,11.882057949851957,518.318418491416,1.094629856526996
43,2092811.6984339552,12.186173181922772,30.070407355709246,214.06579795980477,3.687154111464564,14.866073869310373,4354.758025210439,4323.9473959738825,1800.1827642206551,4060.7783312981237,0.03738649975704718,0.0872744395497409,33.48999261463318,93.18077009286002,23.026783445683105,9824.973159486031,9947.34050323573,4014.373175758594,0.047472267373520755,5.531049679455235,88.5755482700437,8.756347608337165,3152.807138973649,3641.80599950818,360.0,97.12820834961883,9755.006534021837,0.4825275807866139,0.12370511558635332,355.2894736940667,3579834.4265525173,0.3992439735840898,33.70280769475497,7.894689222759677,0.0022522003941745517,4278.179312084887,1920.2961657147946,590.7001890028629,774415.7590456093,51.356140192659076,94.85968502951457,524.9604135916708,0.1352969495070367,2.309391491853689,7612.159896712407,951.8669851102786,83325.37446346946,100.0,250.74021544752986,94.15431730671477,4.998418080653049,1810.0803038208692,2275.2533747170237,380618.92276938766,46.55167791631244,4.540809767585234,6842.164989147337,10.450043306540296,3.243262102629004,5.518086286698215,452.2421340235156,1125.1242342425046,3051031.8491912964,72.92539158473616,1.0479461856525536,7.944494010126441,2.500017597316235,0.6384392758829787,11.36226867001691,3299.9755932593703,79269.3994490131,4.054025698637477,0.08142948033991175,0.20126182465031178,3.0392726305552715,553.2894963872814,251.57437021978765,1.0762534905502141
44,62918.39551312881,37.359892840563305,20.827368517151836,149.93872652271537,99.97908164844783,0.010603132669524994,3659.361503630133,221.81437930160382,9723.093793653416,1598.4878600484783,0.04371503385510975,0.24710715405498515,76.22471052553983,35.25788163094408,11.8514167309056,0.03942024590370153,203.7688323448146,4044.651837598224,0.05788594120103334,0.027763864131265463,43.720230354915564,95.2831829062224,9999.968522429503,9244.278168362982,1555280.3815045261,7.86507225839102,9585.855714090805,27.961726676897154,1.3597903007228866,0.01925981881406275,895531.7234057705,2.821766540152568,0.010015401716983946,4.883259036323063,0.004075077837629753,8883.420637740583,803.043915021797,315.62109672561627,3600000.0,1.7059373330211518,4.259640488048926,0.0112258226331344,7.0773359021757205,9776.423996988158,487.63873662943416,2025.9976086446113,4660.202120788062,0.02102032016147547,0.003906244393199589,16.395334081203927,584.2008448800958,2791.2601925251206,9995.523670490702,1531000.2102992581,2.3811207996615695,17.212211066561498,8052.676156920514,0.21291250254324773,18.028594040087885,6.328764393534566,926.487712906743,6313.057757331994,1123719.5526941502,47.51756236865757,0.6260019225044142,22.699832605214446,2.5015997921617283,75.90949799311898,1.7798155746793827,1.1063832932054203,109512.19619614044,43.70856413765257,0.06521729751599044,46.44043806245317,96.56584384542676,715.7533047653718,106.67052831262856,0.8645551601990215
45,376960.1593613615,1.31977143514965,2.429209254091214,306.9486300621645,2.5920067963325466,4.333308384094268,5.311257838686561,16.658413869442533,5273.986648136718,4060.0380092865703,0.03250630081802615,0.08606707885346337,30.049632722765313,89.6903881531533,1.6140922176998798,7616.873338970445,8460.863978185958,3602.4483835289557,0.09749645107011921,10.194910891421543,31.613709954273812,1.2945679827603052,216.68304869692173,9856.63119059316,361.0411409839337,3.7715587874845733,0.01,4505.882603017501,83.38987610592935,3.8863834234143315,586484.1983682733,0.49950021501478337,98.97686881449074,0.13103935080066975,0.0022507604403422523,9488.18554717196,2517.6765597878257,638.0165901767817,1199327.8716537394,0.9158207285953163,0.4023801625256931,0.009293428644951847,0.5074646746695395,1216.334228815418,1301.5386225192344,12.373381716297265,3552323.7834967733,92.83008141202404,0.0023967396113890255,1.108566041074912,0.010582227021904134,768.7627156145593,0.010000009486948184,114916.1331401439,45.62766812853952,0.3251681718071654,17994.125834664163,22.920047539946143,1.9133736212246388,1.6670359381595992,1251.0485820586346,8.6101558422353,35416.85745311064,0.1694896125053791,0.03411700485701773,18.877894076434654,2.5001503483909993,0.01001748104987546,6.3230566616608295,830.5666823087524,125886.64855220263,0.012468807731087961,0.08035209762784312,0.9101839163522812,0.1877845043609486,17.96943602674309,3664.335960132905,1.1407836983618285
46,109465.35085701695,0.012788598452602256,4.2818682157163375,314.9837526763563,4.417153844900333,99.99999999264949,28.295757025153705,1349.3461462354053,1.5648226103565037,4060.791086180882,0.07919833706297932,0.08600025278593541,35.243944810718396,11.631305751068277,5.568827326020105,1052.8961294426754,3464.0270454049896,4058.1145460034404,0.06602071025836573,0.30976311371976784,81.23227786918723,54.08282390277479,9196.083044186587,1660.82497031949,787094.2642990563,1.3699710336630628,8.890737349856062,28.64944100956872,551.3614132834758,878.1898458353279,83380.58059513246,0.010002819125072672,7.355918279536936,40.489738375423045,0.0024599869692599205,279.8953258955444,413.09147869509144,618.5353176463315,2742172.8294404587,0.28371358452243517,56.99900238554374,0.010027514778281543,43.351024501816276,3283.4789745659764,143.89436867409057,138.61843408797534,203884.73300736494,6.263962451255006,0.3243443982847895,1.1702013153434747,703.0281942816459,126.85953381504282,453.8179601053004,2971375.627528008,10.06586518249678,3.938806745137293,6604.089837073584,1.671444162392257,100.0,8.856951303190517,0.1233230520273716,238.75983808930474,2638033.3411489935,4.775632916047347,18.033438356556616,9.14680261105867,2.5000000050262905,1.2378244012253596,24.20382297350907,2491.878413663657,75800.04887759374,52.47835815428874,0.08214400936064237,16.52125451818976,12.58931523048352,96.0503808171973,6155.559350971349,0.9579595959930027
47,10045.180742500683,0.0879820095609775,33.59205908503033,121.70828543660275,29.918017650405,38.22490116565457,9993.506408042846,720.3824676321294,2469.3467633905334,4058.5697333971902,0.03293304575481186,0.08680629698356453,69.51979819229233,0.01714621531467158,97.5610750952422,5367.600583202166,4784.520024826961,4054.58907406174,0.07492008234497582,0.3338671733150349,59.746099711513736,6.972025922622352,9351.568886489267,92.45082662523423,98789.39218639584,0.6611247454838651,168.66623743232847,3775.9221308543756,473.58414730319373,59.838855375905396,819131.65002293,2.0332417492632806,62.56996642860917,0.345577402904788,0.0028919975207391596,1818.3585423526492,0.3294628790442435,49.084287577479884,105444.76233107162,19.041993077851703,0.21105004975483918,0.012543004618565326,84.10521431315283,2.977098612655666,9645.238368260681,90.8941538660599,20902.285251316778,53.44543965408016,381.57421330571304,2.1974633257224685,781.0567382530429,329.6315262009156,243.84500472281525,1180690.5896117764,54.9757045258539,11.08136074780022,17724.247068880402,2.550810629176215,37.09518885515331,17.466937560240044,9992.88583792868,8882.25222034774,792869.5491586367,29.253305626695642,2.518007355381949,9.97154911236858,2.5043084765169454,70.07291861457739,4.34598161779454,591.8582898903228,37653.33932083946,7.2229628779946555,0.07534138684484151,1.0962652370645731,0.42526568321554786,145.9126998101589,220.25023155223423,0.9351556041369622
48,307517.0612180562,95.5794536424805,99.57482746472043,301.2417666668248,41.10701081139888,0.8293006879344371,2917.657452683347,1808.6186406842278,251.9519136984207,4059.4964594801263,0.09748818361073486,0.2552950172596502,57.72343018642274,16.769912319588673,51.50364432327294,9410.774966333205,3853.11996706345,3955.1576001654153,0.07776030195047026,0.02376792401634127,30.19090460859772,0.7890760082230107,3075.7362324515448,5477.605577510929,1867638.9681063564,94.19107132497123,3835.862021163368,9.038840824812015,0.5096767590948779,997.459646691229,694986.9494045954,1.1853663242145134,0.010589506545447559,99.90151655177705,995.9443524486962,6.352169519024925,1.1879834501557385,1736.55928588904,3592689.73226526,5.482076360923699,0.013912410449529228,0.01513267027000523,48.23026512749235,1.1057462030623684,901.9423985777007,0.010299334850186989,75066.36227871572,0.013903926467425491,0.0037684207972333767,12.823324529081605,2910.271156155011,1025.857474298904,8815.495654581642,3547694.6048441725,25.835328305110696,28.599949003843143,17999.875962247297,4.863819421077398,56.797745220959705,2.6822119571392276,1392.481782747692,3040.861759215867,1822875.383713702,0.42642562629726033,13.153937845522288,14.988331527738865,2.504914116515648,0.14830584553019963,3804.7834696442,1321.2319406214242,339416.7069885613,52.29192035970922,0.3230567641465901,0.022410103027229303,32.093290986314436,1254.9900900048372,210.22621186069688,0.9885440315407482
49,3398079.3554516835,1.965702051843231,19.371702191575572,266.3087049430312,2.3082370657477727,10.805881965876885,5882.330767340366,0.01,1933.3753431157336,1765.9355457447864,0.08249737819921606,0.10293873953854639,40.527294017602905,59.694378744324496,11.869796615771142,0.2922326720840429,75.02238537792223,4060.7444826727624,0.08331384752143989,0.011350248970405149,43.206595943179224,13.393841588939488,2823.3602184353763,193.77363243130364,466616.42563850514,36.16628816151713,967.6123533743402,634.6654754780976,820.8053190248986,748.505275200611,427641.87396822585,4.317656704403637,27.63943131114075,0.6340065186652726,0.0032596146588398144,6218.276996966062,9979.278942254106,4.315123016442538,79348.68324195294,7.309767039685966,99.92125049330575,109.05993900595054,0.4963728118237676,2.142221962702457,6773.399648207755,116.47475350664399,3260900.2353735417,2.0090903832421754,0.003912349774403725,35.312412018344915,2138.388495763871,747.9385660851952,562.9790448362606,349799.83821795706,86.67459198416834,0.7682676271686919,6059.751092510786,1.184224560857186,75.54228382194616,16.694004959081227,1378.6682845465793,1314.5740274566524,875064.7511300793,0.26900379222539045,1.0902003112468857,96.4080085747317,2.502201409234721,28.505910400364627,0.9034951975094658,1619.2148912933783,531026.4243526822,0.127258667841608,0.08251595787418281,6.557925797871836,0.1412870628287794,9151.739214994594,255.65236601131494,1.0213663230604766
