,(GLMU).kcat_F,(GLMU).Km_GalNAc1P,(GLMU).Km_UTP,(GLMU).K_eq_GLMU,(GLMU).Km_UDP_GalNAc,(GLMU).Km_PP,(GLMU).ki_P,(GLMU).ki_ADP,(GLMU).ki_UDP_GalNAc,(NAHK_ATP).kcat_F,(NAHK_ATP).Km_GalNAc,(NAHK_ATP).Km_ATP,(NAHK_ATP).K_eq_NAHK,(NAHK_ATP).Km_GalNAc1P,(NAHK_ATP).Km_ADP,(NAHK_ATP).ki_P,(NAHK_ATP).ki_ADP,(NAHK_ATPP).kcat_F,(NAHK_ATPP).Km_GalNAc,(NAHK_ATPP).Km_ATPP,(NAHK_ATPP).K_eq_NAHK,(NAHK_ATPP).Km_GalNAc1P,(NAHK_ATPP).ki_P,(NAHK_ATPP).ki_ADP,(PPA).kcat_F,(PPA).Km_PP,(PPA).ki_P,(PPA).ki_ADP,(PPA).ka_ATP,(PPA).ka_PP,(PPK3_A).kcat_F,(PPK3_A).Km_ADP,(PPK3_A).Km_PolyP,(PPK3_A).K_eq_PPK3_A,(PPK3_A).Km_ATP,(PPK3_A).ki_P,(PPK3_A).ki_ADP,(PPK3_U).kcat_F,(PPK3_U).Km_UDP,(PPK3_U).Km_PolyP,(PPK3_U).K_eq_PPK3_U,(PPK3_U).Km_UTP,(PPK3_U).ki_P,(PPK3_U).ki_ADP,(UDK_ATP).kcat_F,(UDK_ATP).Km_Uri,(UDK_ATP).Km_ATP,(UDK_ATP).Km_ADP,(UDK_ATP).K_eq_UDK,(UDK_ATP).Km_UMP,(UDK_ATP).ki_P,(UDK_ATP).ki_UTP,(UDK_ADP).kcat_F,(UDK_ADP).Km_Uri,(UDK_ADP).K_eq_UDK,(UDK_ADP).Km_UMP,(UDK_ADP).Km_AMP,(UDK_ADP).ki_P,(UDK_ADP).ki_UTP,(UMPK_ATP).kcat_F,(UMPK_ATP).Km_UMP,(UMPK_ATP).Km_ATP,(UMPK_ATP).Km_ADP,(UMPK_ATP).K_eq_UMPK,(UMPK_ATP).Km_UDP,(UMPK_ATP).ki_P,(UMPK_ADP).kcat_F,(UMPK_ADP).Km_UMP,(UMPK_ADP).K_eq_UMPK,(UMPK_ADP).Km_UDP,(UMPK_ADP).Km_AMP,(UMPK_ADP).ki_P,(UMPK_ATPP).kcat_F,(UMPK_ATPP).Km_UMP,(UMPK_ATPP).Km_ATPP,(UMPK_ATPP).K_eq_UMPK,(UMPK_ATPP).Km_UDP,(UMPK_ATPP).ki_P,obj
0,3565581.1103534466,98.80211116759465,1.1034406678521917,178.32532811872915,2.5018317272594204,0.3447228490249101,35.98074859145555,478.28937151671084,1745.1057219735158,4060.135602880842,0.09489915219160111,0.08600221355483054,89.52726910907305,0.011304665620407554,6.967360245166764,9966.339145822416,8279.120983003731,4047.481337028617,0.045522357193844544,0.05261907636146552,89.81264467175684,100.0,133.70876753340931,8509.523766943681,505253.93409343646,99.40220077915343,0.010007255748495564,1624.1166841313411,132.63256961178743,0.0001202440616025403,1221968.17339322,12.21252102114892,0.01981516633032372,0.001,89.35943177108955,1043.4868521167775,153.0809682822492,3229400.0335336043,12.687369224231418,63.518552370851765,0.011246646513390598,52.76229128592596,1981.0802028438234,9980.225562370206,343341.6103587733,52.8108520966509,1.3036150555464534,3.4757700868069152,13441.154398227362,65.45820462436512,6.887809859214226,4435.415648059015,2038871.2849381685,0.06792639344385226,0.002300085873581011,0.01640802480311826,3.7542076031278397,0.01,0.010094307065786031,883528.9339131555,20.276187762221,0.2367615380310122,23.40464235527226,6.273017740572972,99.8472260976991,5282.821960142686,418415.18088501896,69.16682174588578,51.28866952883173,0.24935881204094393,0.2344440649644064,438.9665632432987,103726.38184688878,0.0113303136025431,0.020889810007758792,0.4945353639978326,3.67236271159719,6600.557831515664,1.0669907990417185
1,10602.530245462287,0.010024269771926284,17.84324329108341,110.7501324180857,64.31417452933262,6.984757659624052,41.27587885658859,3751.5318478458653,3747.9053072204433,4054.4317532735577,0.0325,0.0860154659286622,90.0,0.01,34.461841737189566,838.8154181979841,2338.167981261602,1353.6,0.05322449218898154,0.07476121575667768,30.000000000002156,0.024697893264226174,4594.059970274182,1459.6145293610684,132179.87856312463,0.0260785884161548,0.01,31.860322807023618,68.5633835390513,670.3880207902184,1804033.3058843708,0.8716264761905607,12.47013087120253,0.0020114904595354643,16.017796619711916,471.5435211116554,5698.156950132952,419383.6813623569,1.3321712849966174,26.54536767092367,0.009726031146941466,1.9560080889013984,99.71995297303098,4588.206545996155,1107640.3214062888,8.977163135963178,12.05184043956502,4.931155452612779,6000.546614523874,0.9450490574699772,79.968173526222,537.6652371703485,381.22703796186244,9.261046956882192,0.0010245902504215957,95.84966187463846,7.1667402166888365,11.400434467396094,4270.373580282816,854893.731707571,0.01,33.34603685892676,43.04569705781802,2.5,4.679853086268973,3885.7105754683116,302173.0097707784,45.456714980942074,17.175501483270892,19.773408296329777,0.6276405211849139,3513.1785198073635,209176.2093401122,18.239677842072695,8.797687202033405,0.7361818615778145,9.036150838109121,52.3065533683391,1.0313442304890648
2,828515.8161510916,1.1340028531314783,2.606718447750156,105.66412472179904,95.60417943590168,27.907955523289925,5965.813761944407,201.16616635167168,8736.696182911737,4060.5366608784907,0.09399143463749943,0.08602999374233915,69.48259696638115,0.01,1.1934348151573313,8204.373764190183,1595.550417189839,3997.3245022114806,0.09433685755106685,0.09107029330410493,89.90632718597735,51.52068545017118,99.89019364675187,5542.797557960999,372.0682791698795,54.72204569430717,9422.298541880878,550.9135375026561,0.04202617359198699,0.7550051935348383,1738909.3782268295,0.01351072544261064,0.01,0.001,0.053514244296374275,7884.009292872835,495.96898757731884,1991408.6752750739,0.21525539352232248,73.09521825530652,0.013038973585038678,0.08867751232650971,0.045574099986863,5725.55497532018,234828.30482478993,0.3916605991730867,1.8715334585310013,5.940273708615688,9123.372827997257,0.08251400696468797,7492.7210843508865,411.8375959664002,7316.008583117996,6.3509086690016625,0.0023317173099643867,0.35495369069939076,0.8002846860891586,10.319118491160168,3565.7991895889922,1247647.6990851841,19.839057934192475,2.605995433779402,28.217601084738025,5.547515987234492,1.4382988407216863,792.9173481255682,119816.22218426189,3.9446945164917953,0.18078504713691662,2.8510262315645845,33.29318149331879,869.0852202135908,3344334.6255255975,0.33175887824667805,2.30571124668525,0.5192374452429521,94.95179176241577,2861.2060450890135,1.072045653515301
3,3429997.1316755833,0.0871663119175975,0.036934858576076174,211.3216229465016,0.023805404557744617,35.81524426493476,9958.910760775187,0.01,117.12690841871918,1523.0505681380334,0.08998338394744135,0.2579897582486603,88.96438213537051,0.010640359778033969,12.784832973561123,932.4478611949921,1169.5538179476587,4057.3745705825927,0.07967031751602405,0.06345192558971958,62.307269104749615,0.010231880902908854,179.3505507519032,19.09355591117989,400.0270434427397,24.133520827870182,0.010017405798480102,817.9424268006258,0.8458427102530027,953.3740346357704,179761.84163276263,4.651573182890457,75.18239985863508,0.0037643207226671313,0.11119918084782887,34.51710305784647,2103.3840621024724,129205.79747228928,4.137673510794601,3.517831509432367,0.013272320555451538,76.16653463349513,0.732756070634472,27.00977148705992,446536.8567509516,9.29598126543298,3.390398501649833,5.538709203458258,7747.2582254909175,0.6516969454543869,4.470585388098544,788.0254175532116,1941479.0776062238,99.8002248847959,0.015782684510401112,0.013169203327793514,24.135429040914776,2.111024881335437,13.590154802711341,906656.2658272644,12.477218983650706,4.369779409093122,46.06911937353966,2.502837156557381,27.02387515339083,2.926325540480633,24892.52645135949,19.639351162235172,204.86859458945702,0.7101433869187632,2.26631236552268,6428.308761480154,3261402.1142039616,0.010000017783256487,2.345063346148494,1.291769954323102,90.26955478668123,1656.190692091537,0.7666966712381871
4,152021.1116310749,1.2193937640889565,21.066855253095063,124.71195368039284,0.13919861496865535,10.083286369398808,4255.5729888309215,3703.0417775653245,29.690744414023523,4052.328707031164,0.08405747880419918,0.08601029206209078,70.60375036323595,14.48934745936064,56.99708978808889,2697.8453792795985,9695.829876127811,4060.7113185884596,0.049301460516563644,0.01,87.56479704521443,7.168322151654729,218.8043035111827,582.315636717818,92553.68006361139,0.011461670551018207,1.9921027420002364,889.0487892789423,691.6779621231334,48.42526027214163,511175.6471283895,0.3823088663665082,7.679656652204889,0.001,1.8633468037945935,383.4576839942271,9.827745617841007,735147.3899616307,4.881548672826014,6.443106015912541,0.011626662154071642,14.83958292614653,3797.56745783822,361.79593689236634,978112.7237313825,0.6248039173194625,7.1158183952829965,87.46465013121436,18000.0,0.06704948387369108,4671.710373057337,393.6946505307142,47490.33070913895,79.58833506303392,0.0010597310622729715,1.0914917174374938,0.30710395168665006,76.05154442115165,9798.088838025697,1354139.9783797509,2.1403513244789902,11.45284113702066,32.30428419610634,7.439436106205989,26.2109519780709,4252.298310995411,1164396.4810965827,78.15773435140598,0.31685326202650904,0.8578923700041391,13.916406433033563,4635.599596247351,707082.2667821535,79.04761177125886,0.3188024425499751,0.47498382802294775,6.9590997999510895,667.329796161136,1.1109982146434747
5,53661.66929988568,0.010005673757989964,10.263699831031154,269.83838878343914,26.565422982114264,11.665979231533578,5.28224638902916,21.144686152800364,83.76590954537265,4060.7969207006995,0.047084594851259376,0.08600338475644065,48.33065258203155,35.507358015045554,1.2316075477724528,9972.456826522588,8261.600052105503,4049.810584761141,0.0350056110019134,62.15908626468547,30.000908721966756,11.658003847255284,2.4021289583924985,869.0013336118391,418.6596036614767,89.79169062043336,0.01,573.46520198801,455.8392956459437,21.941078781520375,548257.6117530768,2.443501661254744,39.69959342813906,0.0025696222062228,0.014810887569854127,1584.5976917371122,4.731397703001647,924258.6225822687,1.3460796543535964,54.81468133791321,0.00939526422345638,18.28981972618738,8115.238389795346,226.5622900197273,1114242.8668382957,71.61925538428582,5.309067110693841,7.600896784502771,7644.106343061123,4.379878001792856,4.41203232194393,26.64181397205136,366.3400195667196,99.84669948064779,0.12204302906927947,4.27393422206215,17.838666622696454,2482.875906053238,0.01,503105.9715270769,5.640084644125647,0.2448968276182656,8.068844131028081,2.5001802647049076,6.7661129043477,2.3718349094107687,116760.52349097554,5.335853112745031,0.07606554547851414,1.2041170586519065,0.010116222729835292,9995.93619189782,523459.69754779706,2.580030840099165,3.996193937992185,1.2756256337817806,58.67767161772329,7140.0186874266365,1.0151300380905255
6,2433.4918347212956,0.01242717882901015,0.010000012750147409,105.32110135532211,69.46103050563454,18.676568075619652,143.25911986128267,533.2297233327037,2105.5588945957415,4060.1726807333735,0.04713184397954896,0.1749491570814093,34.79608373046348,0.010000597818950019,4.181582703351941,142.63529779814252,127.07175130561359,4032.953576939581,0.09746558872171997,0.06459207195567723,34.59749538035968,0.01003901840187082,117.30137518267277,378.6558441584409,362.39124612440884,13.74628143095485,0.01,0.018638309204392325,754.3552908263296,395.9761274430461,1106639.224493866,0.012088534848901157,0.012088010749975881,0.001,0.16050678724359752,833.1182568325155,47.27140567171547,793657.0874762216,0.010489615544507083,7.808374247594029,0.011521228925502428,0.010163807379423314,273.20143218007263,2734.909896518134,3598736.3351324797,0.018008309528970364,4.376009904759042,0.15849783312010793,16771.6633991843,0.010031826675719467,2013.1882190794533,38.64563514322318,68113.96347365316,64.51385756731979,0.0010000039498162779,0.011686895670315337,75.81684101083972,44.580880895558195,6919.203835457233,1400779.603461026,76.6745150738465,0.48669770128151046,4.769083557815122,4.883548824942243,40.839878726472335,4352.7704621415,13611.0355249685,0.020012597148577234,0.31557882718271346,0.06874203237510931,5.079497143681059,2120.0524325076854,1503246.2176417029,60.838833484805114,0.1987642361709004,0.4396203919017395,21.566888303438226,23.593238750953724,1.0962271590838952
7,2036280.1295183843,97.67841355504352,9.361838133513121,121.5601571236705,97.42159906558354,30.411486289728796,9551.390987840532,0.3169316652932188,29.662629001539578,4060.6517671148154,0.08679431214816118,0.17868470402735662,88.5758835115071,67.20798085503853,53.158723044041764,1310.4275964477004,622.5341602462248,4059.919146773008,0.03252567496424615,0.10891100287556459,86.7933282313388,79.69289105701365,7683.180274091859,1796.6752025114426,364.5847888065355,4.839025972342785,0.01993506191336511,78.09997434071666,997.6653719553083,392.0939837191598,453963.6966203642,0.010000067549870591,0.013856970066326543,0.00308042636287472,0.8171595437553483,6005.819745272379,71.75692867575212,1413490.4531755394,5.120448986224142,30.020014354115176,233.01367663570937,0.010105367720937264,2.2526797176282423,3162.063648031945,59035.01880017699,14.60076608913689,0.23053228489727587,1.0495013084773823,6546.590728585292,0.8063881512192481,295.4796786568635,1805.635390691655,4630.491803418196,26.383231770617268,426.0264422442443,0.01004332057896723,62.690412613666986,0.06614859064510487,2.610158696257334,2620144.6687391726,12.736593001885925,1.084787416228555,21.097235372251177,3.0498459926395274,96.04017264816791,10.47089394134255,3019827.902806102,2.458383137861244,0.0801148382277493,8.949661985474709,32.22139104162822,80.33982769663739,16885.21591796827,91.76908485266215,0.010000000000090678,0.34202019153820257,0.15091212068068394,259.60397684202127,0.978048989821343
8,330582.1002760529,1.4900651612154776,2.1459212158634164,105.28810690729313,1.7980309577406919,1.088467936687056,9942.73116065564,0.407248893170684,74.15239563684464,4060.735249372388,0.032527793157662806,0.2507584632107085,46.677159139278174,0.010000488741019923,6.027299275607932,5184.435030000675,1561.6660057579957,4057.874184329438,0.04957810744317821,0.04391163875504157,30.000703369320004,1.6425532464232555,60.691583104871754,977.3718815179902,1098.1435057156755,1.033852238056225,0.01,0.5311282547612269,0.009864383896535905,744.3676496343254,1732118.0745724507,1.851115085507224,17.22087612586005,0.003163662051535932,36.08057971954245,220.3991105927776,0.05420112946383961,270843.87682753865,8.54960552798543,0.17852776285054187,0.011000122612448962,50.6586984540276,254.9853763367226,2588.4166585056983,386158.2486400409,3.0000759172610567,8.643309357554632,18.962595576590747,8767.50002261492,2.4192193934602026,3.785728945869453,42.316748602790746,808.9015304754398,64.55364786913873,0.01999760831289048,8.591024788297693,14.263781834331532,1240.3210150041416,0.010025902866224312,521055.2998834289,3.0775452728602355,5.105461350067935,18.041754546822464,2.508082009991957,2.0943660603246155,364.11255547240563,27032.791702020757,29.723619313722264,165.19919272235646,52.30543617133733,51.696095516893244,0.45289237726482695,657114.9796549485,8.487719124685919,0.859729024035168,1.130139392841868,1.0044346568881592,12.057234921966948,0.9319654304957515
9,42778.444084736555,45.893157047117725,0.09521589654520349,126.23453258133004,35.75571238753726,2.5751812449813323,1822.986415045304,501.9440868431386,8607.58185355879,4057.9813722998415,0.05280174609617371,0.086,70.58243391705157,0.010379313450069346,1.076205945157568,5399.901780574181,9208.909767317375,3957.647068916333,0.04560461640668022,0.07258983460567649,30.000468348144004,4.26746709190787,195.16034506755742,3654.9871043274406,95797.4833700129,10.504844436727726,0.010000168360159298,5.356600131011065,0.02406449905460228,12.589738928748794,3568895.29282146,1.637469055588974,0.014293409975388416,0.003221096714272383,93.75611509213982,16.513942487329423,142.85367939688695,462640.95571123133,2.1683934797021114,96.72718674896643,322.9249175777892,0.17694496144752458,3.0196095773014027,0.06917271720960158,951215.0174826216,3.692591342511276,4.585197005402878,0.35698607871856425,6012.052951262272,1.3704622240212843,13.914812705347227,826.6452088514469,579403.6545895993,47.357862400359146,0.01750404054645438,23.658474739913505,12.936381424889554,0.09235404190166806,8677.991255034562,70114.59252582397,0.011743690147144374,0.7413576677885684,0.13344933758410915,4.295215606488373,0.05551161265591851,4.189539513527192,3003845.8313414017,0.7386929880964181,0.07900629620722295,8.190063064498442,26.903986592647726,65.92332623599431,1390437.3365757652,33.335399168221855,1.104405163729555,1.1446065679072854,12.994056629668362,724.4431847398071,0.9304515844357144
10,200692.15831778132,54.812488329414045,12.713953993996135,314.6944124794837,14.755881166878613,21.18408681988536,47.93147336365915,224.94188059911644,23.02250315844134,4060.7645974471184,0.04267962237954293,0.10802249077800496,30.025297350446724,4.611376981255985,16.347220459692732,8829.5353411537,1122.3707366985968,4057.952999576082,0.032502717266492405,0.01789960046137691,87.87804004229581,17.439831407368935,2018.475057495136,179.93801115970143,16025.991894319191,0.010057396709793307,7445.133359324328,107.29756089183128,987.7972342743107,949.230979224658,16823.74807390548,0.03756810307727786,4.652246266809575,0.0037070256446833064,99.80994513458467,2080.7004623866683,405.3839320324183,296617.7778941538,0.5748412259922718,0.3753366556720358,0.0113145535767095,11.151648319520502,9954.546026845668,254.48952434521635,681407.7966619829,8.978228130257014,11.220332308663291,32.087131896200916,8650.482291370292,1.0821062425155767,22.617545555570878,1619.0562056911942,1365488.2132335466,5.329669362188862,0.0032056895779408847,0.07133708717425287,22.32313374908067,1.9504404439511316,0.010011250119373384,247855.2949219132,5.531243765594328,1.8869846372937307,99.09672777805515,2.501345879183812,26.42219162854413,24.32607432048616,6225.015178560536,21.679915722899885,95.54791381583185,7.852979691676117,54.79910175939425,9619.271013293528,1639833.6957851732,0.029430845798923053,0.9269230774922574,1.1322481588830187,0.8954412987603879,1.1329576362093725,0.7320234621009496
11,142017.53651028185,26.31371727513081,3.466096960056107,296.1356090516617,1.0669996680505909,0.010012867671853385,62.561617978301626,6567.264030918387,9787.408275414462,4056.385509488277,0.06931822702591489,0.227015135914616,30.030691638834572,3.8720274743446743,84.06884783051055,2003.6522600754154,512.8508079050418,4060.769890435138,0.04808054832597635,0.01133172698101466,74.80252857232807,1.353144292804744,164.45025147924582,9582.273150212548,962.0895995453292,1.4483963752306028,4741.625181492481,495.27987940339233,999.8396075552103,60.48671816941123,464949.83711881173,1.1900452805710784,0.010571376021859417,0.0032370778983848037,5.023250799507094,3904.742834439528,0.16375927574288196,3424806.5195853673,6.002953491825568,20.843036738494902,0.010943002020648698,28.714363246732052,23.48175258622036,1408.6408355247095,3599348.565409197,12.799770779287547,43.912126904007486,99.9566544332741,6827.617406771573,2.1700596845757243,26.64918487103301,190.10620189997226,151831.8745985232,32.91658928059193,0.003953089646935842,1.9010065158232312,0.28146859400586116,2.2052040187347175,3342.705358591527,701967.9629356216,0.44553085951860544,6.298210075504971,72.80594731532514,2.5003626995479555,0.11288359246464012,420.1672444878541,256010.95515186648,1.4962921983689346,0.25301985342322825,0.1496604222466135,76.65606734706611,16.51725360080105,608637.8119959594,0.01,3.100095479024435,1.216119068436132,0.07876105044148919,4253.712108229381,0.7623128260891868
12,108489.85220541676,6.231272136536472,0.07659030843526142,105.06941288071359,0.14456755204456156,1.1242582482979753,2938.7593734753627,13.09495588227704,9979.976607370678,4053.74509535505,0.09728568435216221,0.09202612214955642,30.00599323620509,58.196021360968246,69.2280546026641,3697.031378222715,386.9668827891728,4013.9969009288175,0.0850597675994292,0.14171776783904325,86.8475700481945,87.10107475080353,1881.8107105055662,20.869074008923633,2075.0628611909196,97.31445350153052,0.010360236107443667,2509.8543537757396,247.2972387324803,4.076359078720453,60601.344341109216,0.2501652980242091,4.296597625515823,0.0027603928965124172,0.5048157140830134,392.934656762077,9016.825888163492,633088.2984637448,0.8038469369583562,0.01303398473918305,0.010176215737610284,8.66936168499334,424.24077313926415,2082.5707508982214,29586.107992618716,0.471866985476325,35.715102160411405,14.086396680001071,17535.080403869328,1.5171861560172224,11.249014712171334,668.2854478389107,276680.2382128066,2.735942770677749,0.49911179730689675,2.7380371973461752,49.661225422827805,1.15050288895285,1031.798056124156,3411686.9516047775,0.9172827708186979,10.071944343116916,9.457649137681113,2.5002458175058857,0.5263599935323937,1.6794139224004603,3584539.105240784,0.9858043445045306,0.07187887746701078,3.9454678298395214,95.58937961715591,78.27009850009186,164815.63992005028,1.5226190421950259,97.82030669364636,0.34099634923651995,2.0564669068027825,6562.815861140245,0.9387418717109842
13,1006926.2134242941,8.511353187068902,10.853034759511647,306.8881090755413,0.16618999366205833,0.010353184433386535,186.3873378266245,24.84992523969843,7549.199498996901,3852.294884563902,0.03692795737812243,0.25035653603241187,84.09346855808745,0.011514059219871165,81.97465921214089,1302.0625499908215,7266.816215583099,4030.2612639935564,0.0325,0.05460291705298887,90.0,8.298734185287858,2608.5954643028995,1342.989507545523,592558.8687098647,11.446967273682434,4896.854401774518,175.651178820186,3.455335757874583,2.756232991623465,3599727.219542705,11.585943494890817,74.30064277855264,0.002916186470353091,0.010000016384748478,288.2040702294986,9837.937926456523,3572694.336596748,3.338582675873388,5.812259519746022,0.010220351686999286,5.291584390199757,4277.567779162895,16.064384019402745,822425.7429536649,4.105719470426097,7.642403748101952,1.3104227158216644,15228.07243512888,98.0706428644984,2.796982710530579,2130.4985743430875,3539360.524664764,99.97353294938364,0.001,18.398356601821867,3.594090962885976,0.010188796742671551,0.01027248033842013,102627.16298730638,0.01470125147125284,0.01000005806472897,0.04635361592218314,2.5000003922018217,99.39121573773573,5124.391143375799,2981709.534029353,30.48408968609837,0.09206144111270241,0.01783955751822194,11.470597016319505,11.501171238555376,787829.3745188585,0.354517502694003,0.010689638518984274,1.40030074652278,94.73710039090226,10000.0,0.9027801915314597
14,8151.899895821186,3.0641341192384024,0.08671275725991114,313.6499238189043,0.9350846618204649,36.47517563995451,1309.275428341455,3183.767948415685,5674.061833803533,4060.13888102316,0.03250137865993018,0.08600363086390651,89.68939904411154,99.94987891182195,2.7069139229989103,10000.0,1034.5656512654155,2473.324830358834,0.032500123553630585,12.473154328821465,85.76718988452735,0.36028809666173944,0.08781950428068082,3150.8803333693986,790808.066063866,95.89968629429318,0.010247857334706938,0.01,910.5572705707511,610.9717351820951,1515936.2605627433,1.043522791976292,23.048762142146757,0.002606853247054681,9.478235082078887,742.5734778358694,1277.5459242699073,912961.9298323387,2.8704914158190022,99.78047711472396,0.06466732238829856,0.22716613905739183,1.3718741362864473,0.114148641787273,455149.98605962266,12.732170679726377,7.73101581451495,10.219480774610268,17890.430337228518,2.537183816503178,6.559866111602417,92.5233676503569,1343021.7973439828,13.000306036499394,0.014600162642944768,3.1348810111456027,7.903904622037919,0.01,38.75726683647742,764401.3294888489,19.208487701335446,2.9518075977742533,85.01938822949985,2.508490592538173,55.30451670804797,2.419710078828239,17574.553092217706,18.607337367224858,11.779933338469913,38.55573546489167,1.4833959039898608,768.2565942447043,1204486.6857762923,7.066105431988829,1.9082193479684502,1.3391785310509248,1.3626445193109684,186.41743264509623,1.0344373321504656
15,319896.3020873794,91.60761439478657,6.824400535915534,179.3557124288592,8.023377349833808,12.108572700013166,61.11042525786181,85.02616450489177,9118.95449866879,4053.551857989489,0.09687244084498042,0.08706372493661764,30.504889413222784,8.476598945048568,63.232158016945434,8398.563394920908,3877.533083932321,4043.6035200036163,0.04885946923817184,0.09566871710243748,62.34536162653415,2.858014260142164,1468.7402756457639,788.1682239971019,3562784.113761203,24.316114147023725,104.86085520263036,8743.94352682757,993.4942224233578,828.450220536669,2151787.2987580993,23.87623519077034,13.099138450725228,0.004286133547908191,99.82995959812754,24.85807094862085,1988.5835267709472,44966.6699357267,5.757363014713011,99.3754743749839,92.11731504526807,0.7291408828677385,2.1156606413208667,1334.8285570372543,1168556.6042601336,5.6538209336934635,29.522816775856004,47.37165171750466,15458.908105928802,1.4850647334761982,14.3805742541622,3778.7610553947743,89838.56072084194,44.01807266870855,0.011663626076993654,30.434505423897562,99.8383601876413,6.081238410547863,2411.396063974849,333305.9465508305,0.1481597600861372,10.898767029234584,11.753333513994397,2.5044841682909023,99.66246885110839,14.258779321560676,61279.6372410925,71.85403746852475,215.05851266977123,16.385904963458664,8.39431635373686,2935.643254688849,198204.55701315467,13.811523876404072,14.737572876586384,0.41765146174107054,99.51554470776455,10.581955848673383,0.878763208761237
16,18568.456575093856,11.656487447227805,4.658642145637302,121.20548792003807,24.449602304023298,3.429366173824638,738.8605405665454,5061.8528661033215,2180.8009350507386,4031.9922427283855,0.0970048708063497,0.25641317987661777,83.98589464600151,0.01,65.96794946918517,1922.987623006422,9942.995295167906,4020.1728544138064,0.08390267291656034,0.14786678174435833,60.521988670742054,94.45587100506053,4993.54171730075,175.2539416546143,3594.1898415133373,0.010339151438767982,49.826373840313344,0.2014517674185832,983.6406187903186,795.5860546162529,60669.90963964744,0.33702760795207204,99.70690639625246,0.006007503180740045,0.017777259903336902,12.850930259546228,9.820932739805968,1599068.6348156163,16.28777242575286,0.010000112449871474,0.015626601032386354,45.02521644619133,2.0617797032161813,807.0400861871975,950962.9718457604,18.017776048013104,7.813068624171072,10.787019299311183,18000.0,10.434000483777597,8.08617750796397,6526.522579261805,3569140.0882333405,38.766748455961526,0.013435246945200674,19.538459497998154,1.010587583750889,0.15579581708162604,760.6135981295871,442.4014278047711,0.4453822483691295,18.350828919495054,3.0844675811549394,5.120576561468329,0.010488431612459726,6502.4046692889115,292982.2799341896,0.053722434072866136,0.07548843881930445,49.38086969757969,6.0484557722226135,114.86707568094154,66102.89295693261,16.75846888398662,0.13950822331972967,0.8110052167243897,97.66949759986608,4.207251520008442,0.9182580297479025
17,1352926.2214844145,8.919025639542467,3.6186751506163346,170.03764687980723,27.497638284575626,13.479376611637813,2454.963495763707,0.01,59.45360970073729,4059.4408394629595,0.06355742519014562,0.09952503695314362,50.20330335547213,35.80981618094143,81.84692457417196,9986.321199402531,4219.098127572963,3358.9282293638807,0.039453843331549845,0.022323349379031396,86.35191377417459,8.830051369177239,2979.4800492444247,361.1093362874781,61219.63928797929,1.5753149881037336,9963.895509504302,2190.2283012810467,958.1480972755178,561.3945016335128,240356.97475296762,0.6289273695975043,1.9084705460267275,0.004799873740189831,32.69417169137641,3416.09745293014,707.1777271037648,919710.5992790528,60.552830626336124,99.7942397421325,12.407940084428452,0.17264067355566895,5.254289035870913,8.595997357108336,994979.7290116025,10.490170252787143,25.42643736173115,18.18119470698119,17186.34098517183,1.9843813766049219,17.287451043174542,346.6260763563154,123689.98797852348,92.70314349766194,0.016009969181088282,99.50949950748362,52.98079683228647,0.8883580856382951,11.128835119542057,247131.6876820027,1.6479510720970338,2.587600788407292,34.673873836289346,2.521471859087877,2.367199669105485,15.23294586277661,120948.23865580374,14.526448870453184,0.22265085323905456,0.9127764442797476,0.16405715187132341,796.4278635782714,1048336.0281837188,0.349927944057829,5.759528050131777,1.4098715720329111,3.649396336206582,10.423264833801221,0.8781618976848548
18,3330597.212864323,6.8094112463975796,0.10562078692923961,314.97786643055116,0.03813946548431176,99.19410422626913,63.45254168771515,0.01,9964.07453298515,4052.0767474060153,0.03269098928806503,0.11350278894981006,30.017762987471993,40.84533154842081,42.350569970937315,1392.1622184652892,8249.228601202689,4051.4736229469213,0.08480539544587501,0.024608098772770037,88.09621971845954,94.05035886044439,5651.157946856274,798.6973844970154,612801.4865243314,1.6767568641062238,3792.7245849750434,503.5706464994338,855.9544017180167,987.5386577470297,42897.51855524922,0.15498978593780652,7.278717002630917,0.0030292407225537663,1.6702242929942965,824.376432249821,1.825688960466363,2614707.7881591236,4.353670065778603,0.010009554371374154,0.010937844827669276,47.88225864026683,181.17489217429755,153.5060464570527,1953851.9266078875,69.49529648066503,9.960454067001612,46.635927545687004,6000.326449772987,3.0395614847807297,37.97190468012565,5103.976912090984,2746637.5029506003,6.833186370356218,0.008649678692886346,0.01000757434293641,0.5142310737705852,0.32181903239611265,1571.7671683124158,2575307.510882197,5.3272542381404255,22.45741608147698,98.35956500516728,2.510273333638666,3.0107341743732383,458.8077288885539,75296.4051682145,99.203483573382,0.32600863552177006,3.020569273489779,0.6813747784628396,753.348336459305,702438.4603904397,0.49798583104387406,3.3475532857943358,0.9031863395211113,0.047169687074781586,5109.826490982882,0.7533594365687082
19,11564.643614043829,0.08270011832608254,20.927313311812537,105.42833981964358,19.47375491320656,98.59568619680098,38.770917822931985,357.78466597512795,1140.764651136226,4051.2858312993085,0.03300876697779159,0.2560467077028198,80.21205936691096,7.056987653996148,84.81225049840599,471.3690413469189,745.0820924040394,3638.4848621027722,0.03815518701559364,0.09210253111938956,89.21805932746585,57.77300183294885,241.70302425630368,235.4648737255909,91422.71756254465,73.87707457671567,77.19042707837303,36.27430897649714,911.9147648483288,999.8015322335305,390726.7589026166,5.132282129054971,1.1085380328070082,0.002344058138585082,31.67202338421935,4958.904430984551,138.90266213754578,895370.4789998159,15.12016910025004,1.4116555720486483,0.010969112317660562,14.602925059688442,3487.6249716297443,352.38330075054233,933727.3619607675,33.4872888934754,8.644854237753174,64.44720906962917,14236.608751248034,4.0406168212539155,31.578104502580892,1956.0661034363247,5714.727539752163,53.53393796729057,0.0010000000002627768,5.979358758840646,0.35771723979919406,12.596142925931561,5070.472486841717,1584079.925430534,3.304904617998795,12.426652182261156,35.35816743501683,3.1265191788041222,27.733596672033606,58.16932220427029,194375.22826616184,8.787470254274886,0.16722801681317692,1.6427300874945334,0.6332153967342251,72.32207312719589,33280.12758572842,0.5792672803662903,0.12615390370053003,0.9759080597860252,0.8466348664517348,6156.0013886145725,0.8657022239958369
20,1531970.8760973706,21.629559116057052,96.71018383459781,314.7288826655048,2.261171495262071,22.294975070058907,1151.5058808353724,54.3975943565658,17.90223682383409,4054.620581503581,0.03250157290703027,0.0863983982590356,30.061361663652278,13.16310842848176,59.4385168449461,2509.69567504789,261.62728378619835,4047.9984794368406,0.03261299352126177,0.030818117753264963,74.57062953367696,58.44339725466667,3484.664873229108,566.9402887919654,4451.1843913549,2.76326931411699,1063.6103319108345,0.04556461992948371,7.60121811196176e-05,675.388654136417,3464542.314786445,1.0613362073927064,0.543967770534419,0.0028169855753179,99.22278978471535,9974.382932881159,1631.4565554516369,2719975.5204044776,9.484656795269002,8.467092872328978,0.011605023362428996,56.579174627789456,706.4228540486283,6232.664189434325,3316764.850187586,4.499334240974432,49.686761619275586,6.03605762087784,10684.857459075269,0.5256398269490539,48.92271851867067,2690.2888054944187,8806.391413240272,98.90694468282793,81.43527095796709,13.283381302034678,0.5641964720336785,0.010015851160560951,362.6260561112373,3575061.4581707125,10.541601735501983,20.874086968578236,99.99588407108011,7.498586377067055,0.5552586264657491,46.47912579306579,13537.213234971743,99.87890200755234,0.21660204465381816,34.3584079480606,8.129138198363648,10000.0,3516297.764421025,31.06236317713863,32.79449044416072,0.8984351734163597,14.914023372220205,6170.039961612241,0.9413861723226703
21,3642.481624921219,0.012175757721525283,2.489580959014517,166.27095772758446,99.66602738480522,6.805227322152154,44.09777168770637,378.10819105264966,334.2312403508995,4060.7966447369286,0.051536487675826574,0.08600459753180102,65.20647730724784,0.17492364008655087,21.851911363010544,3007.2698814987207,7171.831397028778,1452.6773573196924,0.03279414645377419,40.06722970863351,32.705606940687915,0.06372020497500135,2684.9117915857105,36.38467572685713,674106.8618916491,4.337251967527043,332.3644216536391,45.23265457031578,818.0833115633801,999.0596116356545,1752512.8679140916,19.02304861348691,6.485972818540333,0.002611150971126549,96.71686621408513,4663.329483587563,1328.5700681603757,354161.2789239284,2.231761068441714,65.85874632879711,0.009800098135174878,96.43025443933647,1526.494085606124,5651.563505359448,882761.3114551291,51.19300230351473,3.782079697545082,58.39666909392217,17851.638726093624,3.714434154725875,7.087534208309648,2898.94793745045,36411.223932844994,8.308321879302282,258.16371177128707,3.7877501150631145,0.11798662357009945,1548.5609218556908,265.4917304653073,199137.5132885589,0.7837632801248601,0.38691321541061635,0.5742359466778051,2.500435926182466,1.7026938923917272,3.005481222206462,1798400.0833579795,8.753218095121875,0.07317174011625177,22.98336924316814,8.954395503887687,37.935350066090336,100320.86457392648,0.3045121075341728,3.9119111399667736,1.3196433926464035,0.8287386148505338,107.04493038292587,1.0759467962568263
22,3598610.0117326267,51.40142495578993,91.91452283301294,297.1469486459801,99.9993802825021,1.4672250596311187,6.91218444882797,203.10442677388025,5672.629367552273,4050.3869440685557,0.09047394641664669,0.08832065072991782,80.71578669626034,0.011954601938768615,32.76568178751688,9995.545203054795,957.3329635776765,3643.0986581603447,0.03280699258829346,0.03384407293118479,41.526681116410835,0.04026605782843594,356.83292692786284,618.517476431907,960776.5956775246,52.49326301816797,1491.069522468337,21.208086490651866,678.5919451326944,989.79284905013,2222436.3249412314,4.992345249894987,2.888089180554299,0.0034360693650056836,81.31708031525172,330.96584662672683,6146.332777082635,415453.83703239594,59.71388771089059,21.9169214905035,65.97267060976195,0.1883283127066237,2.019360188506346,9539.914592040885,760167.7400347479,29.789354164275355,6.888977875159388,16.053796027844378,7069.49537672255,1.4439332866016081,41.68336707301214,1942.1105337177037,3412137.2507559936,94.77563695962033,0.01454989861334728,95.04369960453212,80.7890901922702,0.0101127799716905,5320.03179963293,325658.7866368309,0.9229407950026696,2.1937687997454653,4.179712069379863,2.5100684747968223,14.838801196094845,19.224263812103437,892.0983614757057,0.7829813810160975,0.16097912975044143,3.524647242959009,0.07009633140121582,9680.409402236965,2467019.951771769,3.9745365523754734,31.768206923002158,0.829399349766362,99.86128025003809,33.683542047504936,0.8029056825833267
23,227232.0083742923,53.30915369042927,28.588195087248128,226.43195161960597,5.122408286147888,88.29741745737762,7894.515294417435,319.9029382010534,541.3958006347908,4027.292582094498,0.09273220942617343,0.08632323684451572,31.266976814614694,71.74648290942837,9.547318594820627,2713.066278791053,3576.5579992004646,3983.4543668785063,0.097488910854396,0.026918444024165353,89.7495517427171,39.91799395215718,7881.188896241617,7305.511732677188,3439056.0266925734,2.9362274694104142,57.891316015869805,78.99936684518717,935.8141292752996,999.9972098021328,3388981.4319794388,3.5136728908172223,47.25211910748641,0.0029091050840578227,7.948530469362025,1050.5165434094636,739.7886799376753,3562478.5383249987,8.700067463202792,11.049973444534123,504.57718491638616,0.33111768215924625,2.2097566391917374,0.01,1121021.3675912349,8.927530581339395,28.734410932160134,22.75196060872018,14045.232860205067,2.047950206228208,79.35476796819884,63.34118649303945,3719.4808497249096,99.999931842022,0.0010029169617911669,10.574278752899252,7.836369240646849,66.71217490361462,951.339982931481,1120507.7710220723,2.5168293062814637,37.98263868500005,38.143734307533286,2.5108192281501145,25.474085109018056,2804.311736378096,133205.82656433986,23.104980897195038,970.1993134438744,6.551706952459785,33.910997865709305,6043.473586133132,1234553.7870173482,6.241529735571332,55.67869039929095,0.8043653713450578,99.9640621335386,88.19772860027645,1.005344211555596
24,28682.221134288313,44.51272827985746,3.215874488830852,105.0,91.23022485189095,36.951545542414465,1695.8451313482751,3001.646637385261,686.314757440967,4049.427018162198,0.06070882836403456,0.24769482443363752,30.053130386515107,0.010087421052700692,94.27670364846438,9305.284983297892,6147.42252053677,4029.5719741611847,0.08817816666661424,0.14603602603822374,50.48103893551575,4.350531212776969,434.57123234568496,68.90696487461145,3020259.3276884975,42.58273091269539,6302.295578629237,356.59712099248185,351.44010645032864,67.22046853730323,3568685.84097868,10.729870909823223,99.7488310793478,179.73386035699022,0.010084138274651253,7.275641149283103,1.3275586060855777,3558242.1155857006,0.7955626989338065,3.1914974552716275,0.010041751545564017,2.960456703286037,148.59615732485963,216.94326209085688,3586578.146674065,8.093079569746461,5.857297512856704,1.1015528005048827,11113.87356670367,0.42413560316326804,9590.433237865709,124.16915856794785,1305976.3141531728,0.6199428751846328,0.030357219302022193,0.010000379646664389,0.011863181487770111,2.7931560365428543,6784.427783639594,3600000.0,37.981491946467706,1.1485196546091934,6.940476013330322,7.37282860961224,57.76453418290833,0.5218544208815358,2925606.532351292,0.4334092937524433,0.049482945065470546,19.373844494487003,18.80791409470731,5241.325840472421,570003.2896178298,0.16872727881433852,0.09500974354553705,1.3309083148960412,10.430985913206047,14.639546728741834,1.05517774549052
25,532142.9296824957,68.50068040116791,0.459963413796749,308.62059098495786,99.99991034378391,0.3311228039335662,3411.3517050739943,1477.1442319575278,556.2969314044499,3347.30354692274,0.03256361861869591,0.1043082340223268,31.0029875296755,0.02453786926623348,86.46273193086193,6934.778285549176,393.7732136671405,4043.7300365610586,0.08215451842828188,0.10435268416065357,30.0,4.696495135559558,5709.451730722555,659.3189282656216,51680.16850785916,99.1437009113459,0.01,1.7642508684157647,776.3709360478092,0.33572582011009555,1300783.5228500813,11.335569623273816,97.4761597325441,0.0035120097805212765,60.25490990824938,2541.1366217554537,3670.5095097424964,1845035.1173317388,5.293341572280726,73.61233156015113,132.37318269329668,1.4509716685415148,2.639870014215862,0.010003611559459719,631196.9244381883,24.529613939685554,8.28474107240833,3.111576783709903,16861.34059396764,10.128639995996776,10.467230711944048,21.23177091214154,46371.2838394273,18.12752348384874,0.006146586226344629,2.3500083863892094,12.711343303274887,0.01,372.7719041361764,2216506.0848250613,0.5299396251421645,31.22613032630804,5.368281804564088,2.5027271619136187,99.99276957970055,6.103760239123122,360.02125660847753,9.237126873048691,0.7099847184804464,99.4536101310736,0.557245810766669,3812.88104005297,55975.306327394115,99.80289873571341,0.4201852028510376,0.7492972721466616,10.670697425973067,3451.839060043106,0.9628222209931387
26,2283.6455939659045,0.012397407595705541,1.045909056303858,108.36849380742102,98.8248716293854,84.73217277878108,2015.9269124427997,4081.12686244949,7534.374053111689,4059.408402335117,0.03263538676161949,0.08601150035310581,80.13572272414724,0.024005057148844947,6.478749925274016,3026.759400776768,1588.022385881755,4058.440599186792,0.09745459538065375,0.11106982673669745,87.54100464842182,0.02518735403661647,3790.9521458899285,1125.820442911924,3820.0096039749296,5.640452342411499,0.01,0.01,0.29674765888665333,977.6565900638892,624421.63606968,0.8046893687808729,25.94574881718957,0.002112255767696245,14.66469655824807,1351.3398361642792,2.937066147416356,960198.1465849779,3.785086485272605,90.03531535340706,0.009845557466408904,0.2353428997007441,9493.287358599626,4713.461658606231,43107.17351352816,13.242457251415967,0.04267007465801273,9.09953005440762,6048.863048098588,0.15831882469522576,2.170880540024146,9936.749045135886,363.90006823593035,99.99596467650987,0.06562488781799415,1.0028597912136656,93.66019894165827,544.7014572286008,139.29957161552707,394060.6745885973,9.885520642356814,0.08238707795497219,3.229126886834213,2.500043959465741,75.30724938729783,86.14690818071452,3505991.9276247267,0.016054193449069686,0.0779832553476792,3.6369231599461203,41.31963361056884,6792.527581064535,880042.9205775888,0.5082015133692238,2.742082480847437,0.8339914487084656,2.6266698530929764,2.391674745948547,0.9684841915539182
27,701293.8064016723,53.25698419891957,57.9470654234991,251.477575286084,88.42218457823587,0.7183509273755926,3432.562290513527,1876.8974728954765,241.97679320418817,4056.4279146222457,0.049986761624945586,0.08681705571546189,89.97560434312307,0.4190929999274295,10.555247796175093,9834.59445054087,303.5070751430204,3970.4276606166336,0.09724163327184542,3.648292704327057,69.59385995443127,5.279031058446263,1588.2659033073694,300.1813154119901,3378162.4391271253,7.470523733598972,0.012081338654096234,9809.188880651544,966.2510062272667,621.2377634385172,3598192.7578602755,57.23968915387559,0.35070958851838496,0.0034291220604649128,45.39986624178617,45.76662901703951,168.7683482433044,39957.136011429364,11.129973430127887,97.39336916742788,9.764831180534275,0.804182263075849,2.738888042501344,183.91633353856824,1209963.0484412424,11.529912575214428,12.38247281167249,9.014707578113933,17307.190596860444,1.0660779155798281,8.188586037715327,241.13499391640298,37110.67369618795,37.37906064550044,0.019512971978073328,8.377535491796962,0.8015763564830395,2.212023252343687,5033.328421589529,437112.7309280709,28.59368665567014,1.3931917040974726,6.112057468826467,2.502132668979039,10.57882530555417,8.628143439583376,17310.061085442518,32.07872770569231,0.38026645367072376,5.794040205899129,3.4900395823381967,539.2327653383277,3432990.677767826,3.272420702756446,7.757672175167888,0.7600679670894865,96.76250395351416,0.010013445660245084,1.0720209759251655
28,2681.904848620412,0.04262387910191535,0.02907813360673515,187.40665502356163,92.1761966844644,0.010147309862331467,9097.535084453191,299.34705117733745,481.6809647240808,4060.5953123375366,0.042430369343582006,0.08648924601466924,77.90833937763684,83.28747378859373,87.61947801471753,9987.061482055893,2873.4017917649808,1385.5386278326225,0.0412865120708363,51.84704400130462,76.30817073810054,77.48610487203821,7.063539650319038,174.04552593310768,360.01662542920656,99.99614936195196,0.01,8810.69957950361,4.112564570120483,1000.0,3059518.1470439285,8.161997510152116,0.01,0.002604795874929902,98.29076555901591,5748.763742367531,6513.759962747283,201850.02516087756,7.157761031047227,20.744203546363917,0.011157392556009116,1.1386661787432906,0.24180161460086946,688.0886727150972,3600000.0,1.2790875485007491,21.478791218260426,99.99963535376041,17473.274303887232,1.0823627514254608,0.676758916094283,9632.232063112686,428.41610413162414,60.30565767537325,0.03275103308721447,14.78633897567998,0.04051751219330453,9970.78962815147,802.8758604814751,1369176.0196276682,6.514160000538309,0.9872401307992162,1.7376793861056339,2.5011317682400205,81.4814222758088,0.8761611906610748,1983249.094323363,1.1718612150621808,0.06889248749947487,87.11513361558175,0.05595549538826629,836.9827152417325,7134.840598897405,23.88824426511953,0.026727143813071393,1.2413301744850644,93.88140964604258,3401.282681625752,0.9214668592059264
29,647141.7469366773,50.42601994723293,61.932009528486645,275.8380537994174,4.904036857245171,15.531129219759865,191.85530737716846,161.73400993371942,231.32253278979258,4019.0229532088433,0.038393294129459174,0.08990086631900837,31.62063255724409,7.06786495337951,16.6085230882502,2487.8418166182823,596.2352660690965,3830.0885824133525,0.0881680092477699,0.021556325697068668,88.80348125521772,20.212160316029372,1900.494818780968,396.97232630434235,724243.6806277956,0.7171185216757634,4917.154969295928,2896.2194725262316,224.42968212571319,426.4793371688876,898100.5935201657,5.566199379605811,0.3733887666720589,0.0032455694286888702,60.19867612715132,508.06485422624417,5323.462032613068,63638.227278842794,9.741852065913912,63.48367133532461,36.30789936708201,0.7919341362934037,1.8566802329861605,4832.309313402556,1668243.7348237804,81.40496159666722,8.200627703134456,9.113219747937789,6280.174686946902,2.5305602370981024,146.87871633264487,7847.126306191782,925.2763971803721,43.78390749071278,0.001000000023453145,7.94536889552254,20.37788174160322,21.580360078461858,821.214674924855,1196302.5505508594,23.153429575538944,7.032572853848956,18.20268097324904,2.5016573499616634,4.896946489452267,8593.580073395335,141317.82832298844,35.56158271631748,0.2886446309952296,2.9545384483369515,13.145943988238404,670.2522698722227,3294290.167757147,0.10101971001850116,55.77911727452933,0.8715685905996253,39.607116583301014,9.564689677827888,0.8651686122428588
30,41935.75698481885,58.52369671964199,3.510112407633127,128.7669350002619,16.756801750410595,0.01,1465.4661846670313,350.3587193577337,772.0172348422777,4024.0543198237538,0.048415848655713994,0.11410501099818172,30.146974873604478,5.696967296032221,5.495583232822935,3717.553075599583,2126.6994062373374,3996.0612372134,0.06919755351286001,0.053529137530090955,60.98721692322585,38.714153625933726,3213.537121513851,43.434558290555174,485.8967408399517,0.8909864046691525,4098.598658115398,287.75736113158285,540.981403763466,340.7544663411596,3433931.6803913354,4.432781241947864,0.3892760874618935,0.002874360867528291,71.90321824977845,125.72296188627696,2718.8119913448527,3567375.7833962403,5.350861395244884,92.33899637924922,399.461302439744,0.6837458997423373,3.2199227895038853,0.01,859355.5421970241,6.2484951627803635,9.82848439691086,1.7184378022669617,17999.76280483204,5.483440068053315,17.162466629956246,738.7308166753376,3374520.2753669824,0.025314290838033066,0.01412657833264444,0.8656934609489578,1.9307441336353655,0.01,2754.5224378186012,54505.023871758065,94.30548525693729,85.5501368771869,8.662860481095652,7.49248193076962,65.10735079684,659.1319649531755,3592549.767619162,45.974824191165716,85.77713807013858,0.8650803277329869,0.14564778365489908,21.367831060186365,546692.1124608944,40.56709821282623,1.733726165821893,0.4780110646633858,0.6807706753864537,142.26907706060356,1.0478326628263415
31,107252.76984239367,0.24966961908842072,9.16785709897129,177.96114016237075,45.630396751920784,0.04114896766974163,2752.588847323685,1752.6588975957495,8922.376581725963,4055.5416430870896,0.09709741650699323,0.08600415064726302,89.88142064367048,0.010124632823409372,86.42289771141793,4693.261435481691,24.12218628766106,2487.105254971773,0.03272884526535293,0.07278183390455625,63.523286961266564,1.7940145900693065,8681.430731806533,2009.1056948870048,364.20861471588574,11.423602919277805,0.011885903162807174,38.79883264172639,3.8926469990306822,997.5726849867144,1361982.3443992839,45.160750161794645,36.10422586516354,999.0116181482458,0.010000030817897965,11.830156360540498,118.57882163428786,3334602.7624361455,10.788749310076607,0.1093266917626136,0.010178208409675796,99.19883116607328,2615.056752684054,306.49886445001835,662730.6831190553,0.8405470802158632,0.1820253016888249,16.806255499197544,6869.35906115814,1.072237812863819,1.5204302289133975,0.9958648386531902,1040774.3744396013,62.99781478852338,0.0010008082800792779,0.5184663442012802,0.09084303829943646,2.3968904345947757,392.2435609941917,5044.087207284157,86.81201088472076,1.0994367373147347,2.2610267154290007,2.524155455899721,96.82814286290133,340.0177232221998,3426041.2068337714,9.818461248658762,0.08473781420543254,78.21175769475127,28.88625751259401,6954.296595503049,270691.07360838057,0.02146654869351292,0.01006791679117379,1.385028001635787,2.823839542775793,8485.087688925909,0.9664775033392015
32,3595345.4774986277,17.285744012921832,39.48595859837354,288.639977302099,1.0301515337586273,0.28443598772898204,579.0827329381411,86.49519351864981,1385.5786002358743,4060.789222370147,0.09169935048272779,0.086448248515013,87.25530540930048,0.010003179146193943,0.6530622496348535,9961.16731110263,180.38410675679998,3095.460714251583,0.03250869338442957,0.05622263825672786,83.09982786113117,35.07254963878402,6517.204374433969,16.831818011418022,608218.8535935057,0.1938154397102506,2.392024495871582,70.17680993153661,947.9110136610082,688.6973433119097,2924690.4443881563,4.677639958182393,1.136112754913145,0.003164650951286514,5.245080903874173,8.560139809256444,3237.258085999748,1394570.7844422695,19.967731851390212,5.716887681738818,0.010346636943879767,75.65240667378033,128.14133018068463,107.19059524621771,522423.79128016485,2.4271428045215284,3.019951611472674,1.8098228636944036,6043.433396601377,14.799371804377127,4.630026941354999,12.869930663026546,1169504.4709309798,77.77247751581561,0.005440484439731283,98.69925562486632,0.42938297539621384,0.2000230001366611,4.9893567949933315,1419.210068828679,0.08986380773042921,10.467246657596645,8.053207433071265,5.696441189988227,34.03035013412473,0.010132384155293748,2485275.04900799,0.020472601070075976,0.0897020832837731,0.15239691427349078,0.39846371878242076,8.551826824869506,636805.3018598034,99.91700888813172,0.0525346847950208,0.747182843003963,0.026692575459538737,1850.6620656371238,1.079961844665552
33,1018043.1517694397,80.87588694479732,11.135930456555352,172.69066948101232,2.9402844209463743,0.3793078908391433,2537.8379607947563,377.10071664506074,5282.130123359518,3844.6842816491203,0.09748626241456979,0.12713334172831006,89.88218261284793,0.010031994970986096,84.49590769419784,8084.081230561688,1944.6429931195507,4043.6558564870647,0.032845199658678915,0.07132724401665946,86.70353620444567,0.010000000101552449,2525.0824986388798,124.14984807463576,1530.9001269093224,72.10577139525188,8881.715672910554,3229.9678325698546,204.53989685367173,917.8767907545723,140171.49006058485,0.7917352837047369,45.783676460841654,0.0024628724073567083,99.53574131678045,3371.378269937761,2299.2377263818,3600000.0,72.73770967914733,17.6149645644448,0.010085564192559364,2.2116519454894785,6613.515376697537,150.37395479311644,533135.178148521,83.31260991915627,88.51194916533511,11.570584042883485,7892.183640354609,0.2554487086175269,196.5226861977033,4176.872330412635,263903.2881429502,3.8787380669389844,2.286259266820802,0.8597458201344363,30.755819826833292,10.577611326075159,5259.039026736826,3440560.541445549,0.9969709972845592,5.730269079399133,2.262997826930733,2.5012562465474386,0.4614196704155351,35.32460892508471,3555880.9113641963,0.01,0.07621831372357138,0.48848649723282983,99.99999999955965,610.2547659597379,273142.8425629365,27.734648637479363,2.788912785678288,0.7921186785045935,98.56133161515184,9790.520068736409,0.9505556245554088
34,386826.4338145439,79.87717299148896,0.011013563342865048,271.18579098370697,0.010000286247651468,36.16258977760402,21.7988328471191,35.86231011201537,70.18673783588548,4056.626519630603,0.032535117964208785,0.25419168084776744,30.056818128206878,14.063075735827896,60.36416774879249,9829.44463527849,548.3745837186641,4058.669262735961,0.052253110793916,0.0992805137343708,62.451575299988455,50.559228140252266,4351.853358666479,1033.3644680533862,61403.02634744017,30.15657480944814,6.541941346103706,0.010580600652798615,0.0,3.790074526486198,17267.48854824128,0.010008172577195405,0.686133026261713,0.003336101475734149,0.010104010681787632,446.7088923659157,856.3632274515184,968675.0554639819,0.2817866643496349,0.06912806414781328,0.01057566843502526,0.6674715613792211,172.96123187242654,9119.560864095207,676479.1518107343,92.68127726731906,0.4365775072161552,63.67171389225161,9143.96584433781,0.30904025999057955,18.273028345096627,6284.630321916575,462.46997555681423,95.36610228157005,0.001,1.7368878524344527,0.37858568649856367,2.51240836879904,0.010106343622203175,463459.8645021837,0.0553037378986954,2.7688155693568954,97.19151686819372,2.506733234652159,0.013760986598183384,10.11844076793223,252109.28199818727,7.194257753640718,0.08405031209416089,0.7464067303880335,6.082804698008785,20.128152297358845,2877877.745703674,0.25999812144334294,4.900581253249095,1.2037568178238358,0.02394154888772431,19.923487063151416,0.871236010106972
35,461289.8678528158,17.504596362466,36.79847558348507,223.19020513643923,6.687780881962865,6.322023809947993,549.0785281336507,1533.7875467671122,295.2362998978042,4032.4660692064745,0.07003796686757742,0.12536198668013,30.977934265979215,0.9903729824781845,7.626763891134718,8650.196846748593,2141.7116770223474,3950.148946995639,0.03952985690371458,0.07861782842265161,35.89306953538015,35.863000132840945,1333.0260670296884,15.610981093333073,762658.4917557036,98.39852687747289,625.9147224566708,0.018662182722580366,4.990603061978751,0.03267681560931914,138804.21323936747,1.93593049570566,91.49665981451744,0.0029138201030956667,40.887417025097456,1009.7018453289047,252.74779477262427,52175.36730851075,5.71081568823376,18.072392730604083,0.015753142173287053,20.151941657818927,1.548987638569401,3.9842626335957174,1272507.6880759338,12.678322030797506,0.5196089725018931,1.515847343169808,11302.60938775753,0.04440129905510025,35.343026475833014,4182.555422621412,117984.53654450251,20.212304836407068,0.017476210025174813,0.22165781401141127,10.518542894810295,0.4018212405188196,10.739588469479344,2389083.554243454,8.958222915597231,24.829262116752098,10.314468541564027,2.505740248115439,48.66742796078487,39.304504471500984,9215.961783816309,0.19351279399557128,0.14367821526195954,0.01,57.18918021110322,2807.1622654283346,169249.23109509572,83.19187282862924,0.5045436858490219,0.8774346150641015,8.728187921957527,46.255460401981445,0.7820065858572883
36,6924.911211151772,0.6128077813276128,5.4240526123678094,120.0349258041317,2.008288344849203,1.4840957580776133,6940.697482500405,196.33154742007827,63.206740967363366,1553.3807897607117,0.04326156498521562,0.23635546019639692,89.89865912332483,0.01,100.0,5009.746184426135,75.95207647549054,3801.1633829274565,0.08825456871778439,0.023429676476527692,66.57283703564866,0.012661079774069309,6605.137674327435,881.2631508884455,360.7013019950046,13.658350058591305,126.08973772469861,0.01,297.8604816170569,979.7325869950723,3588545.5839054585,1.6486618414474077,1.4498835383061077,0.00316572573238081,78.92654968766227,1861.2634280796944,0.1420255946743718,278586.17414777976,12.995005480288818,4.529154632758959,0.011600014245275821,1.6584026446738906,1.497811292711566,48.04114097995932,3258894.5487747784,4.65810353341654,0.755963350694207,0.01,10061.765179878565,6.663045687973792,6.098284680072229,301.3441002505952,500.1767126646769,2.1523416501014854,864.3176196263005,0.05509920517911899,0.33718957587030296,9933.541319160046,581.1466964750941,3566671.351603543,2.8678045858377,66.94384461539906,52.54503451911826,2.674900040655164,4.145531601323124,8508.568536020317,1671.4957769928355,78.94655951710256,0.0010000013278908598,63.33075926354157,0.2231227886542754,0.38434335216364507,230943.60311013903,5.286377443983065,0.9338598123506241,1.0847514150117115,7.909043909867641,14.085046091435538,0.9491418817150407
37,2778095.470920819,0.010625735303108499,9.358713571062218,314.99804619150046,99.37572795106138,0.3897601735225345,415.6813455116705,769.0523193976057,0.0262409282053704,4060.7886351131906,0.04016671108584793,0.08649889184281612,66.97344047056379,0.37048777064013944,1.5990839422570726,1941.7611763308234,853.5500499466406,3313.9134739976416,0.055782946341629946,0.03341025926715673,86.93984583312974,18.354414426627713,527.6096757186829,9940.689848792468,1569243.4392965,16.511720844192652,5135.753414199895,11.974083388640125,765.7002345304381,357.3000449057335,77454.21662166968,0.012204534609178232,40.58115943775365,0.002961382198514931,18.490188239809342,9094.592853940665,5.85354512218871,2090222.7360481757,0.04907658013953305,13.490059829623897,0.010696492371388238,0.38609242536523897,2693.9938107526086,1508.7890179417116,181740.9974374108,10.448914513848415,1.2726087759242808,2.115034851114223,6000.0,1.0199391444438817,53.5135944728767,126.99126004404481,41108.00013700728,65.11686488239455,0.001,0.029240383712826792,21.8167732057598,6.6484191040869085,6176.363597367804,662832.7623454452,3.0881559344989995,14.385538137383952,8.467299712525154,2.5003281744005954,94.01437239336279,953.4429270294717,171113.1592464238,69.931373608052,4.65465916212148,0.9105316722577503,86.6341933099303,22.97326985053455,492668.15549800114,15.068061574427187,1.4952182866286787,0.9958744629684141,3.205594276557102,17.531637158315206,0.8020523964792731
38,790634.6835511723,0.01588949033400988,0.01,106.34480811418736,0.6736904000396152,0.4535490614159361,4922.607426803551,164.6911063805152,1818.7798091374807,4032.027679402658,0.09467292355453033,0.25590066559114677,76.47344945942024,0.010482483764718685,76.3713359951317,87.2637398040815,6882.6092619995015,4060.0048230467164,0.08369054369291454,0.12170646802986719,65.86517311399908,0.021794729044985413,2081.249173170022,4078.752979141111,360.0,99.54624102845499,0.01,181.3823218916183,3.101881245050323,935.597424088525,1232434.9026523363,10.919751047720206,0.058129690025185116,0.002931187314389557,47.20439884348592,885.4171159427055,0.7883221154693025,272275.75455614435,5.604776716595601,4.936190335593071,0.01362418067023648,4.187674335466109,0.10421142401339048,8641.04994813608,180302.92191496238,3.9661138491986163,1.4013020844741495,2.8183986824393257,16159.006238348613,0.3349892399554226,5158.067712977592,179.45967428221397,784.5198649542465,25.4679413363899,0.0030509678685409335,64.0918763111874,85.85426149334133,14.067029900616172,643.5561906934307,331198.12526186294,0.01298228083319314,10.784266978476156,98.65119816928276,2.50150188500566,99.40697381460595,3593.260821359801,423576.4456961172,33.617351795610354,992.1494149444253,7.237720411079553,6.586836723160158,6875.44277245812,386489.9583115611,0.026936507724392603,7.636006664528727,0.9368929995939465,0.5211692144681364,3.734476424351249,0.784391758371576
39,140383.29401779932,5.803784217916177,99.79451287206616,141.68986322921066,99.96246690432426,93.18515723247872,217.74661649078604,9998.055311513368,22.71315900779195,4059.2754172409286,0.08700968882838724,0.086,30.14158244729873,26.61262337491786,35.22047120872032,9999.982145573025,250.24664728009844,4051.87734017096,0.05946105459274081,0.056096272134799945,89.96351134446505,99.36873590062054,9669.119444844415,676.4009576137971,155764.94893057094,10.10871157163464,34.22522126386145,59.00144590439065,134.0879491288286,564.5712094724922,867975.0311393262,7.5103777383633235,7.8437887671198325,0.003301937723113396,12.953035819275398,4760.859469494379,3.9677489525506195,479282.3055127709,30.954212376824312,0.010804437681454554,0.013790996355497175,2.5447220524461773,0.5716288770484812,1971.7891567311813,800658.9026699758,4.792866424890114,24.060885151006264,51.0946998687792,17999.88954776169,1.8098681710725155,10.931037393891023,471.0805040528197,360.0293069373913,95.6501832861618,3.9541601328298586,19.538067030366154,12.566494494512673,102.42528568759305,3.1930252598702578,2461520.1809611064,28.243348977373802,4.086586427443577,1.402292898346219,2.5000050173122923,17.563205157971286,18.23580101135845,9829.149152337357,10.947073233448522,0.07747698784158363,0.8675781216675381,3.698513691167065,2528.937068583126,58178.912818773926,0.5927859441743646,0.4052440836214,0.9082525992617128,0.09943331172015756,420.1439818676796,0.8667968190681301
40,263378.242921949,17.40260065303118,13.197643855777459,314.5464976241333,10.397449781811053,6.548709243942035,800.8690055872089,288.4842076651995,591.5418612381222,4060.797598516896,0.03250747772277307,0.08776482021687816,69.0969660279221,0.010029375111741831,7.710939798360204,743.0342619135167,5783.782830561903,3876.6389151241956,0.09682262236823734,0.055097267795661674,30.0,0.10830772207493305,1782.541679563077,2108.067218608179,430.1161933316512,22.426928925825653,0.010420939607011927,839.5262577425376,3.1277399089696165,23.262984916247078,83657.11587514746,0.2008470359877748,0.01100723842888146,0.002589711896255587,1.6926079397257188,69.89218480257968,1712.705112930688,3555115.132852563,3.841757114341053,0.018338866606423414,0.012912249615160208,0.6930590396308143,0.01,3147.0189748523717,1216748.5697492068,29.342945634216555,9.470496731926167,3.883316218034025,17594.0880597973,2.493282096752675,3.806475376682869,2219.6375804955464,360.00066994434076,9.45379774379236,0.005527359762109048,97.35413229395043,7.288321331052723,0.5038544966246616,225.81695668585644,352916.6213614888,22.8865384636286,1.178377640523575,33.20209608683519,2.5006738729822824,89.52068272066312,5.590522415458831,94961.06603639731,2.7252092775274304,0.12322369625786515,0.14224162155058684,16.521817789066347,1803.7419153664137,1668638.3115984476,5.648060312283093,4.451338155326225,1.102832269058762,83.72224661471277,517.3836324901472,0.7830349082884831
41,107214.22610915411,6.555201320664879,0.5274705537821485,139.87259708039002,33.21451049142099,3.573463936033154,134.26141756910764,468.33999814117317,3638.331293296552,4041.206693474654,0.08773969876274951,0.25799989290340525,89.98366013831259,8.831913193908393,3.8461206124892247,9824.52625018725,439.0694807961355,3391.4130786066453,0.09749149950191967,0.10318913490369201,32.74983552422081,0.21711177809056179,258.69929080898953,21.98422484444644,927913.702967642,98.76605540182274,0.01,0.010002239965936839,960.9165841366608,0.10437013782518524,2171398.3764345185,12.162566638430526,0.3538640645132047,0.002492654235332701,99.38409215996496,86.21394829507697,37.71801573296183,63914.88910199919,8.290161738478673,57.31655902181269,25.17749156789611,1.0188683423148868,0.31939083303101184,720.8945872730416,663019.1443236099,0.011073965835894723,12.693156984185736,3.2193182234074285,13646.319333330617,26.59159397433086,0.9056608605024669,110.82780486488379,4771.217523462146,84.56111327356373,0.011085671210011822,23.32830751163271,39.01920838379962,5.491612539342272,228.73173103050416,1527153.7076787797,17.65533120966397,4.3620607943345515,7.8088901357839,2.500002231991073,3.5964273153009936,1685.8249324678152,26933.832330921738,17.79744925615035,0.190912937284245,4.126967838138152,58.40532827800637,572.500627333856,294956.2886117623,6.197385004148011,0.4250379408507907,0.80434402197739,0.10613862962774695,18.494474011188665,0.8646229402471253
42,2389133.1014498803,4.515396147287614,36.98997286459037,314.85655452703907,1.7288725702747931,0.010003010111038818,15.093015971863874,1511.4055958958218,1656.4508075284743,4060.458785109843,0.07732797459307661,0.11106115583375983,37.02527119858095,0.01,8.33454840393054,5618.584522677994,646.1293329790699,4057.546767235945,0.08951989657102193,0.14051575399454114,86.82762104020415,7.136492904909585,1232.7128247643316,5968.793794404185,360.0007811873347,10.834842613517214,431.6886120938117,343.41122014528094,427.0236931753476,960.5257671167752,30145.369187999055,0.04212278110439935,0.03520673994057031,0.003168288854380612,9.359780806739298,467.28340336483336,971.6371666782002,3589614.1629478824,3.4917372462532756,0.026359919883161404,0.010403807697137054,100.0,245.33550588318676,733.0171142572731,2040357.2493533245,28.542951500493093,23.045399579543965,11.891807507801962,17468.306766935242,5.748659344490191,27.661591093277817,14.052776548475817,3178676.2523120902,16.270628645652295,0.010370515660028104,94.73275340432052,3.1479729434473285,0.01,27.43927896002372,3033790.8644832755,1.453141562113231,41.808282634508465,17.761237386389634,2.5026813961249417,0.43022814863455117,16.902007583201367,42097.637787514286,21.351895864620793,369.891196809266,2.960375362696397,23.52292544589476,78.31953759016884,8313.542607403328,13.35552008122003,27.225955363734116,0.01867248063089726,1.4562312982777847,8911.507820881245,0.9210612761407257
43,278470.22418535105,21.23860901072064,0.014938686676622124,314.68975368126235,0.010000058130415879,1.5704487527258983,416.9425869500189,9894.993633133801,5.938324497392653,4056.798733236077,0.08960706265617781,0.08616341066580174,30.0,1.0767836402264126,3.913305881532946,5421.501686015081,6339.758173985411,4041.3286655320608,0.0974986460274682,0.12004820931258721,89.55780364386165,4.484597224126591,3003.406712862829,74.9782995697614,14506.132263228426,0.02813715691959234,7116.331166136109,8819.32387242752,48.6237081501139,999.8240409392849,3527657.500878278,29.072227004528482,0.3301389024770665,0.0025218779238876223,1.8090730993895012,932.6294099191007,323.35596261036267,1468014.7699017045,6.882587847524848,15.54623981022945,0.010333462845620735,95.12703628640402,4880.209834154121,0.929475020120505,19162.855004222823,15.100210784513072,97.43367726870262,1.4255600268201079,15049.919460632678,0.013609710039591275,58.787794814590015,1145.4470013863584,81161.22881260976,0.37453131036561454,0.14367825224960762,0.062336872006135455,54.30447956631331,9624.848785630571,167.82194396649638,2566250.688482277,0.9436664224936674,3.6001844065217594,1.7318853016538205,2.5134305464347135,0.20023111337399813,13.95717336801788,3599752.486578446,0.043719719882112304,0.0750333826245911,0.36852254790289785,72.63728360979506,254.092023243625,430634.6668195676,0.011510837863169126,99.5666405608387,0.4962212872282035,0.8562364966629825,4709.901398541477,1.042815996796856
44,3155285.6902061156,1.5012819049226727,12.642891841856068,150.8894376997955,7.638417356911042,17.21788270703306,2314.781445028863,378.8739540081906,2144.1101291843047,4060.5123434929733,0.060654404514044566,0.08602024090364419,47.78519738396156,0.011144602556042417,89.01142779492095,7816.78130222719,1763.169644277384,1369.8936204918102,0.09603113408986995,0.09614868953965752,52.129010671747196,0.2541737513264394,497.43400443022756,170.41449702014617,360.66526989105097,12.132582785015863,0.01,0.0100044244631171,739.5187673383924,507.59032625347885,3457615.8853737283,5.426708868408281,54.736232352594016,0.0035955120001715775,92.79388558373488,0.6665998688452172,1151.0708747018791,401286.6440927869,0.8700905972013617,1.33922065650782,0.009809068476093044,24.4273899261999,325.6782990125087,0.634716335815931,1766298.7076639787,0.8668009149972903,8.796447593774243,0.2494027311852991,13445.95071308854,29.41084800303807,1.341758392120034,29.472618278865305,812166.4144343558,99.3613988145294,0.007309001258440069,6.264753524796356,5.409478333645556,0.010000126573444743,631.7140620917576,201596.20687480134,11.559105539010885,1.5637880023151502,28.628247249373565,2.509781760101646,3.671984546898349,6.056600043050597,2148581.2369521633,4.636242043910243,890.5299311842798,1.5569874488240842,14.726216536393185,0.18951413793283758,134319.28672202656,1.5867676703687006,0.6603470616740944,1.2750594252983116,0.10195098938549352,2026.9211098205872,0.940611359929331
45,3175643.9825897724,100.0,64.60282643215145,289.1749749375863,27.11713925143558,0.01017062166236129,56.3972647794175,895.9087312832768,191.4896255304768,4051.47636845691,0.033243805285836765,0.08754971292239073,85.22135255866127,2.9859939703282183,98.86212419736532,7710.000192916786,388.8696980393808,3856.943398599738,0.0401233073372651,0.013807727064241396,84.9979615140349,99.44285045928727,112.65602217375903,145.6903707417467,1062.1995894289014,70.13706132333922,121.5074220532978,15.708975033274644,999.8814967301904,315.51532801425003,3568355.744056712,13.84292352769069,53.33818201718218,0.002421944424283004,0.010000430001109681,1574.6920344531145,9581.314628739043,3536806.050536008,6.128761388794758,0.014190354542968388,0.010400533517690425,15.14071423345287,336.89399957005435,9540.19862468567,39566.303677352436,99.99396014368789,95.02591442818489,3.1431262229361123,17993.881785681748,0.28707080319679523,47.8933767100808,531.4446386417625,144781.57113713617,8.536994886208428,4.5425347458020955,23.816479211481123,0.02990836489679187,6.796070716287012,9984.550181696033,3584225.5098792203,0.7063499732415088,8.735131836697207,99.99477459764012,2.5009394513202468,0.8960828227693913,25.60386633156679,3568948.725360549,0.012931949087564693,0.06863982957500132,35.98995593847883,30.433242979489393,4789.698572930042,1097780.2849239097,3.6843839104051366,37.95467929466498,0.8514763824761175,18.894370364442427,10000.0,0.9299600564570033
46,514354.93205544184,0.9214926765606081,13.685625932778086,302.2924837089469,1.9783667076955687,45.490635993863044,8.893093153321713,89.1983084535294,9.560063250110693,4059.847400646758,0.07453369907673248,0.08601747799919973,39.62142658057497,0.01,0.9647660678574183,9997.06938701815,2320.1300611769325,4060.7999999999997,0.0617361283440623,0.05771256820367026,63.54146477148383,0.3754576772297934,4750.158521077431,1349.932309119943,1018294.0350322092,0.5072822649097242,48.71790974158458,8513.733437234085,613.6216615553226,999.2192296349655,321740.1699774974,1.937046050607685,3.6121883510284882,0.0036490095248544524,11.033071619020674,218.41534110189085,1033.1544773674323,3425096.1325749154,10.685178245462271,18.52118834275972,0.010533637557384052,0.5830865561131674,33.61102324997427,766.5194294185025,3598388.7473922493,18.51762512289251,26.503430902333985,3.2066445885245294,17005.93279372535,1.2075306890676998,4981.087056253726,33.62396116056289,464168.5983409356,93.64889259183896,0.010740300438080528,0.02723393033765556,3.93940949018369,14.409456536148777,2170.7635852753856,1677877.2936995605,3.2052600731988585,8.910486223137564,58.23360860674401,2.5,0.6367476560522035,10.86841622508015,18050.877104566345,5.710705964432407,448.5239444286177,2.6590698663411305,12.35235187957018,3106.4759260237,988460.2812474789,14.764552023955275,9.711745121451584,1.2675736769990855,38.64837473052841,2285.3755032913095,0.8387931541824101
47,1331099.0947278657,0.8702801217476804,0.5755770498530506,314.9083212872061,0.013194274719384499,6.854791852754513,2.4577491051996243,1202.9973148079375,445.8084840989601,4036.024093524358,0.0325,0.2578769263170089,89.9903135488463,0.1034555874306367,4.7818145180696625,169.09092283970733,344.4006153382383,3864.5742687089323,0.09716434400443165,0.12733950356387752,30.535103399418542,0.1655487291118578,3058.812323497937,123.85907668007108,45600.84115155146,99.9713394082677,2500.6511849359067,121.37067845028146,453.1993986835428,639.6710997251232,2326776.183341499,3.4983048450772865,98.0624507890951,0.002998472525057898,0.010598541913080661,2846.9847178690256,1185.4450724315918,2489967.8172921846,0.7451981760132805,0.019839899677627268,0.010548374121555995,11.581497078525892,6782.386935627814,4.131087137577955,1086208.2030063765,22.875887449067687,9.66117506014864,5.957587279687503,14668.72306133891,2.1125408277932705,15.014653764158737,1156.9933916427215,1341364.3531321504,91.15236047612483,0.00589492976821944,9.206294476320497,8.267419155928227,2.041285913634136,0.01,689184.9895312666,10.478841995396802,3.100718319757943,16.612338135304796,2.500170694322009,0.9309036423362196,2786.7997831594366,20594.8740034455,6.851069619144548,34.375666891359884,0.0877737676647981,99.89170420611885,1677.0048853461135,2032680.0401984146,0.13988125301407506,20.461148003270424,0.9143961672827507,4.654191000294852,3.1784494280211075,0.8117736864892486
48,452061.91571599315,15.565575965330133,3.9027585493657027,241.25677438841748,4.75137481616833,0.01,41.86943876486248,843.762606582124,2564.863298792877,4060.658932881478,0.03993287990058395,0.09994016160412132,89.99580172097592,0.010131650983277118,8.608579136017259,9507.220119625026,589.2678567437886,2841.97903458178,0.09491548257130066,0.01,80.8775813972806,0.02600569414204303,1466.2839904142131,4372.189235069693,567.9420160741947,0.44852695420425515,41.904192190162725,3263.9481399232664,5.428310760575037,107.4447449555445,1351702.5634585076,16.980896496835545,20.229372299552278,0.003868756906250393,0.012867641815907278,3263.833473418265,4564.5643009891155,618383.0240689311,0.9536529049793943,4.589699050536016,0.010264607609829446,10.65775704804884,3321.3725200370104,2168.113098196241,1073386.031065397,9.616891706033288,8.144548530280053,7.787936337153045,7349.946869882685,0.4094615963544485,31.34821089814611,2211.8046685525496,6894.899068422646,43.02534276420675,0.0151125365592948,17.428837972494716,23.302636032338587,7.307287504377147,529.7657580842249,1140572.0885720549,5.232815826979503,5.380807682376871,99.41707727295275,2.543262079526868,5.7154227395668045,6.0721598199727715,279892.99380901275,99.69668611767842,222.30816357411544,8.630828562987903,52.46362105621858,2524.1124442293094,2543680.460901209,1.0294992798341855,0.5358666998542759,1.5035448899940522,18.291320784763634,450.43990812222626,0.8113812018336894
49,65207.5476717144,2.524493276934493,36.727537182447804,107.2257123176999,3.0103048667428705,50.68701873082395,753.5321224773512,61.78886961655232,6820.158073224837,4056.7650979327495,0.039020950977734815,0.0862718693659134,30.149276776419185,71.04198237314272,23.178259507293003,237.64246108641746,1243.9418961065871,2761.298559203249,0.032549433723978685,0.013448311748466788,34.304031619202206,4.023363723751627,3510.0829084046545,1075.5052213379295,114645.47625268738,12.327816582510481,14.645584781690847,2.5381542986366488,830.345217789122,999.9954152005743,2283017.18904669,0.6231130364977022,1.2340781824944926,0.002926745163528007,94.91947030938147,8136.872293787903,478.5885331978538,1055092.3087675944,19.58072042759433,28.31043684431867,111.0274349386136,0.06327105768840263,0.7434201316667186,144.78637662473992,1050482.9484137571,81.36908865595748,0.03165632086734599,2.50307797132318,12004.854548195215,0.01440349922836672,56.10216971482747,9959.468550016429,2234300.590498458,10.032450061768659,0.00109827975900121,0.11754327403448396,8.42114816787433,0.12044980415340202,0.01,488365.29683285294,0.8585470463118694,10.540967171108724,48.35645280829415,2.5037038753652667,8.408809057968693,3499.1105348363953,240418.33091938408,17.290951328676144,0.14839223095105153,0.08183030306989296,22.908114098906424,307.65926625025736,70625.16677946298,16.069253300942485,0.24817577551258363,0.7862020836668246,0.7692023994686795,38.87500258062933,0.8954275507522813
