,(ADP_Decay_v1).k_MA,(GLMU).kcat_F,(GLMU).Km_GalNAc1P,(GLMU).Km_UTP,(GLMU).K_eq_GLMU,(GLMU).Km_UDP_GalNAc,(GLMU).Km_PP,(GLMU).ki_P,(NAHK_ATP).kcat_F,(NAHK_ATP).Km_GalNAc,(NAHK_ATP).Km_ATP,(NAHK_ATP).K_eq_NAHK,(NAHK_ATP).Km_GalNAc1P,(NAHK_ATP).Km_ADP,(NAHK_ATP).ki_P,(PPA).kcat_F,(PPA).Km_PP,(PPA).ki_P,(PPA).ka_PP,(PPK3_A).kcat_F,(PPK3_A).Km_ADP,(PPK3_A).Km_ATP,(PPK3_A).Km_PolyP,(PPK3_A).K_eq_PPK3_A,(PPK3_A).ki_P,(PPK3_U).kcat_F,(PPK3_U).Km_UDP,(PPK3_U).Km_PolyP,(PPK3_U).K_eq_PPK3_U,(PPK3_U).Km_UTP,(PPK3_U).ki_P,(PPK3_tetra).kcat_F,(PPK3_tetra).Km_PolyP,(PPK3_tetra).K_eq_PPK3_tetra,(PPK3_tetra).Km_ATPP,(PPK3_tetra).ki_P,(UDK_ATP).kcat_F,(UDK_ATP).Km_Uri,(UDK_ATP).Km_ATP,(UDK_ATP).K_eq_UDK,(UDK_ATP).Km_UMP,(UDK_ATP).Km_ADP,(UDK_ATP).ki_P,(UDK_ATP).ki_ADP,(UDK_ATP).ki_UTP,(UMPK_ATP).kcat_F,(UMPK_ATP).Km_UMP,(UMPK_ATP).Km_ATP,(UMPK_ATP).K_eq_UMPK,(UMPK_ATP).Km_UDP,(UMPK_ATP).Km_ADP,(UMPK_ATP).ki_P,obj
0,0.00998879149995092,816564.4125149933,100.0,0.573986567827431,217.75290350378762,1.7961817341544661,0.01,9984.44204315382,4056.398437517649,0.05579219950039952,0.25593547241657444,89.98857259658347,0.01,0.2273324673111656,9999.216877865307,3598855.837701656,96.37441914958887,9957.22686018321,0.0012655196759513725,39032.627945701934,1.1218581092906452,0.15454172838571803,1.8183344426864159,0.005430861502155599,199.38683221460187,3351490.8130218005,2.171151136045179,4.765522889004296,0.010767670575864682,91.08432776829768,6948.950360347919,751380.2303214523,66.81198526304755,0.002537989852279754,35.57115600770552,0.01,3599781.4552958533,8.151001912938787,2.8989802005177743,17935.450158583626,0.04266553019970982,8.89423940680975,9.56313199767164,386.6327381410333,9702.775039608388,3512934.4393144716,44.351709090623814,2.5928982013603257,2.500409360955328,1.090962954794906,13.21072592190551,2.841885339151055,1.2064799233475638
1,0.00864867401126787,684156.647438723,0.7236456325237729,49.75195193947979,276.91121335242536,0.26367292409603427,39.680141550794396,344.11250600219876,3593.5902061789393,0.033157534340557716,0.1500298324750193,88.05604248767781,0.15920377659781795,0.010001702775725207,9416.285384343046,362.13592276566635,78.22739945088531,1605.5616387027803,3.50775734789603,11152.526990887356,0.20786526721950593,10.774248201382791,96.56938385947676,285.02455450127553,3.1618320281676584,1149539.8764815296,1.2742551398033144,0.01053544855908724,0.013741279137171778,14.486816016786817,0.02292779648799009,2096662.1459736198,37.64400752588382,0.0035053409270212536,5.838968550801124,9968.155251625027,623380.527100213,7.506105967124193,2.468291655915413,6000.0,0.4579650859803797,2.9563718893851605,0.8907599639888791,3425.1176344240744,122.47158107490698,314403.24972455314,0.8769101556610291,1.565714425696428,2.5104991096969123,0.05111460286950604,8.587272323049906,1144.64356642428,1.1889903275035227
2,0.00938688741967511,299001.1407871743,13.82156000211036,8.301570741556928,238.73106670365618,0.6101140455206124,100.0,35.48050803170544,4060.3714631798275,0.03342425141277289,0.08658168946178245,89.00044205658637,0.010000000352584016,10.655945133185583,9909.1968348043,446321.3795373516,0.01,0.06449159614821191,384.5818938142303,25187.83372046584,0.5665558098038087,7.01002746848511,1.169392850000796,0.0042770038356154325,3807.9595243972412,3600000.0,8.318566059400558,0.03339877007817923,0.011586058709929811,95.78488533202095,29.572160762406337,6262.0009705310495,0.7550264661776396,0.0035957068446004757,0.07564405432430292,9804.032403966668,441120.8793777499,17.137890909821024,0.17034893606342122,6819.010135139041,0.14326892368252905,0.4588366062390496,31.07166578719129,1337.3354008765507,1064.320657006319,249710.23455370893,1.9799239293865698,0.7300133597155722,2.5000679219933883,73.67598249347418,0.09699564906343468,5.317713565790307,1.1193386192280486
3,0.009915446460240066,1275211.3548117199,0.20580221339615637,47.29914137227797,314.94920956687594,0.010024257288497885,0.03160448284111238,63.947352851396744,4059.1997418711417,0.033026035617797815,0.08609089901845975,63.59245983167176,0.010000949054646437,23.770993574386605,7311.5085775690395,528333.0286533358,53.251285848752836,2554.5586576567853,980.4137588374919,145028.09784338923,4.439346715444003,0.16720883222291957,4.18377199199824,0.004996255776896288,9266.826587985237,3256926.9763584384,7.719399045328885,2.5471260730499945,0.011765892606689912,43.515133078464956,320.3719998655753,360.0,9.597504051731976,0.0031961074506638362,99.7107083847429,334.49946139180787,1021705.420127049,1.9070847551608454,7.1402450049053305,6763.502654773433,0.8458795090061431,0.2882576805398656,9.85163820039351,8.114810446766061,414.9655196066606,623266.2464159265,1.520865746266279,1.178100478996677,2.5010234441295056,0.3705541169466007,0.23000965697249226,7.327085278688915,1.0764025850508931
4,0.009685980412713641,142219.83512441238,99.75047514274361,6.11703956198098,117.95336378283218,7.702142619486291,26.627370413248755,112.50746572801535,4042.2230200810322,0.038730849408044464,0.0862750747834001,30.0,10.223431882210525,5.139484912561013,4479.910218333767,108498.63461663887,60.30867229048113,0.01,38.20944612382606,99610.43480438666,0.010000138890267988,23.157305037158793,21.19570987612209,0.0035622760694927866,3777.275508495583,3397157.9387950995,6.9725649241428975,99.24816094076604,996.2435560262235,0.011854278457523943,1.5437199647391628,850027.292480809,2.109932544205458,0.0034658060675981156,1.15688897559188,9992.00668607621,2585799.8941199854,1.4561479459653326,2.099578391905405,17683.738357694267,7.838147201844379,3.1738170022497796,2.0720566105078824,0.0387868742634228,342.346774633872,905822.5893760232,23.00889927916813,2.349682306724747,2.510347366252325,0.5151224715605726,22.54934835640814,70.33831695629348,1.138432742771967
5,0.009109098112780777,3199332.714774265,4.50907629340596,5.711617579336301,124.5430893279718,67.28308445665428,0.01000758929544752,859.4530630449267,3296.7554266550783,0.0669809925526786,0.102862623448114,87.93301190521616,0.01,7.726331126576071,149.721705993107,360.75005891647623,82.4719854705486,9081.856983190897,7.745968957515002,150614.97397893041,5.214477273003257,0.22205391991722714,99.31135042250001,5.069992389667601,5.111456136373367,3560354.221829364,2.146704437089049,1.6414857277636985,0.014409422712278332,92.81273395783977,0.01,561.6201426971692,94.73397325914658,0.003532418871320284,98.95681488250092,477.3584105382064,2466150.911786503,6.307700128319922,39.227767633943465,6057.584379586474,2.368755640264433,5.6594842636096105,1.6781267774235893,4.707630955485354,730.9719863676944,97636.42098580467,7.240098310667856,1.293965782206153,2.5010813462925157,6.363900911832394,96.50594109955198,6.6623653546904364,1.1545959606945138
6,0.009818153532094696,273218.85848280246,99.45527997879152,16.632333641613407,302.46186032852233,8.841505695046731,26.64521574838893,51.07693302027919,4057.232715167551,0.0326471197244257,0.08600983900800346,56.655260887197976,4.136767121021878,2.1096408345549595,6215.264895141611,832326.1224583539,0.01000928255621525,9985.90128644926,891.409402292432,608065.562697325,25.623033836319546,46.195358018614655,3.2638047420012373,0.004976877659804537,2659.839853209234,739249.3536877931,7.734453552882732,0.7750335698995606,0.012853181412347484,39.86190694766093,0.7510708247833834,12634.531443215155,3.9913954465131143,0.003229529816537508,0.10931143661854978,2002.3686940077955,2682785.686444102,6.366968681745871,41.79579296182815,15323.04782483554,10.185215347303705,0.356993419476687,8.464737394153326,484.9791445014949,1292.301518539868,2757444.099285347,3.305713080509384,2.731996429076009,2.5001781495147757,0.044219539458700684,3.617932743649509,18.1016826587294,1.1054845403552234
7,0.009947655695474567,3594298.8224829384,22.048649555323095,54.54087808561187,182.37222628089398,6.748165330862718,28.969758992975148,2.3421072760361024,4057.5764891164313,0.034802353100789066,0.14392708847913724,87.10440661441984,0.010000000087711961,52.46556012460124,811.1798282140817,21743.410050624825,98.76891691272255,11.410419055040908,0.04519365998994344,1622728.286600297,10.279938104334379,36.52381009771329,0.018673498941240957,0.005320332759644176,9588.956635149716,2959673.3553031054,1.9946352681844606,0.2983094093859857,0.011287630514301528,18.416759645643545,281.12846274669914,1163089.8874456442,12.911235952322293,0.0031047747339150427,0.010023977177678754,4920.1059897687,535271.8430290746,22.631510292348178,3.506659581216295,17325.77012314804,5.358308018683184,1.718470555099881,2.0142748272599134,9771.24756748872,9941.904766546953,3199426.718492008,10.78379686528613,2.7299019354640928,2.500069084721459,1.1767316302940962,0.749148397860545,0.9339468220851324,1.0514933274790776
8,0.009853183642037765,303827.5630793142,29.78847183812901,2.079242059647941,314.3251580926278,0.3305880266009551,49.26218652397064,19.730387451542544,4060.675257924878,0.053618531162745044,0.08621929300049395,81.54776163777558,0.5095321566097055,5.722927225202766,781.0063755303846,176328.67657421538,0.05124265244749648,0.01,0.8609374612428284,75786.23129230422,1.82281466998226,1.4074404176170736,0.14662557764090872,0.005407592090425725,3546.9879431960862,3348279.949021416,8.69024911128419,66.50587123001532,0.011696671577936588,46.99947578602917,612.9908132561108,390435.87659377296,1.1823953451407843,0.0029572366156415757,0.05060646286648406,0.0100481778655031,1565571.211551298,1.0446293410535437,0.45838612272278084,8899.702343390027,0.011414506750994036,24.52176364305545,3.1287885145002408,0.5907643533442631,9968.07859601182,3155195.3890281254,5.586050966693658,6.811780791943263,2.5106860046732966,0.3551653863197203,40.42066665004322,2.01717420595096,1.0801615402310059
9,0.009694238856961942,1677782.919266465,42.07442898337687,19.46814736207824,105.68529150451383,2.0430858807614847,12.579910316751796,10.367913799814657,4060.795596302186,0.034556910087364875,0.08603590041783844,30.0,0.07491105169894154,16.351881314686725,9437.845920261318,3600000.0,45.57518878185253,112.21699883694734,265.6868581257085,1181594.8521038028,50.893965364443105,34.83618750766565,0.11427617164322927,0.004705035244282824,9159.148154452001,3534163.518043972,14.84843499601835,28.436118877312094,0.011986001211518422,78.41225431807042,87.36248937976826,7532.954275500566,6.084448493464769,0.003428925064452706,0.10724497574399734,69.96673757444897,3205704.223025782,94.96524531863781,3.6486554795044563,11022.299637411252,1.3933206216129366,0.6728654719723387,6438.0492563289645,9934.318927788323,1285.697964848655,3439913.7564553283,4.849390632889221,17.473768125213724,2.5001260667666214,0.43907008804115666,3.5278031496068905,24.76464619751293,1.151060189349415
10,0.010054926981605372,1627206.3244718509,2.610193159413814,0.010310259065586096,106.11369322788481,0.03070665143445685,0.01863506030139922,28.11962388398357,4060.363690203058,0.08130571806468952,0.1420474089671793,63.22874161198348,0.010001152625257633,46.43305811922307,2560.802904457061,360.14674639802223,93.24561521910103,0.010000111963272773,786.4935932394861,551242.4100655644,9.487577602609026,0.06713963504938213,2.300772360938404,0.0051925557987757345,2966.786905200233,3599925.0646335995,5.633786174991913,0.01,0.011330600834398904,14.85675501300409,414.18386823877324,360.1422398206084,0.1248515738333632,0.0031001879070573016,15.224648583645344,1272.2012429038923,401859.0621753198,14.408002775387132,1.3675201959028258,16790.416815421413,19.6882544735742,0.15621608873393014,1.1837642938631434,16.691923557827092,10000.0,3600000.0,42.2195658462419,3.5251794539169192,2.50169354636828,0.7648313890192832,99.98262467426532,1.4394238451842958,1.0242726738216914
11,0.009721201409001762,845925.6189444438,7.580730961550148,39.09235569357906,310.2227510328104,0.6752095077093532,1.4419483050507036,129.3203179362048,4060.6445107113423,0.03376798142022492,0.08696549194499988,35.03139453473956,0.4193808254653194,74.97364430562341,5123.600592735195,60274.46775278464,21.892041342793192,0.010143189029823502,484.1430642870683,1425275.1192263302,0.3220868735906916,9.652890563364748,0.5289358626997884,0.00479011588983101,1372.947821398076,1129885.99570401,0.3973783658776331,0.012224609872777528,0.01140273973771034,0.01,1809.68051356586,241854.53084787502,0.014078314788851614,0.0031254781224215556,2.9393672642558024,1292.8405995988885,2092027.7744164104,8.255669343859445,37.32279618181075,13585.288990494433,2.4098799087538576,81.27178058456515,8.934427064560401,6.060521308926182,2504.0287186518394,2578192.57680262,7.261758576049385,0.24269094762309357,2.500039622879216,0.010178923009522577,2.908061113702422,14.443442502415731,1.1703210909833792
12,0.009586562065100482,74923.19752060986,7.523496334933212,9.833148487881813,108.21306167683262,8.291310155339776,3.5438210930660268,2403.68085919429,4060.799976675423,0.09723418309699536,0.08601619842547138,30.319222193430708,44.85164340451044,76.34999041093428,176.97212834672914,360.4131844688848,0.01319204424116763,0.010804107557657264,1.5720106623535683,449111.54445374804,29.839258825568287,99.53074304167276,0.010542236771757646,0.004186081133688602,8293.269402751801,1674934.0735238488,20.16433717853201,21.520871716787333,0.011557324511497321,9.574517947688477,3597.6199438610934,26907.384843845393,33.84551572334773,0.003688435922719934,0.7394386706962686,198.10771281843992,953850.5149082406,0.06899956122554451,9.084284657157728,6000.284519276342,0.09979647069615538,8.78252718225539,0.14058565454991934,1.2394447298411502,9999.90202883464,3123446.705555786,16.459908366195272,4.362397229393652,2.5002020559065543,0.17132736770736795,98.28634512147467,9588.69928527156,1.082093326385006
13,0.010195062840081062,1508549.771382749,7.417676465684942,0.3333218221065995,105.92534030338096,4.3604250342147015,0.010067708999532625,32.81009029780827,3575.9180451780758,0.04098689526402483,0.08604362730971997,87.8263511473224,4.887020997863704,29.210004475282524,7982.575519673137,5640.549746419032,32.18929540028542,0.020493152914637935,93.90491914103309,325569.4448883755,2.173157998684075,20.10572962930346,0.15003618137349373,0.005145499046351908,5189.912497541152,50347.74221669847,2.2219884968744887,84.58639824913392,419.39006851750264,0.30972583809286375,0.7796745475845681,1133138.1752618763,1.4895092100295402,0.0015378251626619141,95.77102478526294,0.01,60457.24517593811,44.62187151722892,0.15479368469874613,8646.10602850925,92.00528385797617,34.287963086385496,2.063686692584351,2240.945568772121,9078.900229045094,949438.7100964341,13.32954359986557,1.403400592742224,2.5003117667113717,0.541232249125189,1.4740196108110784,3.7852404256164847,1.184387237574151
14,0.009803037970212591,274852.9083912862,10.507517212429196,40.77959934237822,233.7015902935272,2.384360306565379,55.47225022445296,29.07816862374447,4060.798533362407,0.07159196881060102,0.08653061112094686,46.349645571232415,13.684982116809186,99.56158600870266,9203.566562860144,41530.04522941759,99.96317103639326,2860.618057338516,0.011644348340329862,272869.5740384182,6.717855900788927,14.898098324128911,11.696418345573845,0.004963673256545357,6217.963753294638,3503312.7215434597,10.400422896209541,0.45165344103732913,0.011552661478852004,69.61038580376606,6611.346730334074,4476.040313159156,2.05214622539377,0.003351016224850315,0.05379227774471611,2201.1212069988987,205317.90994085316,38.59324882893653,1.3201754501909047,13747.948647875462,38.698235489455016,0.7381082508825697,5.322488592530691,101.03792425239504,8977.641862979006,3077718.384569647,2.072487816821256,0.609800418054968,2.5000156852515056,0.01,1.0184696719276696,9.187630042874614,1.0334146162576572
15,0.009698925653082916,1676765.6405732334,0.524703999291606,1.838386106416223,105.00093605256738,1.7120468810242753,0.010000000522366858,8567.728633407376,4051.2329246101262,0.05172228020804145,0.09027095926013523,89.23278280041364,0.010979470119122797,8.42325166338198,36.91968027031536,360.0169033655258,12.845729919522116,97.60477205450448,0.00013967373541784936,9093.190019669475,0.05105258416658514,0.8826613675930578,0.49314292445670227,0.0050290020427599565,131.37297246656166,3600000.0,1.2759102953198425,16.778383597787347,0.013055553724936771,39.03144912323772,0.011321973318888116,3588624.712506055,0.03480459267790883,0.003252729967696034,63.063538058398464,0.01,619225.0657525754,15.986770437725925,0.08076290094002876,6668.982549836501,0.08132563776368695,0.5535984102552173,0.3003194654996608,73.41417277254492,9996.410477957594,73094.18798753605,3.249919246803803,0.010804343292067926,2.5003006521779856,0.04049067514339976,0.9574874167750571,0.2781990200426915,1.0107664453732328
16,0.009917186187516577,798835.1854900612,98.19128937231655,36.13717947226886,314.77598932634646,3.827214120282838,0.010002728519947787,201.27934777745946,4056.893279010861,0.09749921523574463,0.0860598454920705,89.05998439613305,4.211713591731651,1.859584905071185,4040.141024744978,1154291.8777940937,5.20206499777016,413.3374468391117,895.5495406444876,472946.4709961052,1.732507736938209,0.010000267830325066,3.485812669899406,0.005576008374924718,3838.9297675602866,3455392.282163737,1.0668045627619531,99.99151415108602,0.011219140790870398,18.237178439941616,3391.9689938029496,218470.53172775457,0.05405790251808086,0.0029039072008557854,19.075305527284293,0.010008775806090912,47168.241232818335,50.18942287023605,0.01422929506634402,11251.510283031183,2.5881865644133013,6.075779275571537,6.719286288294332,3922.3025218832704,229.817850679493,1862022.2270535927,92.60222798046848,0.37278990295094566,2.5064644411139696,99.99986149729781,87.63627979684148,0.91833482474388,1.114893216666733
17,0.010197855587097354,288638.59696545533,15.343652527057253,1.2305297184299337,297.77895493278487,1.9451046126038267,9.195369409461241,2.164717696068766,4060.761450840012,0.05607403831047533,0.10063013565207579,30.05693992837122,5.609302215702277,2.355438246772708,5760.61299650955,7364.06321167893,2.133932787300501,102.86430428815778,0.0027752256850971484,49190.470208185165,0.10632452716616524,21.388853871089072,3.4973082667787,0.004926181400304204,9957.008151997883,3574525.259314653,0.9421649187386264,99.38438905041983,0.19930085310004572,0.12203554757974837,0.03156526239852878,112786.94387067665,1.4980938250720475,0.0032692618860796063,4.000318169507344,519.6533859792783,36786.67305867778,7.614698956948564,0.11637264674276078,13047.881317414949,10.151270880632804,27.875595311251644,2.465328613172832,1988.628438244556,7512.117812713488,3251284.245956844,10.845857982432864,5.277794845935417,2.500371797565009,1.6520806598497633,0.22953233272735185,13.626215488033372,1.0470420055208525
18,0.00947443702989936,18998.925350626723,0.010002150517034717,67.19831552554913,113.25196904551454,4.746485462743529,27.198304960025933,2726.6623073700275,4060.469567996898,0.036773678062656814,0.258,30.38849389585264,1.2312950183443958,1.3679426648575341,324.4137088086184,361.3821661056751,24.56438022879993,4492.585063810779,12.995935929376245,1794801.013925692,57.84636637320882,0.10792536677080708,11.620241353403564,0.004475267375280144,9975.597072057244,152471.42224360912,4.624042581560547,82.87421282939772,0.013635364031160242,8.574967214627,2.108489081165971,1257.1655530197004,12.47867925689055,0.0031376063623608755,26.025086174047782,0.5238252515948603,85074.83839447709,99.73342633332696,0.01010854517927599,6317.168256055151,0.5149422400020234,7.719782157239764,3.9482364220877053,8.480173669954233,602.0414530621603,3546284.68200999,0.2718474486286965,8.96076613900801,2.500753595382731,0.10247553873996093,2.029083339982338,1.2654824939224392,1.1978258069277914
19,0.009758668836269958,862449.3981985485,1.7400515487222024,29.452655933100168,114.04385234785903,13.452919960004168,0.4164980501603909,0.669343196666691,4051.955727256527,0.03250004275697984,0.1079742666593033,37.779033195689124,53.662853858863436,4.755747263734309,9967.614891098663,360.0,18.973416012452855,6932.1453310027,999.7769925170029,3599994.467311417,99.40263973511743,21.355053213729956,1.931091127627732,0.003909184892006915,1123.3979716139816,741711.8577344542,7.059874721962588,99.94020842008452,0.01154306944346265,3.7755185453114266,10000.0,4949.114262816745,2.188721685167405,0.003135593752701001,54.15459462957984,118.46535648534731,1102379.3289818217,15.853779995060497,26.27978953245901,6037.77690654539,5.088538434762616,30.30447972528386,16.20432293791767,9599.629478721194,982.1154776956747,606799.7379350363,30.900281680356624,2.4579242902417184,2.5000758812532915,33.1407834994795,5.25010009929662,7.170772600458331,1.187614264777483
20,0.009792772063515382,135831.315217912,5.1322398823181485,6.032080080806182,295.2104429888627,1.0339172594021215,57.56245056667582,8.223359534453895,4048.39291117482,0.033943420591452736,0.08600108453245736,89.99999892019603,0.8342865897402084,10.563874854765126,5893.3043713498255,360.0,82.5346999123231,1412.4213251759609,954.1646055507675,3599850.9324817862,3.9962810204940236,11.799400569243554,12.672408236556242,0.004908777818432024,9932.548797175561,3579851.8083315846,2.7201785439902673,0.010017194341776961,0.011186220451306784,0.04876814106750315,2293.42363886539,45700.803580406515,0.010004645278072129,0.003132467972745196,26.375961120488366,2833.621979908776,814893.2560449458,43.845384956634106,4.051721912543852,17985.5487409931,7.682336472935295,0.6322321864559238,18.963323877494364,4443.624460127885,975.462607224979,2520176.275187052,17.387720797662084,5.2197126114062495,2.5014630037039853,8.318374519380766,0.868753692200894,3.8318114403402546,1.1941183568807072
21,0.009939312396042874,121214.60794761492,10.621851622125597,8.981177572214275,116.94007409711264,0.6562448955873359,97.37940756529184,236.17645758049343,4054.42287678956,0.08731226707209175,0.09172089157143243,90.0,0.013360379662979475,29.5666880418211,3943.0364011115134,360.9197779947344,0.0844269986174109,8215.306401128453,1.0757528862871968,3599438.4423650843,2.99507215878636,46.40576758948318,2.0185977792054195,0.004815526277831445,1008.1731589067468,1879381.9938779527,0.02610549256153598,92.79616354982431,0.011173700202442155,99.5409036700009,5626.771783491181,157770.30504969612,27.429209045951698,0.0024262056231669094,0.01020847658044372,8198.499932811048,597934.6208989748,0.13854960722180495,12.224705337820692,6586.219223543526,3.749766697130389,0.010006176654188872,8.388922535040571,3327.267495210023,6464.429043920869,880732.3293049644,0.18594282543248816,6.557513820508163,2.504633093464742,99.99150709388512,0.010461533796809972,2.8137663523774767,1.1935231526205266
22,0.009604691682611714,2080377.4999085383,79.03137493808873,16.533809420922818,311.1499369328295,0.3621993314329144,29.999301220654328,990.9277662470494,4050.400249692714,0.09744365639053147,0.08633567997433782,89.68234480820884,2.8285568294627703,37.81026360796597,8743.185356507418,360.00068537942235,88.92502097019533,9800.672070795994,18.78093035092998,373963.7384729084,2.938700422370974,11.857620013806091,0.3890640683521807,0.004019576392011764,2615.3899031401447,2160477.694546746,3.165765096801849,10.594731076798292,0.011225437546481214,0.4232636614116874,7279.6113137709335,15753.837731598956,0.16623849903393406,0.003642999740062868,7.7377567694831395,9124.012928222652,273746.4043927721,10.777352985693739,0.14752208965364125,17357.12851135981,0.030255398282383678,3.79601378260899,22.68118398193931,6644.243770730082,327.1590781536571,113555.74364077246,0.2723211200009043,0.6535743164989695,2.5,0.06505763833275857,0.47210546371408546,18.140358330056845,1.1705403539818235
23,0.00989370142939348,558369.7720362,0.27067767354302746,1.6970290040384735,110.14931485104017,0.01,1.4435715973075174,55.02456038864805,4003.46388947767,0.055659466716492766,0.12901763075119838,84.61651301705156,3.5351191184028923,38.7002402858577,1744.3463208130004,7694.052758025221,95.07443000388035,0.014538556256967197,202.9464330936731,71274.97102880567,0.012056462674459329,24.01417540254683,1.0814798515405402,0.004094046125958112,10000.0,3578225.0621491023,3.238147677723953,69.18633464743462,229.72260470349383,0.01,0.4069284540884555,1051431.7487031354,0.625569442774404,0.003422245818483195,19.656358123986852,9965.457924569882,939904.7311588187,19.660255808638347,15.925424357603342,9743.887698525019,4.012029007048481,76.70665299518845,4.562737000966934,8783.269312305061,8474.411735226366,2531638.323831707,39.24845730999814,1.485628830134563,2.5000648377054517,0.40479401588376723,0.8714836228571161,2822.4552428888546,1.174835315270426
24,0.009645453473199615,630822.4908599459,3.6114503201961012,30.891730907708446,154.50136350885415,9.035471021291938,99.67644169516257,6.763385830879066,3445.433277667933,0.0325,0.24042200696362637,88.690592833989,0.011645709719566518,0.38413090834530383,10000.0,274128.8011203218,92.6107326757569,0.010000006410913621,4.060591635751812,1244457.8857377206,14.294855622434406,0.051914127173482975,99.41093988485565,422.46105566421403,3.5020232911481206,3457588.0389880054,13.048538545196346,0.17850186236383742,0.014665163571735992,46.33317257179817,0.20687748066779438,360.0,3.570682810207822,0.0031449313367448734,96.6948259680288,314.1118184167055,109082.53967279247,7.187569401117723,0.4264734328098071,9741.630051516515,3.292475450430254,99.96139410575269,0.6622160203680146,1.875764959401678,476.0082471108891,281294.3186715286,1.466750680370837,0.5530837410903298,2.5029469432103926,0.1379076733620049,0.9490784348952425,1.797494716395041,1.073287816578234
25,0.009865606970408605,74519.25122774731,5.596744126863716,45.05798949739547,110.20085345251046,7.890398629708161,21.84743179476288,96.21101833189977,4012.763681613592,0.03267902543496781,0.08684657437973288,30.001735203956006,87.83394002160799,0.0843191187607884,173.86126355426572,456626.95241794566,55.335995183983755,0.010000720984970853,0.38851783089114905,2955255.0572787225,9.750577041204336,0.01,0.025173327213647623,0.005510217828749654,552.5813143522738,572725.5967842157,0.3090255662931991,4.686666234511537,0.011844448506309398,11.530440820158944,2547.8586218695564,360.08678076572875,0.13140152330105762,0.0033528074344574142,2.042623617610937,317.19265509243223,2516045.0485151885,0.7107822176085586,24.806562104308927,6442.953678683982,0.32479581318151696,1.7067696851699685,1.5069101800159237,2.059610857212927,409.38374172157097,937966.1984682903,0.07998868652582437,5.1404180368269445,2.5000022742370547,0.010161386691660675,94.15835993720995,1.3386106972823628,1.0410389708862713
26,0.010028016597230443,1506769.4107186906,25.17748498119084,7.250687836021474,228.82522439545968,0.262942255091276,40.759529728160395,25.075373405855217,4060.240291094244,0.043615019975806836,0.15183795279827425,81.85256133292887,69.77705710826757,0.04429387993519264,7969.524001146333,15173.843697453349,98.14156969648593,5816.838634263057,0.0,12517.005152046097,0.20737619881878222,12.509974606206343,0.024292406592165833,0.0049761405388208165,3785.0317261999558,3599986.975356717,8.703083034289907,38.11236330530241,0.014307524517319174,4.572750549786938,0.06950267036631574,36053.586286815735,32.604165974063136,0.0031865437663339503,5.472339994534814,74.18007499675221,553570.3887467548,10.52098376258991,3.8086890261102546,17868.582703249012,16.19188130455312,0.589972521442496,1.3071226365833803,2.345085528163711,1673.443706529824,1397848.2438481688,15.536931218960365,1.335152644136637,2.502722753184984,0.1493167630077452,94.22542962083484,3.8619491084421664,0.9677640680916697
27,0.009266062188525135,2725587.5051015103,0.012103085095740795,0.31648274448670444,105.84491099710907,99.91552178015513,1.2657115510230899,48.91123756737684,4060.708241096973,0.05791401985511125,0.25366096902076357,32.04355539248522,0.010123088459101433,1.91902370232021,86.40810598392481,360.0,25.455380327365184,1137.634729998499,1.0862703489427978,378393.3463583297,3.1226713044584256,0.03410286638227902,99.78417660260504,241.15435980004924,2.9106924552476285,3583377.585916522,6.075173634610694,0.010538396873047981,0.014759054599115017,57.85841321407164,0.09011198223911537,360.13461871461953,26.163291861289075,0.003560324517443006,18.392661610104504,3199.039083100528,583079.2806740315,1.3271996769873227,3.29307404061682,17999.999843475598,7.57903866677494,0.7480365650995346,0.6043901155195576,0.5994046970290086,34.57496061824919,908616.9345733811,3.6931621006367035,0.208365378632851,2.5009133406082706,0.010005348504146302,2.5456580151969277,7827.305447420224,1.017019257355097
28,0.009174857530247346,1861396.015510539,8.574585348697878,11.190309537170602,107.00529353148785,1.1522386720668059,0.9106881408931277,22.077156148645727,4033.3803500867307,0.045377388550423114,0.0860845484456287,88.32917293867963,9.532725165712543,0.6897004051606808,2184.5803196663787,360.57515200544753,99.80434377157154,0.01,413.7425574877809,1345778.2693286971,16.895383450732403,10.57852704207706,0.11521293880580295,0.004271038096650464,81.46074508885619,2929183.401487629,2.5434255819034073,1.43856175834486,0.011234371143732933,74.85621947868192,334.4099399745552,112055.54173176935,0.19137243489249894,0.0038062667032405678,0.021090562153871173,487.87481812081137,239647.14763235327,24.026525524069946,0.5571363674202436,10280.233246030375,74.09257254413723,0.33015456734522824,0.555155748479167,25.440858999617795,123.96716085510705,1451889.8621340422,16.97997361528999,0.035376856952493235,2.500009213012954,0.010045832098033359,4.6063395728272205,1496.9905964107031,1.090457427856085
29,0.009968084783991507,222165.47881005012,0.010026291733067835,16.52391865055803,183.53343897267774,0.15246182489213747,0.13013072283255245,7842.628713175413,3810.108678221606,0.08627809727668463,0.23450237575228858,68.45109348475917,0.01,1.5108205388898226,3560.179894487365,363.4110212482067,23.74464762322679,591.2525474209209,1.6393716926994548,879938.5595240586,7.5193454888479865,7.044386359518181,98.97071874055452,0.006910457839596837,10.48084983386941,661070.3392425672,4.366875522587484,0.011829321419200477,0.013889787112352513,29.191412618354956,0.2043783923747153,137080.99242837317,0.01914147980627119,0.002491512267739712,0.019453846027253942,0.47147641193774653,1941535.9867954988,0.3168171290658168,4.635449095046937,11390.877419008122,0.012176012814716539,3.955842684607302,2.0807005700027865,1.561902625997031,682.4086697741313,2485050.3162711286,0.6887515384675897,17.9527807687723,2.5017642658905777,0.049125677895418655,38.224544491105824,2.946298975607925,1.090015107500346
30,0.010051541709962029,1041600.3801307552,92.52175433312486,0.15502595358293783,180.67462298595,0.01,51.742321821989535,7885.665831047956,4060.2454427013245,0.08699724518849156,0.09390342153104478,48.26581884340882,88.77638261007515,43.599506877935546,9984.47782119177,363.5947397329546,53.757883362686485,9998.789870828967,3.9252140277578387,12676.351745704,0.38894004373028496,31.175768307984033,1.7697196069623389,0.00506688977323914,9830.426152359541,3334403.33161575,11.839953909074936,9.762810548206492,0.01507198906996789,96.53329785265196,0.0468289628676791,44158.56455166776,0.034665462159359665,0.0030558545954682066,88.78763504137963,352.299271592123,994704.1059360913,0.8890655592196549,4.795535796675688,15807.734653543415,1.2519538748033041,0.03270455631357116,3.3223862656403425,7818.246017191388,1219.897995167964,807295.622968434,5.193138713179185,1.538110255405628,5.73858863249429,0.29149028808530514,0.39992364789308416,3.08609243654433,1.0196823362222232
31,0.009847003651352965,19508.38925228349,9.610640390544159,8.477278997968627,112.52691027693518,8.175558948872292,98.5021446668368,137.2703225272447,3988.6904113763,0.032913736783138615,0.11284916437162335,85.15899115116251,0.010000123959466825,39.076335255716735,982.2604295451503,360.0,99.99923062265249,5389.312072004054,996.2778853736423,49969.135901892456,0.010342757540280394,0.14931084071217757,99.51946216413441,0.004120869438154195,7547.279758782612,2714410.317588499,0.010002869020084971,21.83519390072346,0.016304757342901047,87.59417028221479,0.011728759911656433,5330.174050179254,18.330100428218834,0.0030653127820245273,0.9335306709390648,173.91580631106237,419038.6768822607,2.890410641885717,9.334463767258152,7887.531469921007,4.939509952301259,48.76159981007173,3.7041173508051695,2.497784462690054,8159.269806267566,2173829.8140135705,0.9612995456629065,22.372044714010276,2.500499557411254,0.12352657819224412,1.4621653034523536,8931.411310972411,1.116292964646649
32,0.009581936684634172,106697.83127351766,23.54472245876463,2.5315119300314834,105.30080819474948,71.95312652824423,4.625432109918734,494.6559869892497,4047.209199241215,0.09631702659394466,0.13415441277641232,89.9571423420159,0.01000166298634887,1.4496659182315348,2468.1924126428944,360.40150004806026,11.755254588535637,7620.868590147281,0.0,278855.49609859125,8.184970618172612,26.485536650575217,69.53238703065092,0.003885647890082131,9999.968987304865,1865238.692234954,17.71316690710761,6.310278978536814,0.013467747916354631,3.6809409751888347,0.010000000000005105,9408.506799920118,27.218599261790605,0.0034874346382774207,1.4545022355220665,9512.59267975595,1706778.5780536851,24.596508491890717,13.472038487378251,6505.822929914076,6.254191677214198,99.37951574522903,0.9185184856199489,1.0939120923781167,1636.538600723437,3258876.0679250862,13.297471469216546,13.38628209788857,2.508680163444168,0.5391640740042523,99.93089229292544,2.1524875729253163,1.0804853989466714
33,0.009704633472837305,40741.92733298727,0.8317459937828058,0.42218300464806524,106.34333525770225,0.013758476300703511,0.02817403603085289,488.16903242221923,4060.7984055686015,0.0962817541355851,0.09204820630092428,86.80230269612125,97.79733479795317,1.1803953053588674,1345.578811875556,108304.46302645539,57.95747678058382,346.8988492549467,633.7785622859083,65576.66348909709,0.010003588483730287,4.533217041439936,3.0408819711183397,0.003949199832141468,10000.0,642552.9086559275,0.22359385821405173,99.92958835616423,0.10502897977885374,0.010017736271792014,0.5477037741883661,309312.0411595696,0.08220237563816085,0.0034139074152417046,20.45953437466567,828.7194444627526,3599676.0512953135,57.47401103327084,0.38163877266429774,6064.686412847049,8.668980083562188,0.010000002203341333,15.390372455226542,1445.5341232082335,10000.0,3594969.695913018,19.747478762678046,1.3582990596416544,2.5009474714014517,0.13148889715392065,0.8371200280938257,7678.763599824363,1.1801685139108555
34,0.009886493440310487,1708781.734639858,95.92413132233081,4.7325778022084934,118.30709397976095,77.75980878232998,3.159291833081825,585.778927971104,4001.6453914706226,0.06332460279312588,0.18518233529715275,30.150464717902164,0.010027371528044726,0.14375368404092292,5317.261900196283,45896.15305035079,100.0,1.328661360282526,0.7047909553718114,3558952.679847362,8.377693476485058,72.76616964764051,2.5581248090829107,0.004003190654131104,4829.272519979624,230375.3862451909,22.43933936514325,33.493958382206166,60.37478261281715,0.1346682731242996,1.420327697146781,114124.28010022572,0.014591281620197199,0.002926079645914235,30.336710881722894,2101.5746251780015,805095.9995244371,25.58158812126693,5.600172262541626,17996.64138845871,10.958817269517906,0.3596396369951859,7.819820392587298,506.83309452161785,10000.0,1888457.6188197825,4.760403170789114,1.050040691364286,2.503302842506433,0.24917125939399107,0.14937789815402103,11.039603393652545,1.182591565709785
35,0.00952844345706612,200466.19509655642,1.4988385571357672,86.10355855086316,117.94944375048166,10.254863338303876,14.850793153786768,6.488943554601178,4060.7999999999997,0.04845014590761305,0.086,89.38901021192821,1.2285882722350876,23.83743149272293,3030.43598733852,360.12445535425366,95.34732559618206,1957.7892900906802,35.64065721389697,193524.23729056364,8.480872402243346,20.57511175737837,0.010070460179607405,0.0040971450039254675,10000.0,3248901.8660788885,26.73339108199468,4.9694368408759955,0.011461532528452965,11.224241970117596,6908.006458243199,7576.406961507543,87.36649790846927,0.003596099573768876,0.23543870990415125,1785.2391785568943,1146031.1888047357,15.18960565025952,25.846704442812598,6595.120182343641,54.98226042460111,2.065852009325042,5.407609327281405,760.3214704275723,5487.809286336508,3511968.9049248453,1.2799578523311503,13.012575439817919,2.5000389260659723,0.03810875255357507,48.583184108256205,2965.800075483977,1.090167658797685
36,0.009849896735405025,7023.192233300187,1.3567825370301798,0.4714301292327328,105.13114837897425,1.610366131667461,1.2356334268141969,56.494050098153195,4060.7930963993094,0.03321128216975509,0.08695414429089524,89.99938490319674,19.770948399346565,0.3475414277452178,9585.19565799881,11259.979692158046,99.69608318315721,0.010159031930859623,45.24014310025579,1132670.0399891248,8.649347759400502,7.447218924129162,0.10135156071825,0.004888803829662712,1596.645374028638,222393.85531566647,4.2575272227435175,27.07294918019806,0.0158610902810975,0.3926349678693953,0.24361805711117707,6846.765077423267,0.07637547429059117,0.0032195767728968095,1.1441584975880197,333.59006104981626,2624150.3815581417,22.03027458207225,48.85809648182541,6686.07890978005,5.04754402260079,59.49900565560646,3.1870647557217002,3662.7758926280853,611.3567283299769,512471.43959658034,27.684035295225396,0.6935518250642483,2.5000210764130943,0.4882226792180068,68.36232069758027,3.4255246836825766,1.125498747308623
37,0.00922239287356516,587159.0400508418,98.04839994623569,33.636711307548744,265.198788253621,11.83243641960936,8.829037156143764,1521.3739736134035,4060.232575930531,0.03602813703771629,0.08657872528658117,62.77233627151,1.7176111398303806,98.75377711767143,150.59818512289695,106441.1341767825,99.93951675987068,24.59802639349404,1.1368789163714068e-08,240093.88705476816,2.356731466007008,37.285297870456944,8.285000577451047,0.003415121784058232,6984.794097151459,34167.73814315527,6.4459223977420255,100.0,910.2312753482764,0.8315275489912344,2.8875185800188694,18731.275252764746,2.2705716635004287,0.003474202740886855,8.805883631496352,230.28014398505567,402606.69665278203,3.5721866261733606,8.36648782121544,17744.94154204654,62.72130683752194,3.5356022784884793,3.1929631009133463,1.919018793798158,1257.5007266230355,387374.67464030924,11.00427824046564,0.17467953044952658,2.501351304596261,0.04067086248677777,48.58348010024406,4020.6143097429713,1.1643255268945414
38,0.009374571101509048,26689.53507172527,3.3347482032867646,46.61135167591878,181.73988991570846,52.34830920705447,0.01024687932740725,96.73818858943406,4060.7996416473616,0.03510301142016744,0.08640144019556446,39.07678496611251,97.48876906740783,0.5011752104613076,236.82799017827222,1589767.9351961864,0.9258427538513785,328.79326694341916,37.387956594183294,183907.4269136813,10.053242324651665,0.5141738416606604,0.35837991964913585,0.003657110536547688,152.35294422750766,690964.2062083569,17.719669862300535,0.6129912244747976,0.01461089283504407,46.575482581447005,0.5500319018689253,360.0,0.2230625633565851,0.0036474067710815764,100.0,8497.109295113441,2947542.478409408,2.8820955494378495,8.248660482615989,7105.8575856691705,0.11930064506230527,10.455163511110701,19.461977729282513,1.031667159761828,663.7717099840183,294514.70977961307,14.302199207494837,1.2830308729847788,2.5039719627999224,1.029016837922927,5.159633760487975,9963.200445556367,1.1483944636988108
39,0.010153597267725573,116116.02895113893,14.645588248980822,13.425195736724522,311.4827061445521,1.5476055257615013,35.921421272620705,4693.246573906499,4060.7816294781874,0.090008478862396,0.086,50.24550431408627,1.1912168914782388,96.58289699154378,226.32872544495513,362.51432728001834,27.379245136279213,1214.0147346181382,1.3586611989435335,647322.6624070328,6.1233502648143405,24.480677742722527,92.3063857764781,0.004487623522770934,919.834306239037,3598928.269018012,2.429235551587176,76.9265438526867,0.016445574687963458,0.9712966582733802,0.01,12865.31790109923,0.01,0.003141824807147213,86.11749235423663,1788.2764475526958,480239.9844727923,20.938243654425438,8.111057199783607,14932.093383671143,3.166179989561663,9.622934051177717,4.217229234808958,1345.311981786011,7863.267053440262,803518.4840005038,13.444402648411804,3.7112361807417065,2.5036986111137836,8.864990962961372,0.4171370278152766,3.061680689486635,1.1322692925678954
40,0.009727653267109632,2512305.1187380883,10.184688746796105,0.025892435458645,304.38965713833676,0.01,0.26444569986751515,50.160235002292154,4060.7999999999997,0.09725257735947003,0.11550811257357087,71.95589309580788,1.1325609845054827,0.010277920173094281,110.23316179041335,363.15959703689276,99.91130685757311,70.8218496688689,4.0276249172494785,128109.60760501727,2.614672455573959,43.040461108410064,99.51221824372914,0.005663911952990719,37.18945114214238,2597207.2103249533,6.651042021009031,0.044824788437516694,0.011143499264840059,19.195263285197687,1527.708650041877,1211592.2506345613,0.13990672251003042,0.0030019580221487866,0.05945040973563795,3.1786446615972204,1605184.3800722924,30.87851932555061,0.012978748859568881,7516.158351903275,0.011837127636080807,0.27743957347073406,1.6128975078546957,116.01608101778511,5651.998592636849,334100.0827477997,2.803427704450697,0.8400914722762816,2.511800440741282,0.13429484883635173,8.108097722223397,1.6151248210869422,1.088092809374303
41,0.009641109075391414,29371.76672564776,0.06701293777877568,98.5471357195066,108.18386570015717,6.9715963179929785,0.8674978658089523,176.05058318441246,4052.5645901473486,0.04203185056870377,0.09426360944651764,89.16800219127359,0.24732000179767435,66.2806726665234,4511.3489026129955,11463.16418844186,36.08600466979586,0.010169478621017396,707.3403766228564,14565.227172969726,0.0348671981066091,5.011956928901701,58.00435585141746,0.004011594508684765,483.5615502066139,2603851.6916601583,0.4480852469429368,0.18914650216086715,247.4868739962806,14.676386421317044,0.01,94149.38415902114,99.99305501704579,0.0032725349959833966,16.804609568827996,12.726678189707354,175361.02768172254,23.380891316693038,1.630280968737654,9518.451082941276,3.5600147557814563,11.009464758350735,4.818997432007073,450.40075823324025,3212.5183265927194,723069.4211369967,6.898386724900812,6.0452201903854474,2.5056230729222024,0.4826809134097775,10.66381730762686,7869.338407553897,1.213211349129816
42,0.009823980295914686,1284854.3331947632,28.891766984476927,13.384927233953468,312.2501821241713,0.20598408259834888,10.64215751851189,2177.737847817113,4060.7934332925624,0.04062422779443586,0.08618685106420919,33.198552783360086,1.779705773073866,48.78286918652617,9985.913987321026,444823.5915008043,98.53164643379709,0.01,251.33721358796535,2014597.6571333345,1.1057739886857594,18.346160682041845,19.807769685688015,0.004103868934898371,1569.6525989205036,572256.4562440637,3.300793090349117,38.43681570039527,999.9451945187436,0.036302946072982664,0.5310996317078599,94352.32312705704,0.060950253283615974,0.0032316261146081906,99.80684958399493,2831.5497926008,347247.4973270518,4.202893101549927,6.250452575188693,7626.740863816091,0.617150078001833,56.154557020776444,9.757466709369293,3303.6221348254567,2715.114255630945,1444568.24883263,42.740324081313794,0.47195001238933826,2.503752186131112,0.22385460879321162,0.7132919057671311,6180.952813252305,1.208549786455164
43,0.00976351422490776,509000.8074466085,12.222663063271298,46.87361683836092,305.7063732454476,2.6959170443523246,51.509772280590376,16.57500161890384,4058.814820394643,0.07321981535395562,0.08600195879899411,69.87877279995445,0.22147073207832202,4.7213508714313,2733.822607845265,499.84061079752234,25.86638036192272,37.44804552917599,7.796827672225203,51552.92023922961,0.9901218876846766,0.1573416663613791,18.477248050910877,0.004583530871629778,675.6080090124095,2176854.3537466074,2.735790290286806,7.1826086872629675,0.011606656513370589,44.677381715965375,261.61114576510823,360.0,16.382829040677553,0.003861117391280221,5.5680684164986785,1156.4020830427185,40509.07951792647,6.2738285607751285,0.2425441302768259,17179.74772805313,63.065280259120044,2.5804253916379056,2.127772328801637,4.992974117360189,9833.702566351854,118080.05712808015,1.2192749941948073,0.15837143437283982,2.5,0.0267336714775558,9.128774151668075,8.65601483897985,0.9822025586176707
44,0.009010680103126065,240615.30478367323,46.27171549235738,4.157978170101681,106.43399091992042,1.0045818236573416,0.010001850106774988,1445.7221026791992,4043.716419874813,0.09747885999971904,0.08739602460006167,30.000499901471,0.01073502458484948,2.0922552683174858,10000.0,3599871.861431766,4.536296167741966,162.39854362947634,871.7646627280292,1038226.6226538653,13.609673131936827,20.702967119116067,99.99723701311427,0.004521376825109249,82.45180260143263,2460247.0688740425,6.8820287214885845,97.27287824253905,0.011351274238625102,79.0241871655851,2194.0140362210673,1256245.5412672083,0.08485403421330223,0.0024533845614812242,0.04612231977854572,0.01,944632.3872784732,6.793468493070751,12.886502958667615,16656.357591964614,1.4496324610511067,6.660632379446749,9.352774000930019,9198.679882752824,182.1282879905799,1992258.9054105813,68.57455105217089,0.30143306124790914,2.503254553948944,0.17791823550786906,1.3124676937540014,9999.833933348367,1.220138573228889
45,0.009764102408570237,39110.51090877102,28.51674447719219,5.681235807977498,105.27773099118392,44.95664808561635,5.188435393015361,2635.610492240103,3435.832176854875,0.0975,0.12699728217209838,39.141382203045474,0.01,92.30377409749964,223.77862881025328,371.73347330307735,97.85153367480953,9034.805134427317,51.111320634804414,3134750.406893723,13.224455330682176,0.01,21.22526699552345,28.24755651452437,5.952603333721616,3593922.5397733175,1.77760383423109,0.08445906724876497,0.013464189063392546,3.2796314335481926,0.23373875557691265,558410.3576660635,0.5005629981708555,0.0026119472262643756,18.48385796184028,0.010701913813780406,1728496.809883609,16.732800645412542,5.517088130604514,6004.398191561714,1.0258822389282614,49.360857752079426,1.9920252940527468,1.2520231076389399,9897.162912028289,1525953.575398915,1.2567206013986303,0.25468382958377195,2.5351663610326574,0.30265191332831887,0.01,4.366116838929662,1.1642976776029421
46,0.009996683608421816,234370.80742778437,28.07263845477131,10.839530841668687,138.67521745324868,1.5855429896642863,1.1589126065903956,9988.4217593442,4048.210230571098,0.09141570409041416,0.08607958600692533,90.0,4.893360262717711,6.923649203988561,1538.651914719196,360.018350362784,24.228425515391514,3919.246530359984,134.48967060804665,54034.77865225213,0.01,35.79344077081387,0.017268521469423367,0.0046755052702680865,9000.03523635349,670592.1418397424,0.9176695433288126,99.65534384379554,4.473653120609073,0.010000013406227486,1.7662706573936005,1809157.7888409803,5.130631313769986,0.0031388574633900235,6.983253055049915,2137.067387144836,524975.351177829,27.542406147257118,9.065785589410932,17834.59926681211,9.162129171006876,43.58953928172227,7.101399742618115,71.93739153309888,7499.136317225694,318602.3507520036,5.863736216118275,1.5176250788220635,2.500708906614178,1.2625852296181341,0.8654543244773,9.47741221841117,1.176789086881205
47,0.009854950583948375,1922799.5177262514,47.439704464611076,0.7206532122356543,142.40006572365698,0.010000006119295243,99.97482324525043,372.71648122857454,4060.0746439220957,0.09690180284439236,0.08833316589079689,83.68568702590028,9.96028482593933,76.2240042036793,7961.412033052163,6706.227721037969,98.13230029494767,0.01008004547428092,560.528215815446,595309.4355691037,65.77294535349093,0.61861016225604,1.3361266654739141,0.005753916360483173,3544.4344664494442,3574522.905222093,35.846948666351,1.0217437999872023,0.011411544793327606,99.107914863999,6343.980385578785,919808.7229519831,0.012932154577695651,0.002993461539597032,72.75456274124925,0.01,1250585.4413673894,11.083914727472592,15.443245044232143,17979.13112213521,99.99951251135843,18.185465977720483,0.76629289213089,315.497694570425,193.92739327418613,3196048.5562941474,2.210366118245832,0.16132500560208918,2.5051175645156607,0.4417255897904783,0.01177377479113527,1.1530078167579538,1.1028898978311876
48,0.01003133715928795,226300.34663048873,11.537011281072106,52.557955607893824,108.13754897036901,4.478148185611167,95.92136570046301,131.17712088865812,4058.3072344572165,0.0956706265221941,0.08624840404066308,78.19996582726424,0.010027715027193159,11.14263879629816,795.7887835598453,254569.14316310763,100.0,0.010213686238804672,5.18787141636505,304997.3749366751,7.602510300709363,0.06405654761135095,0.8547401064242822,0.006066324228553234,7782.853499633678,3521143.746695385,10.365361799309767,0.33260525727539514,0.014705358357926189,71.4882712299121,0.19157160437512372,1413261.2122033092,5.0063404351439,0.00296765212711212,98.98900868392803,0.01,924757.8942731951,17.618028160521312,5.08853484655462,7863.40010516992,1.7010320671914627,2.358182105153342,2.399912893874994,10000.0,8872.716688468365,1007179.1651411747,10.525123585318438,0.9040388974153187,2.500211503559248,0.42879994497937785,1.6993964249355198,1.456571557051536,1.0786605114049286
49,0.010237828624129756,237230.89086330283,5.685936574035316,68.03932546818451,114.12525095379375,99.28946716768151,100.0,1962.1274775536335,3962.5139957758483,0.09745270588772142,0.1279486373379786,89.73183995226749,0.3155615333658246,0.010000127393535212,7964.438071344427,387.61493863257687,99.95928522496834,0.010067288145572822,999.3030059749133,176029.43343703434,22.419071566526256,99.72493889370371,0.036657093563259836,0.005322803099264469,2081.276037651816,3299908.0455930606,84.64679278056605,75.02902567581046,0.011348090206307426,75.71877058083939,2885.173158918332,3599995.723019256,0.09191201162778151,0.0026008129341409574,0.6483303357624266,0.01,2666892.543186166,11.461807820451611,2.0919208161607483,14402.631171830744,0.06499031114927506,5.388543057773805,3.072284717268674,243.11576017583553,976.8291961298931,749340.45178902,9.748167323774153,2.315911701214578,2.502498437246755,0.5984353798559958,2.9657418267686864,2.3060803349621666,1.1635956027117935
