,(GLMU).kcat_F,(GLMU).Km_GalNAc1P,(GLMU).Km_UTP,(GLMU).K_eq_GLMU,(GLMU).Km_UDP_GalNAc,(GLMU).Km_PP,(GLMU).ki_P,(NAHK_ATP).kcat_F,(NAHK_ATP).Km_GalNAc,(NAHK_ATP).Km_ATP,(NAHK_ATP).K_eq_NAHK,(NAHK_ATP).Km_GalNAc1P,(NAHK_ATP).Km_ADP,(NAHK_ATP).ki_P,(PPA).kcat_F,(PPA).Km_PP,(PPA).ki_P,(PPK3_A).kcat_F,(PPK3_A).Km_ADP,(PPK3_A).Km_PolyP,(PPK3_A).K_eq_PPK3_A,(PPK3_A).Km_ATP,(PPK3_A).ki_P,(PPK3_U).kcat_F,(PPK3_U).Km_UDP,(PPK3_U).Km_PolyP,(PPK3_U).K_eq_PPK3_U,(PPK3_U).Km_UTP,(PPK3_U).ki_P,(UDK_ATP).kcat_F,(UDK_ATP).Km_Uri,(UDK_ATP).Km_ATP,(UDK_ATP).K_eq_UDK,(UDK_ATP).Km_UMP,(UDK_ATP).Km_ADP,(UDK_ATP).ki_P,(UMPK_ATP).kcat_F,(UMPK_ATP).Km_UMP,(UMPK_ATP).Km_ATP,(UMPK_ATP).K_eq_UMPK,(UMPK_ATP).Km_UDP,(UMPK_ATP).Km_ADP,(UMPK_ATP).ki_P,obj
0,171975.12369738793,0.35888337906110523,65.21019684691643,125.04561056034841,39.567311302744095,85.42534116122023,3.5962298035912443,4018.053290957675,0.05608227924680219,0.2570284641917363,48.958434160426044,51.4233080765661,29.41706283262351,2014.0778903431121,37480.60545379798,99.72641045439372,1069.777484793564,265519.1584933231,26.408911403212663,0.22148181976294146,0.005719196990813858,65.34058483818309,2873.656827775131,3550966.294550706,7.411822599767612,58.88509586970103,0.011492512419909435,7.481076436934956,9993.989127298959,518178.3824364884,4.549533213715511,14.270448405662382,6413.266216089281,15.472559287013203,99.98304966208337,1.3080746581817557,3542280.6388102453,33.37491888315893,5.994062714923309,2.500110413284146,1.0490290553736492,28.938218996728814,2.667253635584452,3.9339434258227657
1,973201.8626905713,0.15663085890193842,0.8878622363539814,105.1859722748855,99.3923535395297,0.010757336835439286,7727.994749435444,3242.195540001786,0.08245578573897822,0.24878691248869078,66.41618070310838,0.01009011935126053,0.22631151890835144,775.823279481821,18780.181084723317,46.750037591775865,271.89860821662603,628171.1733702885,8.285472330116145,73.2360496323372,662.9984500879926,0.01,9.758192885412898,3583102.7456287937,3.7039718137998534,0.33375259769067295,0.013713763708261864,17.48559594829518,0.2908466946388984,334664.33163811156,0.8326405755992086,5.381099898703728,6000.283764394165,0.15804943014736614,6.9819763336121,2.067205191420612,2421466.0504697887,1.7025690027970268,1.2761875862406742,2.511960485314092,0.20805404778040432,0.08082697417227416,3.598007925099869,3.9598976176901393
2,1859994.0841633056,18.977128274166922,75.56796877486569,303.8931667735003,0.6917005453712145,27.117379294390904,84.38228431440739,4059.2690814613075,0.09733592321619021,0.08600009447611226,45.08779540063508,14.778797123971753,19.14293273838237,276.153348899688,15723.570875100824,40.627477599980914,6058.458631292439,14098.183188334178,0.07149668631961724,94.53947926063292,0.005154307874272805,0.15871319525357558,9999.948128927486,3553658.1369522875,2.645540654696144,10.147436776667428,0.011344195792837818,6.186432436891555,6941.641178884566,1579376.369445728,17.9572335266675,5.054426467212242,17448.096896668583,0.7603239848609007,1.337640447416313,5.076545783110425,296404.3766541333,56.09955465684393,0.2752585104014857,2.500452708120703,13.69247403690247,81.74013464697363,1.9805383688110427,3.9584540551615235
3,541857.2508698393,1.0714251101508785,0.49300457138905013,107.15764534387009,31.373559518195595,0.01,9711.13136563262,4060.7996086909466,0.06205606488653253,0.24893593283931217,32.71220971618421,0.01,3.756699577253457,54.550382870532495,690.4424622756807,23.952496252161126,23.57163194658831,681924.7702449294,36.72249692501267,17.72683846879216,0.005314934025585466,0.14001391763048282,5608.390714669185,1544292.2005006014,3.0007114954032503,0.3563537963456358,0.013236270242067917,3.951116312920114,0.01,548767.514027284,1.953008076518478,16.608139291946593,17852.83211341243,2.0771541413456878,25.237700963571335,0.20081797495027723,759818.9968089891,0.01336530734511957,26.83638871700092,2.500924997108647,36.06883608185418,24.4094590329532,0.3084803496908662,3.949505707844236
4,61160.27222318775,0.4156161683633433,15.657708814800298,115.55087538565107,2.0610133289515202,2.808218253387933,13.688315427900468,4060.7764850860312,0.040423478939574035,0.21553368565545086,70.17527385529395,57.62115105193303,0.025000396867721264,735.0224667097361,722.1755242360149,25.538728369989958,6661.424594216679,138478.4452736323,7.12152920160238,0.568285124538153,0.005806622940729561,65.7094936104901,9761.36708884523,815224.3328365374,13.276014008494943,15.042933930476181,0.013684355071343697,2.1111825156595874,0.0257655445255198,1364598.6852530732,21.02401512105753,2.2299646355649814,17107.192389933625,0.14037643576380357,61.78585168964894,1.0883662797577305,894810.4844839004,8.394032672329496,5.899073350519001,2.5004598521012182,0.7884513739115908,14.789621558399494,0.590191618628654,3.9694660402106687
5,38236.455257586844,0.5122898340300915,53.29511738749307,246.81464212058668,1.8992320553819666,76.29881280963266,31.432413667360766,4060.752680932632,0.08123892686680693,0.09581311650466671,68.55601448441573,4.844539256852548,0.6043198599697801,512.4807321820962,22157.47111879065,100.0,1429.667103615962,624413.8048799969,18.420000692198986,0.42827047280812564,0.005712718242966949,95.63136352001291,1264.4580982018008,3546684.3992061503,19.061124550017183,0.4315313425598834,0.01176315398548005,1.1202968689573598,28.098516196036158,329655.1210992609,94.8452615769528,2.4944945810716828,6548.891552967526,12.877251941636946,25.84118705748125,4.705400567169288,3160506.7515180474,10.774937155165885,7.3764706343372755,2.5076411976054933,0.35162679721705997,9.142338291162908,3.117700646674392,3.9697298705662583
6,148785.28237770422,0.01,0.015463913035535414,105.87415293481857,100.0,83.77563501524195,9611.080033835788,3646.322840581777,0.0974554574078,0.2577263811771933,30.138784174064916,0.010394279238645054,99.01682821344869,1063.567536964681,1363118.8562378136,99.98236139953207,0.010000024303152909,455283.2306009982,2.6865701750141686,0.01,0.0053656759874785125,99.99112764166125,176.01041728159564,2835235.909294807,1.630527884356595,12.599572344691925,0.011239519555523304,0.21119456639774406,1355.862742320372,48127.913862384536,7.233891993862494,0.1748589945782675,17911.330127295318,2.3168112590522227,5.052426034850653,0.4516389561635098,2771363.5378701705,7.562046356950294,0.30242001063460167,2.524902249586996,0.010001392541322535,17.48123148545801,1.1137127371553095,3.9530505710185007
7,166483.9520569206,12.305065821848165,5.758659600173176,246.89503059590274,4.658175919551252,21.554490352620345,16.305989568756633,4056.878954989804,0.09699635267158754,0.21285294826211631,40.122595337222485,0.01,12.697374106983906,324.133719844455,15248.784043450329,29.13023318044511,1690.392727224139,293726.82479290187,0.08536506780637299,0.10116892312887084,0.005208796489857397,4.660751746629597,3623.5745669715106,214525.9795392873,1.5242722392181092,35.513435629706954,633.9959454405289,0.01000028466405372,1.7489288191915768,191336.2517870994,0.22458135065609774,6.162141234895013,11384.650777717326,0.27345782042090644,67.75273737249618,1.6683382412401138,933873.9603796427,8.983513398485695,2.1002570398759985,2.506447992043016,1.705956793190553,0.44829540443694077,3.3694132696990398,3.9598168943564036
8,44819.25681616186,1.629639409776925,0.020511738237165098,109.22389487700491,3.010002726378147,85.42829314763625,82.35888410172129,3369.9754340323416,0.09742065130547142,0.10215717231373736,62.720621143555746,0.18458428012973163,0.010074075288693498,9805.244768847433,31784.875742812244,99.87171377402382,9.275443564408025,546346.2937792882,0.2462271879760063,3.0247667130990603,0.005061343456892497,63.85525001531485,3125.125568117488,1792399.0647740604,2.2294490433838927,38.989805546118234,0.021084367913898824,0.01597828473804599,0.2249478302464694,37490.50205985917,1.0533597631080607,0.3608107367045655,6562.6769433814925,4.502520622911666,0.3989847226436444,0.8752056146369912,3558216.4303359413,0.7926000946135631,3.383004313173042,2.5000416482030112,0.010061456120182537,1.641022758938871,5.235102187407521,3.888740653324082
9,442740.71291944495,3.7638961248896288,32.59591344150019,169.20099477858508,0.5628364209834446,35.709002680804424,20.52714076671908,4060.7999999999997,0.09358960441231681,0.08673597607610431,30.58159751602862,6.458520588501605,0.010001637463875173,10000.0,5939.628274379446,21.367026878492705,9910.266848975807,3559332.1469184966,49.520240523635046,39.49158882224563,0.005729932165446041,0.011209787241696127,9991.567787271184,3468372.83251972,1.9602704515790592,5.449579068280442,0.011780042203773756,25.858603234432454,7177.738567734563,287731.3267238623,42.35248129935802,1.3373171501125962,9612.610454401707,4.953588270822866,1.0680686460232152,4.931135910938024,3599996.5015029428,20.18248666479221,13.548230183196326,2.5000756252423653,0.8891602859266459,99.41518328152597,5.00811062347504,3.94293562387017
10,139103.24017242744,29.203604385793934,17.447239870790586,140.74094230143646,12.068490132815578,10.150952173056208,9796.850060527115,4058.543110436847,0.07033908758252773,0.08637427580779403,89.71797508257798,24.465577837212475,0.01,162.26134263926537,2954508.6347316112,100.0,0.010000003528274713,251077.30371506375,1.4111551754401377,99.83173881563569,0.005934236527898957,0.010006632190252338,1211.029788997944,3567460.008920665,1.4071952939031265,18.43175661938321,0.011520688992317901,99.99885967976684,4888.234793181916,118885.79707835619,4.197474192862028,1.923447974887995,6000.156696707451,2.309152906909545,1.404609982003054,1.3518724582057333,1552301.3426659054,17.47836679332257,4.091673443113085,2.5002364684776115,43.43004894145167,0.8886589073755398,0.6059907698651879,3.963254175235505
11,206953.62379640611,27.002576660056786,1.0269687793322586,312.4178961318817,5.430896627915053,99.43006108854712,8927.26930905378,3987.5489834758773,0.03250040301098187,0.08614391661584418,83.29402716751109,0.01,0.015470308363634727,83.55036003341493,25593.82147515714,99.9942609912336,4382.969001120655,235129.9358851811,3.016275706282066,71.09759727225016,12.37038118894639,0.01,8.218241868784983,3576926.912980486,4.0433168963206,0.511208859279955,0.01145067291573903,99.83311891329956,1130.3411474034729,3593003.5990358186,11.397216097715447,6.238446041253982,17994.025894001057,0.8859283554795644,0.24078282825657513,3.7638559516115673,3107783.135786159,4.48500368585135,1.6586625994747337,2.5012615049377382,0.04489857894155357,1.7405919231219817,3.207718835530134,3.9832378391285217
12,3033505.3030530275,9.592439496382116,0.04978877893699873,138.40362317714929,65.71310206354613,76.9059050990945,272.50396114360973,4060.779855342902,0.0966842321841425,0.2425636103974815,52.343159384633,0.010002047296767218,0.3960293722498231,4445.925190635935,15917.640861965601,83.17545510755983,14.858668600300948,18920.54374071222,0.07034291168091641,99.45587477472033,0.004162413465281537,0.6675686275039217,1865.5374259342818,629351.9459979235,0.6382790460911916,100.0,0.01525843431276008,9.321467296808251,0.11553723035245807,919496.9077429975,2.5732077651877905,25.98909417380738,7023.1604686836545,62.005621328111374,0.39433907422327785,1.411638381630023,355291.27543727984,4.230964371247243,0.38186254947843973,2.507950713577869,0.027011288337270442,99.72939920009512,794.8403127518261,3.9387129807203047
13,299477.28501892893,72.83305758322416,5.254339130759725,131.25728102395686,99.29900693724274,41.73722015888922,14.298911437078957,3612.817372468525,0.0974845810999057,0.2577526741591499,30.003265824207585,0.010003816269722621,99.91619367864841,1185.928550412,22524.20003557152,83.19347698785386,7323.392814496184,1492337.4262937538,47.32426752406635,94.86015824430143,775.4930810419693,0.03579563412782468,7.377806911542773,856552.9445008099,8.091034232251806,2.0585419863634855,0.014414125435297862,86.45067323218737,0.5664416480095166,1481887.7510567182,78.15584591636544,9.55285108078021,17877.86031858356,9.006303235792515,3.65589199603452,2.2854860689279644,3599664.768564356,2.386628142895315,24.439632393868802,2.5005407247972715,0.2523888567786155,3.249249914059823,3.2324301798400823,3.9858526378456935
14,57672.96962976823,0.4809982185936514,86.44565681307505,134.00653481846163,20.566610997192896,59.57811193723174,82.0003824264374,3587.702802648962,0.09749999988797554,0.11147601597763686,45.61889580516405,0.010000226669248373,0.5270644877618679,5963.403908916338,2557875.7207546793,81.02543105402552,0.010000344369095884,354921.0379199234,6.9806955640670445,26.866769293937107,0.005768318603450948,0.010004624025673566,2976.6609114027124,3585924.858027717,3.958221591000555,0.32293731773297984,0.011417055941160454,85.81535421738133,21.530569107082883,1055216.3115691666,23.119876558779495,7.948136413974662,17926.21273152435,1.2364228095320218,10.641131148497792,3.230317576895192,1694201.5914981898,0.024817594616255323,7.8166582142256384,2.501645994602267,0.25939372055035886,0.01105672588325111,1.524592445452225,3.9820266731620713
15,38352.257954095956,3.2531328131287953,2.6310884704864885,314.9274020752378,14.493714903609748,2.625805089210353,231.56201863278756,4044.21166609159,0.05218825449534866,0.25777317841442904,89.82652062408252,0.5305126416262427,0.010000684557450224,78.9423541292285,12248.9091737694,97.47189974893166,1568.7619652125854,2024327.7581575452,34.047061272487106,99.99977789988687,217.5798488157341,0.01630981279425318,6.475745989958748,746550.1915777622,2.401658226283376,0.03729060676417338,0.01377851846264626,95.0563722663631,0.3105622133405482,2843666.1630808385,44.22142868820455,3.8689405376981503,10659.81774233529,0.7052314335041355,1.4182130425539308,1.9356377553949222,719984.8666158849,0.04689321661701645,10.032274585340199,2.500107141357394,0.01031386777093665,99.8812106729386,1.6859259689010901,3.972678945051078
16,706926.2969931922,6.538843073874302,5.467857883788556,231.09465385369043,1.601486690131723,2.034218483166188,11.589900326476869,4060.0306036572997,0.03340913768132827,0.1810656518474744,30.069985607703675,55.571380174092496,0.014893098809696645,90.9416295952818,17670.632566818414,50.394684253217896,3830.0385144184365,1253738.7576312043,0.3927866216883752,0.18928995941173776,0.005183090097736255,99.73655756977197,277.68257585145614,207897.7637778432,4.306294027297463,13.38730097914986,639.3510414960085,0.010015909530891778,1.549255581032436,27607.498360187074,5.3452956742294715,0.018552580852847063,6287.971627090988,0.21622960772551905,9.43442080734617,1.5148266953111864,1826309.1251913852,0.6580677569720159,19.306362456060405,2.5003664649665986,0.12640426531663604,25.159981374766307,3.020650127587123,3.897206495570645
17,110614.72842997998,15.171569402173027,17.204760926847616,134.80575264443485,2.389350334807599,85.4875755741621,7982.922963869386,4058.871942115123,0.07076379224630723,0.08610601360638881,39.49384054067734,0.01001047048898064,0.970050010998611,9917.519387825436,4377.883464915846,4.371670638616606,3468.628417546499,22720.442514106173,0.5680436797244195,78.3008581363349,0.005865624746716952,0.09611879333941202,5908.550755986756,2479627.616511108,6.357150009880932,73.69826085497787,0.011031988415229616,18.345203753584954,9986.77686308383,3388935.252908331,14.151856788735023,11.027470252114151,15232.260452734141,0.3766510804192167,2.928225379979255,6.709849906102625,3485475.5869386527,1.9890172077578847,18.614685010748545,2.500643600297207,0.18221279025512657,4.73470016731251,4.328482642108577,3.974084377681047
18,138504.13105222926,9.201673732528821,9.502333514853605,105.33168719232876,83.32235030708536,35.89559283466342,18.08967198719671,3843.0248541285887,0.08694113362774386,0.2578498421787942,62.18920770798925,0.5644928703545591,0.010006569242332931,8843.830741837399,20797.623889198978,58.1215511681013,9475.283504725543,1098267.7766558235,34.284372953548356,26.914574975382035,98.4677665015966,0.01,8.723240812844416,3146388.6453308756,4.550887812179427,11.969049249307076,0.013882213905861354,43.400324753168896,0.42888385412561975,1278451.7824616574,5.464860009991421,31.015097634937934,13442.45779774383,2.92904511058761,7.574637620263561,1.5766612022710278,2392207.2135293437,28.517766378066796,5.41368766482303,2.5000063539166497,0.7701599308696039,94.66585923718367,3.213702906890326,3.959734905019103
19,10318.222453868484,0.10284075970264202,7.553903609397963,299.6307052376011,27.730052058020735,1.51894541279169,4.602720129850737,4060.7935615457122,0.03747530125018482,0.2064534378789887,84.81479664422524,42.34490792945457,2.935777968612289,9973.182664574511,2746.2052048585974,50.92779723019156,9670.396143365906,21059.29496371247,0.25522254519595833,83.59412166908014,0.0060604054472401065,84.71075048610153,5037.5405343071725,2664486.778650162,2.2359562563796205,84.14664427822872,0.011685461190888912,1.545566582290908,635.0581789889235,92762.79289354077,5.272932914523121,1.0984093692830226,17768.497550252345,0.6000873150328342,28.732074710653837,0.9807766449980239,3188194.80041501,42.813519745153954,2.859416300306235,2.5183986597076937,0.41262725431882036,68.88718928584846,1.0880698248244691,3.9185572410292617
20,48973.95936956034,0.383700153120854,49.36505840118731,133.0554056390125,10.280171643347236,8.879104597235255,26.689866130057407,4060.7999999999997,0.03932515054275434,0.24624689223422203,30.515202547596203,47.53653280462528,0.010057852325456066,1015.4339068858286,12933.555366083046,16.60285881289411,5152.1301216878055,398185.5003881898,5.987279966082161,99.55826223248661,0.005353671221199023,58.861881253367436,1047.3899563212658,128007.65460980043,20.62477055099073,99.75640180990649,215.7356811473737,0.8547725460324623,1.863924404298175,1583637.8863482804,0.24705780757586068,56.67266386424698,12960.270817909368,0.33420403989070946,62.372047578264876,1.974184020545944,1929322.788911942,1.935327987434421,12.771354270850674,2.5032302440841745,0.2932823109596147,1.5762053327902847,5.788294125663603,3.988956781935467
21,87347.18722496931,14.890829594415827,0.03246048902172392,105.37651582517864,0.04053818514661842,3.6356327976363905,3.6286635972366983,4058.071864201772,0.0975,0.08601272007687276,74.43437001652396,1.7915195828089574,4.160876332510797,788.6329094798177,375.8280998421601,64.59003211492286,456.84942818269894,1103148.3097738505,35.262087953920044,0.12926984802161476,0.005969909105898703,31.7353152128306,448.98317556560926,3600000.0,20.999115547398368,0.06605455475084035,0.012222087068198148,1.1838822117097125,0.01,126707.57791172329,12.137033625060461,0.5067513256786365,6652.31784931742,0.4698029137638277,2.045820593409341,0.3043192216522655,264751.71551226254,8.282001070424112,0.5775215578150534,2.500000437805867,0.21659039160616309,99.9326583012393,0.1915324201806696,3.9737861364425857
22,310318.5474243014,1.934349316915253,3.42055367353392,314.9549077146783,0.027141401064946516,16.925095001115103,69.90980105653175,4044.4206718372666,0.032663045202088,0.11012692850351248,30.425542035888213,2.923128217291306,1.092524266803745,9748.254282282198,60050.27731252465,94.12825356989158,12.55830261207674,290397.0409158321,10.810850757095265,0.42241182488410534,0.005690487144780665,12.680696566148097,2684.8973318227627,3576584.1053205864,32.18109834473221,16.663974904659486,0.015246494708257254,1.4598178041470884,0.07902066375065286,2553710.857326274,20.12217990665033,33.31679260542832,6856.26595910912,4.05416656383794,3.4630639925920135,4.523110239411008,1602666.8319375424,4.179953728566693,7.643575930212966,2.5024121780966686,0.23998730063006196,9.826293414605905,5.733586941104604,3.9698680254762473
23,179700.63619427592,1.9736365740973218,1.7084543782682193,249.14069561336703,0.012756768074360554,81.94258626206488,224.5113234583021,4053.064083543804,0.06347680530835498,0.08601112938109946,55.16160588350699,2.6365334750433598,99.89532497412539,2738.2034736664486,652502.50078807,97.55341501143735,0.49974754850387443,123141.78699088008,3.7937692377240153,0.21601586403967488,0.005556309820673651,35.625015527167285,1429.0774551907361,1016179.734174687,7.086199339918005,99.87569531325019,0.016368441088827377,1.2946670777357012,0.19667224351911194,1089492.5786690388,5.600369858044333,17.689788188982835,7573.60902343824,1.1962257603853779,6.220485693759479,3.6518439252671167,3549150.298083334,29.810195403772383,4.600455824991479,2.5002075203103935,0.545449098578578,32.62148370546801,4.107787645174717,3.988195930580665
24,506756.9915339657,58.49307294486438,9.784129943170058,312.62891091100613,1.7241592792889007,28.737907436356974,36.69130409867075,4035.3420114874343,0.07067990880935601,0.09873103083450928,31.765794211106098,4.348629767769725,99.97031214104418,97.40378912591258,5492.309595797547,35.78502396969107,218.65104656009987,11454.6817324081,0.029355607689463128,0.1529198229783346,0.005419275091757097,1.4632312244354844,374.0523056226691,3020245.6547640823,0.6216732605295702,1.5131703643343368,0.011386665657130503,0.40957486672118393,1225.2899483783506,971560.4112945007,35.5681807826621,12.26975757142771,15224.876034878353,10.819425616291875,5.644145828878093,1.7497348009648812,760447.7257588302,5.030274369439351,5.850973164172551,2.5000009084757613,0.6062098799470941,99.26728192274375,1.809892116414211,3.9329290288356793
25,125679.61524016845,3.9221652268005127,39.779241471488184,113.9329466945585,8.8639892104899,21.022468998185,12.307222160509399,4060.759456872824,0.06582370230925502,0.22847351965098142,30.016154124590688,14.624470030817928,47.72316401088137,9816.293534207398,46784.7372676231,99.75139829903196,947.1028396858494,150145.97629660365,14.315062740002086,0.8248770246040008,0.005622152948211718,41.174514147277606,3471.4727914999926,1793135.9097211245,4.254635079544711,2.7729562516599304,0.011343836701105652,11.754603127329252,43.04737316835248,897531.6833237172,3.1777203578765403,28.975651334659684,17542.191408608818,8.75185681464222,21.741905172642397,1.543685045577268,1069597.7302186668,6.373403550033192,8.553084275551006,2.5040660314264915,0.9282531556159593,20.220197598725246,3.699947682443454,3.950715433349979
26,40697.559331289165,0.01000042374177854,98.81605875539587,297.23794452604244,1.1976343685913184,78.37631020625753,1745.2476752973107,4060.7853168191014,0.09431303423122593,0.11622927693205742,86.50812644042772,0.010013260191641995,0.1987766425614008,632.8793055709974,377.35052893956527,91.82399491629914,185.6807806155462,11931.837937055232,0.02146239163695644,34.44503732797464,0.004968833889034546,94.69282351159418,1122.009482355025,3497097.3081464046,1.2642355009272184,20.44151610813465,0.013145820200289543,90.04967273715789,0.010082324278746457,1341964.5761101658,14.370168578056814,8.93148003332163,6407.82703608619,2.2077052863093316,0.395312394853477,3954.497745000445,1150735.8623782713,1.8583472273333803,9.01623443874745,2.5003195691882425,0.4363701660215303,0.6926363934257486,0.258066843447405,3.9918041096720214
27,41265.72208139373,0.7050759068776191,12.958502835980529,132.20242076547345,7.974684211176799,6.782083987766988,7.6787053852538385,4051.4464391372003,0.09513717291701394,0.20722658399089297,41.84658425018016,7.683823140894934,89.79735191735955,218.2036109407584,20463.598089498173,47.767721701450164,1145.7775116926025,1685919.7051487104,0.8902539398511438,0.01073696827595054,0.005178134304604987,2.2337059934617054,1116.0866803025544,3025338.4168659826,58.93565702974581,25.26688118211309,84.74924062463995,0.017265068849853574,1.6940427559581581,263240.52562827483,9.425447468538028,6.707641530094659,12052.222283868015,13.414248758765154,98.48561930916627,1.8520144914164844,3300227.4268698106,10.988631984332512,24.73962356209855,2.503172719832466,2.282251560933819,37.41128756162049,2.6338714759371618,3.965976469242726
28,1652430.1245326449,10.299294856426833,99.99869198378057,106.80041115513568,69.54231756648316,1.7389789335907813,151.62466759837403,4060.1595502772398,0.09749826075796587,0.09296317965611313,80.9920173335779,0.01,0.7295402229277377,4495.548236077107,1228585.7931590308,70.65096145627776,0.01,1103699.6218934,5.21983666205369,99.92797327795478,0.0048387744770426915,0.01,9960.045655418173,3564025.1191525445,1.782010154262555,0.015398551133913503,0.011196179901407793,76.78059302833312,9934.221770038592,76382.1391487033,9.752915284326281,0.8006945577688723,17865.019735872826,47.75272475010493,0.7853486895335374,0.8768166687002971,1009053.5078220585,4.045270361998905,3.681003619384222,2.500017790640748,0.10089160075660086,70.59420758353842,6.644457310610068,3.957047536468256
29,104338.9045155606,1.2037371464943456,51.85240069325333,313.9889327793496,0.31043750464714537,97.43009131020825,9922.861116470845,4060.78026097828,0.03612365149969838,0.08731428887145277,54.06772348509018,97.77737577238506,88.22008389322872,3120.854615903593,22138.731892336084,30.08646266278047,9105.46494857637,1339223.1081327458,14.176582084020495,1.3146752123027468,0.0057051708595949715,80.29081011897439,2782.529581741111,2477545.2246948844,4.343802620474107,94.40892437803018,0.011410605361802639,0.36447702641536117,310.9293136702549,148275.983035109,3.851235368643543,4.144535166190995,7363.978335961688,8.003316222165182,4.653199630255625,2.270020912361641,778991.8208603238,7.103005477038151,1.0141639298030307,2.5001034971114238,0.1061740386434783,79.74136487484185,5.375420565713496,3.960822325887734
30,3568955.80367997,21.272212207713533,58.71125760343587,105.37772568285376,67.98283621831085,7.249992581452414,1.6664701662487715,3903.958180126662,0.033747687174397356,0.25701574581716186,90.0,0.01,16.649402104028752,2431.575722435115,796.0943672758419,8.481487628956993,499.7543499981208,2089816.6817664548,90.28110602407313,1.2813694626912715,0.006068709330144858,10.653862156897157,1027.2023046765214,12904.7250905646,0.7297440258499938,6.195258767469838,0.014402090130504482,11.056356727701115,0.7998855101768734,156859.00044782186,63.02284263956858,1.1040887691581047,10771.965353578142,6.606358429053382,33.78613189122531,1.2330239536499168,1267427.3801789645,7.500465045009573,2.7379023209458837,2.5000765595224825,0.3775597830449938,1.7693858721432634,0.9335833129927671,3.972787647452159
31,909189.4048682433,4.946381020215205,0.9988854945588121,105.45180456646763,0.010000000146137113,34.59997511690746,3095.3599353223603,4054.0125035690485,0.03298962079314903,0.21345635680341762,48.56465108870759,1.3998432392413935,16.12317695037866,2498.173099424064,1606.613390491975,98.44350782943441,14.413522438433215,552262.0333887152,41.012561970791886,80.19062992074532,0.005818544501054074,0.42702886669082385,743.4323339578941,1213107.5780473165,6.653067102984078,21.167934727622285,0.01375462987770312,24.013027672821384,0.01,2118241.083497014,16.962863787121425,16.38764181127981,16423.08162729304,7.1640650947910505,0.3985900346168856,0.39178575390342213,3555807.614152453,38.847843457424034,2.6382986770398946,2.5000009536950585,0.2490854110914466,42.5854685947062,0.49870754029587383,3.9367273244645906
32,721140.3391099486,41.81003170178138,58.35747816841926,111.30718808425159,54.648482759925535,14.041318946771208,10.800285539394647,4060.795564509457,0.09309187679161554,0.1062419455020176,32.290296750573816,1.8341297838878543,10.230447961227425,217.16929259504096,34709.91489664021,98.81045083890096,806.1178774668689,11618.51074458735,0.04208739033720361,41.66227250238575,0.005543069608065077,1.8044515819151672,317.80176008582254,2329122.221406232,0.6784224705393733,0.018297199320626414,0.015205005899843414,85.9426533125603,0.04769756357811435,173935.3737344908,0.11386759646173197,4.714269924420857,6342.063098403975,0.1968073872866855,17.20327395672585,1.0010591079554294,955272.1060246222,10.227644181439224,2.5966620712891366,2.5028109131187843,0.6488077210190086,1.4785465074784088,3.819080244191889,3.880892752879678
33,422978.46807718073,9.064467001779573,6.400509498302914,258.6905670886513,0.24743160078509616,26.34626718723213,58.48776639918881,4059.673586812029,0.07035289466392436,0.13573959574004624,30.00345177607859,0.010000861687446603,33.47281323519358,287.9213799241279,12373.431424348397,29.43459145549438,5118.703226431071,43024.51989160194,3.529207639263885,0.7077980786407859,0.005500822787858977,45.126774014989785,1505.3040739811463,379512.9743404523,2.743599801219319,29.079693886213335,0.011336081632326418,90.93004574123091,2030.8814086737514,103459.28654640853,1.4590241045643308,2.2920235113120784,16452.681626636786,1.6599737683765745,14.034885811128374,1.4280278584218795,756604.1855677406,13.321130587229712,1.4841625800338,2.5023680086036255,0.7907507776600037,2.318415264206683,2.7712324763191747,3.9379596703425497
34,2578889.379625066,0.010002016236548,1.0399118453511003,298.0461101890177,97.85207374970857,0.44098773894061044,20.452562334348393,3951.206886882711,0.09124659914580141,0.21140205456337152,69.27305090455508,0.11645202475836205,0.01000246229739756,2858.289077164428,3748.9747551276328,43.06743961775888,17.975369307278005,2137409.6576572964,1.3766679980952128,0.01014535705388602,0.004863755988375229,0.3810808979042905,146.7464139107716,682333.8763812885,0.010021585969188828,20.666392240877943,0.014804452678717418,75.41642135032964,0.01,461680.961196402,1.7351447059889384,18.079740599515162,16945.936340389137,3.1013894681688248,13.001221712083364,0.6155120371333421,1806677.959082135,2.3377155162220027,6.177896552428182,2.500014937555187,0.057947715154396076,32.8523393259481,3.896419362662987,3.963393809967649
35,23134.01636556671,0.01,52.10603570985856,105.00981273533637,6.46983500965324,65.30876961529832,160.39831962710124,4060.7999708561497,0.09016381244363636,0.23036103323733617,80.79024475072815,0.01,32.437190246395865,36.801975919645045,2450.0307110058206,68.48861699680387,6.268462979455693,11337.25163372569,0.027991389292865144,27.939187619201903,0.005372142930066062,100.0,3251.8468264192456,3582308.78128096,0.3200621342916199,2.010625879174753,0.01129491366090728,3.4522966511860176,3276.9999148818515,247902.31018799302,37.59920373016006,3.189159242883394,16878.434437804895,19.608641777668684,8.82641171213488,0.4350658740570576,246607.83004207734,0.1738921386729008,0.2892635994933753,2.500087875468983,0.5396073213991984,0.010002252629878604,0.4059114091438346,3.9213173964047234
36,3136897.1715239715,25.435124361574786,99.92201767025733,105.37016462413152,24.0553339462597,1.4517704137541998,9948.85503304099,4054.1379201350996,0.04691729659072731,0.16234228478590004,30.00084170990595,2.295819735320961,5.646537429791539,731.8742741723057,1858.534661148623,7.995712799167508,2.219602053148917,204384.78254359006,1.0070756944486328,99.32703925327974,0.005229251242364867,0.010000711643779844,630.0747311551555,3568502.732201304,1.3528685071496496,3.6826837532730754,0.011259431924289113,12.51835973990534,8927.085398916432,1543218.0965696955,1.9751172059557673,48.253212060931695,6077.456829922389,2.2274564215975143,92.17107801478727,0.6591675154891122,767348.304639965,5.639333611978641,0.5630168750891746,2.501007872952788,0.03947750890276505,2.6686123238483708,9343.581693995728,3.9707652472357085
37,166965.37283182182,6.054910254705834,99.9924752824129,269.8106055523196,9.932336624567371,0.03756802076476194,40.88786939063087,4054.216599925259,0.09664107932702012,0.10014992731531537,83.11726232782625,39.575432242125274,98.65412970324311,640.9568698219241,5640.077800898378,0.010783119394272461,7997.196774962432,1371128.2763221196,10.007729175403634,78.04279773486299,0.006017912799304745,0.01,2876.349413855392,3558991.8080894817,2.097897000937092,0.010042249394757488,0.011449852898532127,27.122281021047772,2574.911785670764,481422.364363187,10.40205037352987,10.684024156269704,6041.635049110509,5.152124289087467,53.79669096364617,4.943175527537172,2615546.088488484,6.5921659950809595,3.0673275513144196,2.5006859069303147,0.08155301022705388,8.615691563144923,11.29449598081734,3.9628371482292213
38,71821.37614044086,0.019982517277465226,0.01000000000000053,127.47085599103879,11.8426839652898,1.312513837935458,0.47970036249356274,3567.9743544111125,0.0966968442254341,0.17490467305488874,41.33813658323519,0.010161015265537638,27.217034277281805,5165.478967839214,8134.112561923458,31.632774129783673,453.01787121790125,19494.979987081068,0.46753136857314087,81.22287259581782,0.0055044891255579455,2.4315312631740595,795.2978858528077,124017.23285205854,1.875373012740236,0.018900234965024514,0.015713834861348683,11.431989979150373,0.27550216530069477,298891.7732880438,0.6977241922896401,6.741082198182459,11696.553200913102,5.553360244244733,0.4568400434803666,0.7623138088483786,1807798.4691218117,1.9545903969995175,1.3667525342971711,2.5,0.24352238912227347,0.11260548604442003,2.9679937338794486,3.896443657781525
39,16536.423347291882,0.011394394855231233,29.51583737680245,308.84974456098087,84.88467836842463,1.2391236703449933,12.4581883670729,3772.185127268272,0.032500084537829904,0.21885211222552314,86.3990359423936,2.866609609887463,10.839988979322067,4076.432573624088,4392.0075262380515,33.947757357212865,182.72491384822925,67383.67605897866,1.3449739268277194,46.33804125447959,0.0061399061464722906,0.01823233937525905,2522.7001697125997,3546620.0325241354,4.700361880956065,0.8297332602301293,0.011417748344493685,99.17479449927225,2358.336138339052,2156722.005617115,2.624463120195154,60.64266762945103,17609.679016178103,3.5133705498740393,3.9733374699755646,0.761731639654138,1446470.3866289223,1.148850186554373,1.7885577470558258,2.5,0.02602546109106153,2.6434540254592385,1.760120426411544,3.8986001502724656
40,18757.04266115689,1.3193255587418031,22.4434351266046,237.97205535801857,10.32379977377303,35.38652347723001,42.59193797753522,4036.4981901568167,0.09740314388233347,0.086,77.00620522703511,0.010410164402748332,20.68935125160616,128.2735346843393,12808.575301496086,48.1675150251406,9939.005422985101,10131.640374029881,0.010061019158149349,0.27249571801016276,0.005177001035387266,41.92752586401431,9985.917523905864,1503176.325988419,0.07930386019603193,16.10694014230448,0.013297715508883394,26.16340019489474,0.05049537722423628,617322.4653392293,6.299693482115402,14.178497115926826,6003.282187318034,2.9577579605932334,13.54734663261289,1.7930356728179608,107386.46859430485,30.045756336369674,0.01000006704423223,2.5000021224184934,34.13140227084595,89.52405684280494,1.8022318196051677,3.9208239355380172
41,5223.616440589244,2.75571271833918,0.011758013273616811,105.07987076387153,95.31462554748855,99.99293258547246,992.5210659273712,4060.3767836685315,0.09265656218356537,0.08860485041572605,89.9620993304673,0.01,0.4223344899692689,6622.498117852935,360.0,36.8039560849574,2666.990438337649,962838.5970606725,54.58428748765461,0.08226184441412093,0.0053814418977055165,98.75207334487949,113.03232227353249,1869499.157708607,17.79769467984941,76.6126459420112,0.013315745598319283,2.5236150515431897,0.01,760330.5563259961,9.048734518220568,7.470047636911853,17997.774852987142,1.168683679576773,1.0361574934621545,0.409101217360272,3388806.5465743574,1.5617269389427484,42.90742272825525,2.500023037757296,0.163261959109627,86.15291506923577,0.40693233411300106,3.9619388549579364
42,1098315.7215243976,36.317805900059206,2.0023981682766423,172.57748132049008,0.48506995034395073,5.4366999762357775,9947.833112910419,4055.7815804656507,0.07346970640890461,0.21837536054908696,31.72623241782335,45.28014496729426,13.982227814604272,27.646372607580716,360.0,34.54145241840132,1280.4566294356503,60101.09549094755,2.2601753936053948,91.46086825200983,0.005710353424530002,0.4466640258511765,1166.9651752241743,3575115.9807925425,15.314067619043385,99.98625327635345,0.013694365656656568,4.200336040202776,0.01,1603344.9564849748,15.99582229041421,24.30642655907453,17627.942383625912,24.252720129524594,0.9138793104754842,0.13370255182905383,348027.5083700942,2.8633397046655613,2.2560360754124353,2.500436176912137,0.1849061092134439,13.285507781825226,0.30995824717123355,3.919844351895873
43,38113.01265695335,5.72904717291979,72.3834927293263,105.0,99.87835231896005,70.37377496517284,524.8315419211226,4051.252889430028,0.09701912714209913,0.1354806739674124,30.000070882393786,8.60726308950334,84.65586506969831,196.32188403149235,3598030.669321075,96.02957542781597,1464.5309366957238,158746.14596026283,3.3794839421368574,27.431329858125473,0.006316315836849757,0.01000000000006576,5555.026028809035,2257689.873797567,3.763129237705426,99.76421845733957,0.015970649787273205,92.93545602409235,1.2311987810599778,2657236.5010218276,32.55195129553878,28.303262161956955,7850.531863975697,4.465198658463057,4.113180198587372,6.93244673734263,1212216.0903699233,1.0197639378291719,8.555454345815704,2.5003374861837644,0.0978602726309096,4.374103209520771,8.822528105880103,3.982740243604166
44,1634648.3362118572,0.013337982446867692,2.4539948583631825,105.02865146087169,0.01000068746912313,1.4436438193435126,9977.336209160687,3556.410767813508,0.09749994570253609,0.14609872432058826,85.63458818789297,0.0809222395189629,0.010000875323975159,9984.313452711422,72229.27947768799,86.33806098541436,22.72864826068563,750786.4871476553,0.22997728471081605,0.012912680885420143,0.005034323100358528,22.192392776049335,1147.482907103872,276797.8020437548,3.0781295400305715,15.775702825309864,38.3980955290863,0.010000074751126456,1.1734622105964878,39392.65528586546,12.951841950559901,0.1879450337864977,17999.75850120136,91.24604745116933,14.146665472475886,1.8227905889624891,744470.1432434074,9.577810699797565,2.0124123819384163,2.500033534746821,5.201803102294168,0.48707210433222603,2.2942647854704488,3.9014872231858098
45,144948.0703381652,0.7446624068314409,7.068504601957616,105.00002228785678,4.187454252492062,0.4044410445942763,9.067605383751534,4049.5767637928225,0.03371274206486853,0.2000629641200255,30.220546132648263,0.7092077857940666,73.34016512469668,10000.0,1037612.4874960295,38.95933560952793,0.010010026851497307,1376424.2301752004,24.208455991276082,1.128176596045295,0.005470103782742666,53.764436461145614,1374.3749954588668,2550999.976880484,7.6986843685945265,0.013619484896270372,0.01134457471039438,0.6164651446794853,2787.4612948052463,237981.04150687953,51.86599990230128,0.7507517174517478,8389.660329414386,94.85879613764767,0.5585802235306911,1.1428877991535078,2011079.2181542658,8.870403526172542,1.2624597606420946,2.5009111448786916,0.08042372476588978,99.9999992474178,1.2050490102942428,3.9775455573095444
46,558090.2484862,0.01,32.62561780248526,304.66490649267854,0.010234529683423301,0.8594295101320917,216.7619975654825,4036.665534745332,0.033634086271200306,0.1486905112733754,34.94223905612777,0.05818609432848765,6.84110163594787,72.58457886776252,7857.685111879904,40.656824250296104,231.64219522439691,375480.0343390455,0.15179956701339,7.466975290294331,0.005482984608838317,69.91985993196768,2167.669443958465,387024.4593236239,1.5032429031613062,7.343639842130477,0.017151209643785505,0.013128375702654982,0.34838946228156564,315799.2052996517,17.000322785470406,6.471983316213877,6549.029477447554,6.9734693271235075,80.12024870690136,2.0617576438869967,3565841.9983699024,13.061532885518805,8.083372329988148,2.504430596600359,0.48393620843934987,3.7075822424545457,2.9241197218631383,3.947724583235524
47,1536793.7203919664,0.10649543581226795,15.158884542171505,105.07029920344935,4.061387078896145,0.01000145518708876,7786.565959777865,4060.7813960537865,0.039902024586754854,0.2558331478226182,32.34297858390534,0.04503429220826827,2.453130458834241,99.13018261958318,7739.743586922068,99.9894256793542,50.32865964315004,517021.20582006883,45.159186465495864,0.03100206120325404,0.005667683699236033,83.45975334879522,572.5225946165442,2579396.069011746,4.101637114038477,99.88934412965894,0.0145640722682985,7.169115286039665,0.01,2024003.3470494736,84.11326049659866,18.133104707336322,6000.0007690277935,13.690803214651323,99.90081754542422,1.132404525707404,3590593.0451919143,7.780726911679939,0.4613284596882958,2.5012672198130286,0.010000697057641951,6.685383172977632,1.7427254255020506,3.943620618917472
48,16921.10145424296,3.953776420402218,17.408374758366723,118.94407682160117,15.356990582179435,99.58019030378018,50.123910521126774,4045.655270931613,0.05825585036041728,0.11325914372122986,69.9443854143723,3.519240434265821,16.355213969951425,1270.691959857065,11776.700636679216,15.386665005232574,63.68292593212243,43161.85837216533,0.7382815905509234,32.99099167909202,0.005982641968377082,0.010000000274702324,554.3981638578066,3598115.6247312315,6.006182941878208,62.83767474027754,0.014347401530253634,68.09306998987763,0.8963884766017235,555494.737181646,2.8962211840195797,13.705350538635452,7022.905455358134,0.9780602514224445,99.98544316067563,2.836393370313322,596230.4712878001,0.012220608691546028,18.61018085806282,2.5000647252103843,99.60198319712693,6.742311244523172,2.9945907057477497,3.9543774718958122
49,50250.64357342005,0.5615175818572938,0.9212459191884141,137.7920402166801,0.01632018144563043,20.746980248946308,9840.215772169946,4012.490386057881,0.03916481337250815,0.1366922443303185,68.48666681800076,68.24953921243035,0.018152116567930355,664.9472945501004,1028281.1159656408,74.22473832553585,0.01,148292.12337560218,2.9527247903858527,0.09665154957482064,0.0058883468653997,28.27213187085697,678.9276296841551,791297.3990138512,2.215860114342561,5.886557681059171,0.011544376417472045,0.8166582187796151,5335.170433403997,669031.5656399821,0.8699328816644669,14.485808880875776,17999.811917426574,0.4201733502626787,3.395632498168746,0.8438200553852817,3490871.3437039526,8.047694641332136,2.683250144311175,2.5000026658084664,0.17334937080359208,1.6140311371058782,0.9318701131062245,3.9884929435943017
