,(GLMU).kcat_F,(GLMU).Km_GalNAc1P,(GLMU).Km_UTP,(GLMU).K_eq_GLMU,(GLMU).Km_UDP_GalNAc,(GLMU).Km_PP,(GLMU).ki_P,(GLMU).ki_ADP,(GLMU).ki_UDP_GalNAc,(NAHK_ATP).kcat_F,(NAHK_ATP).Km_GalNAc,(NAHK_ATP).Km_ATP,(NAHK_ATP).K_eq_NAHK,(NAHK_ATP).Km_GalNAc1P,(NAHK_ATP).Km_ADP,(NAHK_ATP).ki_P,(NAHK_ATP).ki_ADP,(NAHK_ATPP).kcat_F,(NAHK_ATPP).Km_GalNAc,(NAHK_ATPP).Km_ATPP,(NAHK_ATPP).K_eq_NAHK,(NAHK_ATPP).Km_GalNAc1P,(NAHK_ATPP).ki_P,(NAHK_ATPP).ki_ADP,(PPA).kcat_F,(PPA).Km_PP,(PPA).ki_P,(PPA).ki_ADP,(PPA).ka_ATP,(PPA).ka_PP,(PPK3_A).kcat_F,(PPK3_A).Km_ADP,(PPK3_A).Km_PolyP,(PPK3_A).K_eq_PPK3_A,(PPK3_A).Km_ATP,(PPK3_A).ki_P,(PPK3_A).ki_ADP,(PPK3_A).ki_PP,(PPK3_U).kcat_F,(PPK3_U).Km_UDP,(PPK3_U).Km_PolyP,(PPK3_U).K_eq_PPK3_U,(PPK3_U).Km_UTP,(PPK3_U).ki_P,(PPK3_U).ki_ADP,(PPK3_U).ki_PP,(UDK_ATP).kcat_F,(UDK_ATP).Km_Uri,(UDK_ATP).Km_ATP,(UDK_ATP).Km_ADP,(UDK_ATP).K_eq_UDK,(UDK_ATP).Km_UMP,(UDK_ATP).ki_P,(UDK_ATP).ki_ADP,(UDK_ATP).ki_UTP,(UDK_ADP).kcat_F,(UDK_ADP).Km_Uri,(UDK_ADP).K_eq_UDK,(UDK_ADP).Km_UMP,(UDK_ADP).Km_AMP,(UDK_ADP).ki_P,(UDK_ADP).ki_ADP,(UDK_ADP).ki_UTP,(UDK_ATPP).kcat_F,(UDK_ATPP).Km_Uri,(UDK_ATPP).Km_ATPP,(UDK_ATPP).K_eq_UDK,(UDK_ATPP).Km_UMP,(UDK_ATPP).ki_P,(UDK_ATPP).ki_ADP,(UDK_ATPP).ki_UTP,(UMPK_ATP).kcat_F,(UMPK_ATP).Km_UMP,(UMPK_ATP).Km_ATP,(UMPK_ATP).Km_ADP,(UMPK_ATP).K_eq_UMPK,(UMPK_ATP).Km_UDP,(UMPK_ATP).ki_P,(UMPK_ATP).ki_ADP,(UMPK_ADP).kcat_F,(UMPK_ADP).Km_UMP,(UMPK_ADP).K_eq_UMPK,(UMPK_ADP).Km_UDP,(UMPK_ADP).Km_AMP,(UMPK_ADP).ki_P,(UMPK_ADP).ki_ADP,(UMPK_ATPP).kcat_F,(UMPK_ATPP).Km_UMP,(UMPK_ATPP).Km_ATPP,(UMPK_ATPP).K_eq_UMPK,(UMPK_ATPP).Km_UDP,(UMPK_ATPP).ki_P,(UMPK_ATPP).ki_ADP,obj
0,432801.57063821645,99.98883684731248,15.39978306493591,145.73399539784114,3.381001995539279,5.550971647178966,3611.807741161301,943.1825947370053,1127.085794607524,4037.583040852759,0.04179658507124196,0.08940280853114672,32.21939860308115,0.012283797006026512,92.15828406000004,3000.385825182982,8683.617563770438,3944.8294960452354,0.06845183304394249,0.012212162640036044,34.795017823591934,0.04247723415686723,112.14683062338818,1728.6347116553509,1741056.1425241712,99.9816223559828,3434.1382946134186,7108.113919059324,999.9983905891911,994.4949903652277,3257673.2982873777,0.011098434529445098,2.892193560108405,0.001,99.64300007492105,327.1479754008965,1272.493394950964,24.857410809608538,456143.6297052964,0.04656197053576262,2.7307531022525424,0.011016070688299967,0.30839636210619514,9445.443699262047,1842.2661239309448,136.2725319979832,970894.4034669495,6.216364464584549,12.206209052039576,40.21591339231585,7648.851460304138,5.09123057448431,705.7823978989751,1501.227458580071,213.76806157197518,1392205.6350806113,38.928543985878136,0.010087236441798573,95.79239894343388,72.90500378101541,1.392137436063849,1343.288380160332,151.94321419432964,565325.4679275759,99.96442994866626,9.089899522618826,35.453413180868125,0.3039735610527423,873.2946817521643,2496.6868308799762,4582.851120390119,841839.3172299574,4.628463582496749,6.580355643796767,18.92959318387299,4.748180504581466,1.3671928595999714,10000.0,9486.186762707342,616679.7556199606,11.927273232574807,0.11541053935598404,2.24136410489714,14.137563350676588,1414.338695171039,96.1138114807595,3036262.2734780028,33.68190736952378,8.292843836733802,0.4377717702208055,11.412948988286926,1873.6625927260898,63.40038915036203,1.1347324778889736
1,10148.582628577864,3.79944721083202,14.269796873792622,184.06722064503944,92.49424310061993,28.88102581912887,6756.435168419328,500.0281730642822,84.11097948001094,4059.231909944724,0.07906589952241726,0.08607743535724921,47.175808638598916,12.917017918999754,35.99987446172656,3595.212809743333,136.19267835383067,3018.441887944247,0.06594701313080453,0.01,61.45320827102922,98.44572293408659,494.9029293928827,2411.418365744036,376172.1857507013,0.22842609435746514,10000.0,9248.629545815447,844.5991389132648,19.966248657398754,3589577.0423534396,0.19313593526877712,99.98183128121984,0.0034975308160371025,4.559885147139193,120.63063289459771,2279.9204392921347,525.4972138799629,1087722.3045695643,17.68087729438664,21.483884001299515,378.8985111165236,0.010110453135511233,3.090430821698561,9846.876682109953,9875.029181603317,3565718.464027241,79.38724607019189,43.82512886798999,27.025310374913087,9501.584073148233,3.315810812647031,65.92105376053316,163.2649193860364,1461.9766663753878,23642.73349984429,42.568915659774326,0.014816939181377563,64.84750341499036,2.1940964118604436,7.974318853756339,1786.2982707369258,6445.126355439916,3220790.755798931,0.010622260134406886,35.98582262311359,66.41542862475353,24.887468455198917,1.8969761706257777,231.15153094011941,3.922941852820016,1040611.6289034854,5.552045974886481,9.588856596003767,57.552540838018814,2.5001109451506505,32.250835500218635,24.41022801129859,7720.342473501348,53927.73778137268,20.837763150292524,875.9390567853038,66.69739743615645,0.37173687039522485,8691.94374390908,1064.8140877064693,3031758.4200397893,0.03791727015282516,0.9168994502557903,1.4035083581928587,0.010002406635343282,2.8467067458186666,402.34654462051026,0.8562208499425602
2,87419.8543158792,16.445368943950864,35.01035974237736,312.42582472585434,36.745503897098985,0.12621168928949733,3200.317907717891,429.9120505290726,8715.434640717882,4052.8964438817975,0.09601887955305667,0.24414222613019415,86.57634481075225,1.9076032920213404,24.695429850962018,9980.329020203835,369.14943674152823,4037.3286565006115,0.03278306611742197,0.1994589004847077,89.99960239717834,33.06450021593956,1153.5091160977627,1022.1899208384814,3509229.624721408,0.7705205688114583,0.9904236039382603,0.015775912059041518,669.4563194305285,854.1346169011007,3571174.502043456,2.463894465562237,3.7129571227013587,0.002702548901087699,96.79755931818018,5844.434628595419,92.84825908325305,287.98753097493636,19921.934678849935,3.4634660871647265,21.143697728173503,440.30463834767977,0.20564843243444048,2.2598864060313675,1986.6756169236303,1715.5326189935286,400541.555155066,21.522229491639216,3.7208320559650994,11.690597384175762,9004.165275525798,2.1587785151414787,40.64037896617369,7527.433471681432,8530.046242171155,34679.810040938275,71.2087782448375,0.022514047238607844,5.747863995420198,2.1207897838514054,0.35768181066911225,34.53888900884604,1789.4884218011296,13749.33426441196,2.881365038917274,3.0137131053274326,0.22798315746401224,4.323212394431717,11.998816025161126,2565.9876586531927,6503.700520070427,1773246.5577869583,21.92182453004788,13.158710331679458,31.240653448606313,2.500013112509764,3.0074932893623374,35.613417174659105,1454.2630028835695,360.0,2.5252923467067685,899.7012634351793,98.3198483913684,28.414444753333253,1914.2757842792528,9879.994187129438,373.3269924755398,75.1934995565681,4.8362089368126755,368.2159895383146,43.333150581550555,20.34206907064913,171.51897191640035,0.9284035999344867
3,422658.8404691929,3.4503271957208916,46.920138821826555,219.03196640206133,0.5543410360378364,0.04581467172577058,1241.8182986966422,265.0938031623359,62.93253048676214,4044.6387273218497,0.032530460708495496,0.24382905260825113,61.092171094600275,21.232598818496687,5.16175514635367,1182.3654192166232,515.4620538556883,4057.6203166865466,0.09745458251532294,0.01,83.08063617771688,0.15908218240942432,78.65950804284928,111.65841413731411,317734.24508613127,74.93435138942843,637.5435775418141,172.6624510881154,131.31345351937125,243.70388751161613,144891.10774893407,0.15788920140035256,0.40120269206401,0.0025229984183653374,86.01700856693024,106.96239845300018,4200.445369147963,14.341544607278141,377954.5101933498,0.9098691256134178,1.2715432451101185,0.010618949126451657,75.23564046258598,2058.559564260545,69.12260270738089,19.343114200207566,2548324.6002952293,39.802292092807505,8.105009866600616,7.867536082833376,6143.100207311125,0.6096518935159346,4837.962602187488,1945.3877838545955,247.41460175503508,3061.374466464206,6.217591724166836,0.001023340369299426,0.056635120382584406,0.7898052447509112,107.42426765492073,69.77885913450717,488.98991570093006,101947.13395062383,4.58323048252614,3.6615677816228134,199.26934306893162,0.8650982331023823,2738.844457163962,298.67349479651773,205.00388053899127,1242423.3997537885,7.818703274472195,13.463885444204333,19.44212007536761,2.5,90.86080679266995,774.3881755618937,6198.98318750371,74600.22439501328,2.925905086148012,22.771929445708803,0.10149463022360766,25.509191403573308,9999.703445978947,1797.8706276532657,415056.78064879565,3.9156793775695835,7.843331666807359,0.7382679612853031,7.714526231160879,88.59763076226056,2560.711832656392,0.8336977509421154
4,502670.08930925187,7.049876031759118,21.64031833845833,143.23169950173326,0.23549986435749948,4.300989820818311,113.3650335356243,1864.2507930626289,309.1023429342739,4048.78884231255,0.08069786934414705,0.1618670280247012,30.0,0.39744515746168907,83.29935830284437,279.5123701578586,3385.419027194782,3812.401245076001,0.0972172345761664,0.032097281813020816,89.51030899885022,66.47485798185308,1894.673356679968,2762.7582494454136,84574.21744807919,50.30808073194195,208.418457795429,5652.95145967565,899.9192528178967,334.2280618279061,320396.04607868625,1.599435571542096,24.80071243440104,0.0012598303663798186,0.959444806190714,99.31129974624417,47.76007692189207,203.41139336132574,212849.74519281668,4.793010733179159,36.68886496747815,0.011007499274265638,10.417140203419569,81.72966027746904,4658.713551691956,4024.4418013104637,427746.5858543826,4.619737884277895,0.8036362852259702,13.375365864956732,16028.000432631474,0.1016533133910728,8105.031413147878,1581.2172295138632,139.26226210553864,46821.81239872541,31.895635578948944,0.010567154466413235,99.39735464363717,11.10358133114805,3.3693715423302675,627.193056693369,1408.0871265247831,62310.513764635085,98.14824263259642,0.0785801855793591,1.2963912134576194,62.42976075650603,1661.4317481732783,329.1952333359356,1057.233371667369,1545520.2211724462,6.869146127450772,6.25428516887945,16.144728996639287,7.36873115710297,4.679293526786986,69.38381977951317,1713.7823125367916,112881.29264287115,97.79369237587146,185.6827835401376,2.623093111706177,14.93068998525726,9461.858186123443,5.027418244837201,3564845.1196035,0.016411094314418014,0.8339066655008107,0.5888739619275478,0.45089028106978485,42.84988099657694,37.10167045644348,1.0237973451429374
5,302806.47683222283,16.157978628717103,34.25678425728429,119.28445463174367,36.98736891650628,0.026255350914603504,26.985318137745004,8161.98030954174,10.468177749465525,4060.7152380328034,0.07951132680291272,0.2578963725450453,72.88715322229972,10.128276394445656,0.22165536570452743,5023.233638365903,4180.256167407404,4032.48803519688,0.0971879116105354,0.01,41.63297852987261,2.1122460772488716,9444.657085716806,7907.904833640396,966198.3111129806,18.380268798402525,3160.557365178439,5072.588012066463,332.94221032802886,987.2929372173094,3467734.139767887,2.3864175128600897,37.445376072450145,0.0021670410062042253,99.77538704899362,7421.387360376416,1730.063614762319,9923.616456909444,210647.22447628807,37.01279305769587,1.6294477808861445,0.011383801305759141,0.21580467944749518,761.0746071020401,1084.6819605608955,804.8845564689192,629950.4586106173,2.3724149385853592,7.506296278154421,97.5852603676542,6631.7826473028645,3.9083120322728773,9150.092206231946,1283.1603548069916,178.95290101637192,360.1154114869251,0.01,956.9517340488786,0.060958205174452273,0.09951030248987745,2033.4546378334012,440.0007535069907,8749.241739233732,3164369.074244174,99.82518814188288,53.9169805290389,0.1095420207112568,99.8724569062893,5207.70916347726,8539.699409756493,57.78919709442236,3595500.09540674,79.20105146446244,1.0964599361524519,7.929171197925782,2.500007105244595,98.45863239545476,7524.940916722118,6103.115444193698,3379597.7489278745,7.4829323919047885,0.08135956360887937,55.805778033635974,59.26053723849264,12.3226096388402,9142.533816047851,1606669.398676906,5.178029730331126,5.0259831038216625,1.370215907534312,1.913136248654993,6018.346189072779,4.322725628883751,0.9761293215487442
6,7323.30511196423,3.2198068450580406,4.820491407802906,246.58390718173334,99.57324860577141,96.40586766411182,3465.337039368067,167.8422430523868,34.868061479763476,4055.982254920366,0.08403828942793792,0.08746120027374046,64.23435215230896,13.289928871268367,43.47750221737642,1791.5739792937861,3279.2432592281402,3989.29569393208,0.07317236514748368,0.055500066759009,30.833294541227605,26.91544838938837,317.3983377218897,79.47901663167485,82910.88944369745,0.3476262692038933,41.304600910196704,300.7661265947334,967.406892578022,932.1458863532118,3511191.121692412,2.2930626828616383,0.01000658793345745,0.0022001415055323322,33.56963394693252,446.96790815367876,261.52355699017477,17.56310683708733,22617.84838960943,2.7354975600667824,33.93323371550952,61.53860617750658,0.12845422087987846,3.960491341390547,1068.4862295416262,176.67118679647388,461657.92219886644,0.018954549550263836,21.786004739074347,21.955881480650103,12278.724479349517,9.122036141624216,1563.3041325885015,190.66421149595098,0.1846129256384217,360.0,58.678163353168515,57.41080927390906,11.623393801029358,17.432619321264927,140.47242912177157,6.014298707196153,4.91458031383532,1488487.7974261632,9.794773941293577,7.017374347133711,2.7240967855714615,0.4552449623356864,8388.603515941004,2069.1831132181214,6401.523800116036,1327384.69144452,0.1672550110079056,0.49336979729612124,36.206735269183035,2.5023663892875767,0.35991489276300775,138.0244208600364,485.8840283142383,3190344.411785501,0.01017407548762329,0.0785160345560499,1.0283449324988458,100.0,365.083337682628,2.089689007678944,552053.9727886117,69.09837506896052,0.017932136757782376,0.8427120899903207,5.989495935630772,6.150264487093915,335.6117584771566,0.98561946024548
7,427045.29213713366,1.4049259030641221,0.021695772883629564,158.6776493887432,74.33362221572514,96.4837390263515,87.72260841326542,3971.1608809301665,85.7738518592848,4060.4829777068812,0.060371894314331875,0.1757797845715297,40.283725973190606,8.6516164186479,1.7260474645649644,5824.648307634913,3.874888029246683,3058.8414563297756,0.09748029156854808,0.052614325446362534,43.21932917579899,3.271438539621879,129.51488554303717,3590.939819710635,163702.82613783228,0.7011924118845477,2667.679509627258,656.7289650225403,986.1845204259329,995.471997899343,3589551.388956194,14.878830478181287,24.38199015310993,0.0032868469978907106,10.30316540084555,876.0017539248421,1233.175701608286,18.88096057244542,582777.5220413512,2.938000636549841,0.5933952709546627,0.010685690451144836,0.37577690031009714,2018.6784371404271,118.47265349168276,3217.9715607213675,794791.5614693068,13.022442913041477,3.8363614831736714,4.301927281172662,10947.138870468514,2.2851994510595643,48.40613795041307,72.03272319246655,1190.407250161397,360.0,16.14311077662374,0.0010824476573861297,69.16664293088247,0.19710551900899326,4.306057207826689,0.15644607764623733,777.1564474935459,240947.98956724541,34.018244215179614,0.12061633651754909,0.5540681354038233,2.1581829639157375,1.585829560408658,552.7851680672239,675.0709143345629,435792.2692203861,4.716666833053497,1.5406637291340797,31.433914619789885,3.3985670928364677,2.6855228181229185,48.24160431572298,10.011421173523418,29518.249539397657,15.577758421263564,0.46239910496572845,14.274092401029975,0.01,1996.6111845286246,371.6052425285018,211232.13253522504,7.658939442902737,8.856062716076076,429.139048877491,66.71167611341073,15.375813268509452,1687.2391464974166,1.1844414874955371
8,132851.15161936657,54.8753984336313,27.484224639513958,183.43341569304772,94.41843452054835,12.954719604567583,277.1161211557169,5533.2562663441895,661.8694832823965,3118.837886926366,0.07508351672938991,0.11309847854125521,51.35581573360241,0.01,1.876445855855456,9.955217392022606,468.4336557728517,3711.6807613126825,0.06503774732571958,0.010029636862594223,76.5990813522357,0.026004971314019833,9758.827615271828,2880.7715976077784,10047.698251193884,33.822018767693386,7776.861981366648,49.98449822835883,963.5749884469594,274.65596151317254,981586.2499572582,0.2863419314168272,6.150507814979046,0.002503282499062715,92.58761417531194,76.14080774561724,113.97749692531089,2715.5371115774187,133768.3162575319,13.72155835452986,20.855218935790464,88.6657496853761,0.07876172194737872,3.9317938124799894,9980.832690900328,3234.5050558882185,1035755.4110621,54.627823703465864,17.125965609717838,41.70244317739833,9506.378393807696,13.912564640823058,7.86870633140821,131.44349104487503,745.8265047110783,460.1434800420502,0.01,523.8925105083881,82.26394391657365,0.2465887515501171,346.28963587499214,96.71699335115756,77.59325680740523,837243.6693137811,53.72840714384336,2.2481441383315657,14.042775684296942,2.8382831297478224,30.390242545796024,3.2575950717686735,5989.114685859314,327473.26152609976,7.243111192578261,0.8362497347114716,28.195310174842053,2.508511394895876,14.862223369061185,902.5600542321565,69.60310152963564,3076558.8468283117,74.38747170454006,0.082846388286795,1.1116938628235953,4.6928674429296455,488.1496265935452,9993.28211143452,570928.1021329653,19.840507924422194,1.0642012937760537,0.7416049832055912,37.8747616825164,8.756898347308043,722.0717781485939,0.9315900416069463
9,3270035.7117922693,15.06657323920827,2.9138513830679993,105.06847328478469,1.8781771092702124,0.010000330887709786,9.099524208648068,1374.395983347598,17.226328147342155,4055.656249614377,0.03322890889771138,0.08603554905654501,30.19503758030654,0.0104274144312493,2.4553621507992918,9681.972961971436,1339.299403286439,3538.103617042966,0.09565121196146646,0.056791536643647465,39.76170175280953,51.8623219231682,3050.752416150207,64.69926502107887,9934.79163163196,92.55781194002205,9748.904152136389,280.2181645112574,341.43493426121614,18.147404129268732,1086444.922435296,1.7347477229254087,8.908277378277251,0.002671721964836539,15.956179092605026,12.141305332795886,237.63599501071383,975.6921343644281,306907.7000513414,0.8320123635790997,0.017809643538995397,0.01021584911345239,15.605783345606769,380.54662678714755,4966.993680820818,0.5281673545309495,826389.2379789993,68.22429987470707,1.808585619827312,80.77856903997457,16392.82557538722,2.0064352906941325,239.6122258066232,29.47395663029044,8.335120356941086,2306144.3734836974,77.24066441207233,0.0010001479339127124,1.7948010814113613,2.0610599316268776,8755.562781665729,0.01,487.8714855036099,90762.31082812524,34.78961823682358,38.55698997140517,100.54011837593237,55.276488446836844,3725.0581880211894,4010.3626804188816,3.996868422984278,1687966.5251651935,13.05305520705876,0.7827153132608751,2.591912848147321,2.500961419421272,1.5373142567837919,310.8085468555182,1589.219703958124,146326.7175287314,20.64410136445134,11.204872528975484,1.0020452028247027,0.6023247855504438,5414.571170380889,63.59101080995782,631673.0679816554,0.010000840800032136,0.02257138251586937,1.2937338494290598,0.22129780271972566,161.77122772727307,45.746995612705405,0.9052568843094146
10,143136.49649644434,6.677194003633128,57.477093124223394,311.19685223062606,4.124675938340689,26.51789754941858,102.43887308692537,246.96532420164806,193.04931888357356,4050.4669816101505,0.03285673974114532,0.08946732081500071,36.270320176555,9.838112712205428,21.182616109514857,7146.9294040594705,895.5261927132592,3557.874291614225,0.03606575798634381,0.02407744459229224,88.48849115030481,35.815180660388584,9637.807278145077,337.06059286280316,217544.38738108895,29.559105093443453,8879.941416493555,0.011693950932825966,996.7469086281862,0.0,3503137.6129869246,0.21599477583916465,4.498923056618887,0.003049922542818286,4.682558012225833,9927.359434402912,20.35396283795177,55.229329825484456,329205.74748371507,7.214765897407287,7.299213759214015,811.4849685581382,0.010020474213815777,1.8657645885437695,464.861538329271,176.33970210430866,1829593.3748003396,19.072669819192722,13.722304616034842,36.27459487134089,15006.013110357175,1.8992691244646174,41.33385082375552,435.9187890774791,310.5749730905292,570678.6368711476,25.33328313112659,0.009485545617124141,74.15827501228289,0.1501285865952414,0.2527224016819925,128.89113374409678,210.63189899680663,2920.5564378244567,35.36369337526421,75.46642316092289,112.18762181745808,0.2837306486776011,2123.0194800990976,257.0126275183123,559.1657862046294,89716.68385529496,0.20479855315625645,2.4922368015009178,76.64141883040236,2.5108862269950856,41.46671349728207,81.23279284133824,220.7661381463652,3380303.9075708785,21.458191206989557,0.12154394566950895,0.3928813760333591,16.475196663217815,57.96046863991836,292.23116551213275,2427296.6924666455,12.690118593913523,25.01064222960664,0.9439131268971901,99.99646797520981,43.846348981842254,178.10999019898972,0.8227521184718213
11,13876.908736826186,0.010005918935555249,32.199914319274455,314.99997237948304,51.819220774295665,0.05874924355780528,83.11644397174028,4846.276372081166,10000.0,4053.799309417007,0.05120480249469193,0.08612502800837196,89.99627221099358,0.010975708573132785,89.44455957328212,1226.2985813554285,5152.065194025214,1353.6245067109683,0.03600677769465139,0.0624363057663394,80.12356468839056,0.04894169915076095,1711.6567079213728,267.0998656287143,1912943.4212566642,0.011403393377080066,5763.79755548926,0.8613088094590604,812.7777402997935,27.09293426947619,79790.62239213582,2.047419579044371,7.811110769355098,0.003156792654284804,5.094662787682153,6579.127142161621,9998.059740779207,262.4956384530064,3599656.275792749,44.443327768069224,0.045552631883887425,0.011319846026933634,54.6705668671941,0.2995890636972901,1353.0231204602164,40.46084749175979,85274.55499292673,5.546149542947314,0.17262446575885523,27.407692836640486,17036.05210814046,1.0989219268713621,4.499332157359611,88.85848349790413,9752.497692689098,9292.080547365591,0.3070455663908886,0.0010000164209452021,0.010000119253704837,0.05619120312676564,14.579924141086881,10.253071489765098,2.0248262978626683,150013.74717371227,0.010028432908737306,0.2600443829331038,1.0983881065288439,0.022299372934236818,0.5729307901177769,0.010366747222790153,1.0640004663605471,1474497.3442318076,0.4302807738191031,24.91393832203053,40.48080523386769,2.9943460425392323,0.1410606811543127,14.17468375534878,3084.637008718713,2899066.0376034407,99.99390546489161,0.6769259003605207,0.027258779622565198,0.2813184659099335,3749.5749542707294,721.7088281146076,2308332.6475053984,0.010063771145998598,1.9277836152549634,1.169831532509924,99.95425035180459,245.63607075912043,0.02142153145474121,1.0606078991048222
12,578139.7945288621,0.29476785311354053,4.5363626468278735,286.2221056379314,0.011156265612479736,10.356929004450377,18.582523621641396,1534.6718494442528,8012.260836233244,4031.554872127867,0.05557699061486722,0.19702349754592063,47.55836704437324,0.026170070156543303,29.31416136467304,252.2837090709959,7809.492678129561,4055.1792090279173,0.09645996813040136,0.11179708602773028,63.700022162000934,0.24182480174270282,2190.179305335636,1017.3021888645321,5551.456138530724,38.26259817628996,678.2219372333204,49.30931828057257,0.020450864969374538,487.17059974597595,2302203.3799658767,2.7809721391091475,16.174372408967955,0.0028871994550945432,98.5690380858504,9992.482116743944,1201.0606181577684,9231.091006635856,1398971.2047063978,1.043393421075127,18.33290052283887,0.010731762153444225,15.7791179899191,645.6472769334588,856.7634451255624,2358.7910839149727,3341287.415730093,11.070400087714754,32.98176418976892,42.82864157792043,16890.637304333894,2.9040420338429502,28.12816795314457,150.96462668729802,69.72138915733848,118742.72723951185,98.42223756170839,0.025410134958179023,87.93109318558147,0.2804030695814302,102.34122319196172,9460.922543848794,8165.934585821921,13574.453205658363,2.2616160703091106,0.7263377134631429,0.523893556431744,67.98513182044441,11.337188272489133,221.5013985188089,10000.0,323196.99377707526,20.606412951046426,0.43942461749319195,67.08216136789008,2.5440529384839636,0.5028120532730345,937.3861849563881,9998.19418088295,151740.36671445056,15.484699861637791,46.06973165072789,47.66394037952502,5.868170124456142,9898.996413589051,9757.50211024608,3240.9286469882436,95.98506516125715,96.45671732776437,15.559262949462052,1.6523345706568806,0.018465147398512946,42.617764257580326,0.9780465251925975
13,257838.42279162505,8.077785520900335,54.747971337098896,208.78665178249835,14.390754146992842,14.719234838311731,82.41575354289508,532.5982351368759,58.979657395795755,4054.8650732587116,0.07285964225384238,0.08602928972350334,78.09475285769224,0.7014794324837761,25.59621299976677,2086.344372895561,957.7790191164298,2071.7909522986947,0.04315546636510716,0.06828379047854516,40.81930763510077,10.389031641675958,139.66764960312548,377.01104105922684,293921.3022124518,11.911767672888251,864.7144511718519,41.105339618119444,783.8328186731508,900.7320191672989,1286323.500247911,13.711941100082386,0.6866965538627562,0.0020394595730811632,13.617357366462363,764.6652544808817,364.7462526270801,759.1501695411935,147739.3420266486,22.922632191465883,0.5068577876183877,0.009682459272131204,11.054475385482696,4352.782385908671,1793.3411501662463,947.3387035365422,721450.8318455289,50.802355437841555,0.9647194100874718,2.6669268118588927,12142.694263086049,18.019494973298283,78.24795949031397,0.8427211951321923,36.440906548484286,6970.277186398722,7.073799065942654,0.0044007675561769455,1.860697540651085,0.3708922080341759,6.034180883271977,177.91617958683446,89.43046343550695,135933.89039919738,0.07171216191720774,15.699968874663128,0.12416365790717256,0.017049793747540624,16.642491947950354,885.4921717946456,784.8332360118383,773442.0864032655,7.747417244016519,0.40644280157705825,20.711709733889005,2.502078150005217,0.5839127023097588,293.8008879660515,554.0207118332991,587157.5582363728,4.216296568229013,17.087626203866336,1.3269438506529976,0.013728453869326182,2490.281415423065,5241.321153122387,963058.2340002637,16.477278093771666,30.959640970227085,145.13476855470483,9.946776075986868,57.3848818096154,1803.9735388097063,1.0515450696464157
14,448525.6564626981,5.5515794807626495,4.832551044010433,105.02164584774921,21.38913811849449,99.99994784074939,6737.652738490369,7861.821249319246,0.5971620736705285,4060.380705858154,0.0975,0.2577366793236921,31.72857392793307,0.01236487225204742,16.175414856905164,7425.152452736613,141.3771101896636,4050.444204380282,0.07493364487767025,0.11498427047294178,44.764103323343925,0.15484014741529467,3217.9332682401964,5506.869534812271,360.15840972121936,15.700994355642642,0.01,0.01,493.6689374218585,1000.0,3392105.3582566706,0.9810833029312481,0.4880387749145704,0.0010001157469045902,4.64043472434188,6763.425709037768,2678.6226543327357,10000.0,225700.48332059348,7.573977673396194,5.679072757916509,0.01214786344801031,0.6324766539749792,28.370590226409615,531.9438838656838,0.8310234809445359,549793.5347419884,0.01,20.68412473541498,8.763016281639421,12506.46756386487,16.136604719889327,1.6831915368937536,505.59418346831336,40.209234763864686,178699.085146139,4.5672145916578355,24.466309921450666,0.42321656417217296,99.90602546480775,2965.7561718108686,8.205164129201156,0.04363292806892892,3600000.0,50.38866220270127,5.926151762607857,7.4531342590683725,50.08178163156833,1.0001014175327436,0.9034965031076814,5133.056540896501,1363074.6061123477,0.9432902727085184,6.359076574971409,17.86424163701799,5.070769791648968,24.683876597631905,100.10199853917297,970.6994345807416,3064887.865857273,0.010168803057418036,0.06417957110490174,1.7837817487348977,100.0,3747.4818012426335,2163.4047376044477,1252942.0201793604,6.996304767185579,6.894037877387161,0.4190484710197965,5.443468152472582,1988.3083087959756,23.089984568085487,1.0727663961434823
15,118263.19869483543,19.79478917627046,90.07531149723405,105.02247091899338,57.2233414412023,88.77503338247148,590.2252550901549,8632.431943889476,43.629902902064096,4060.7999999999997,0.09210233954027741,0.08609622764981473,30.098115344131187,60.74536920143597,55.27829395654383,3122.590918827337,659.3147663984964,4059.6982768139947,0.037087714530363594,0.025030087765613968,31.31486293962788,11.834260962604839,516.6410548502685,118.33591290020667,376.4223424616648,11.541512222440433,0.010608432273552793,7630.31686344447,98.85947052832833,534.8541844069996,234222.2513844632,5.1735735884897025,0.012688022132830542,0.003037396246709231,59.36946310418441,237.55812554742846,1.118427028990484,2740.916628631325,1326532.5830008686,8.311815522098916,0.6738366835523913,192.06135331604915,36.88240515199476,2.2172778725941096,0.01,1804.2339398275967,2472702.2409266992,3.786851668079807,4.708694708543581,0.16190363856613654,17673.932917691425,10.613180459458501,13.507736618701925,932.8284202652029,321.9986992534001,101587.83088836996,11.088562023453518,0.008338682525252585,4.537456894074985,0.777112633333172,0.5346489290162764,1.6172719104301463,0.010061028352272811,29699.74957546624,0.012519076890483134,0.03168727550044593,0.46799358174808675,8.023607000294945,2.31232370166632,1718.2899116701235,1837.8579728525729,49822.50107517567,4.326966409264529,0.30114258422751033,16.824897419291418,2.502894839671735,6.046446389549248,14.13475161155863,2457.3396902777886,666.3010339524155,1.671557783056105,3.1235094460309347,3.34418315460281,33.757481878067175,10000.0,97.60608788206447,32032.65842246314,1.0260979407478068,6.147739492918857,438.5069001636882,71.08837091311426,1618.0870341450318,10.681006572509407,1.098444117711165
16,501493.75837695244,0.010499541633279624,16.318173701645282,289.4824793598095,84.15790167482412,0.06991960836772311,0.4171880251647038,192.81285528325566,8901.318798229615,3471.808174821727,0.04254603164074939,0.08666342686092275,83.11659834826732,99.45410921405264,15.501533185365254,9526.052959749897,1312.824970456145,2789.1386906805737,0.032512863667911014,0.010001797469430104,82.34097539528908,21.65739602115774,2918.5046253209957,409.1907635506546,3510124.6300568664,31.03706653151921,1665.779961540965,3536.0659232386806,978.334378595516,992.5201167927011,1314447.6357478218,0.3641242248655266,43.37821187232347,0.001,36.101228829106375,616.7834867323138,303.18486152462754,1388.157186436256,1257954.8830801912,4.085501139534237,15.65267900503025,0.010891090418055025,97.22783727844711,3159.972353165044,417.28689088227577,2951.101713009929,826921.5585608347,13.00830165128395,4.389611683109307,8.321742550040618,16317.932052912303,1.1476576708633524,2217.4315806434397,1947.3618319945288,360.3219194525406,347554.84116984956,52.45785480459974,0.17621934362114647,0.04607114210199077,0.03798701957968439,1048.6283080575026,0.019773594129371568,82.92349999825538,3599702.7808759557,10.165501921399162,3.29809143018718,5.799946031770972,0.4591897903179975,17.25728973726776,830.7477036816316,162.5995835799159,367617.3619378469,0.3898122239150076,0.8817014314305875,7.028685760755059,4.960677099075559,1.6614096697717562,5676.759557126928,6904.38647826845,3598461.033054129,1.997619270014463,0.061800340384934864,2.4678663069857962,47.019034654648195,9961.878972688946,149.1858718431824,1231638.1099090385,0.5719735410701742,0.5626923647568223,0.30943959444622965,0.010001509304850099,38.15491997097562,9994.637080279172,1.1367177069773546
17,162919.8992274662,3.9741754375642824,13.340453069858698,293.3888033628558,0.44430788510523755,0.03631660999655259,9825.18924563777,2.4948194535583585,1287.5359029822994,3783.4545754690334,0.04293150496825008,0.1139815173607053,71.45380193028431,4.73404637976331,5.113788940049955,3164.578223991966,1772.5807360450794,4030.381925428573,0.09745979952914897,0.058168824595969414,86.82493685701807,40.954511974160084,9715.656337327797,322.2372289993548,286647.85246259836,2.554675728634546,9797.042837338297,5416.233948945048,181.50306030697166,362.02601867368725,208457.06689115058,0.7236397905636072,98.99397390837667,0.0023702852684327077,99.78991966695308,542.1085664205837,270.77940695629735,2375.4852593038404,1665666.2453375743,99.95521147799089,9.443055770505927,0.010201426284003896,31.109079536966316,600.1345517922206,286.59209697341595,3632.8819183333608,2221263.078325616,9.80754920271123,6.090070892339309,30.889979993629012,8578.495262412873,10.973862795704125,78.83483473781673,274.8140808476516,677.862455006971,198732.50494469065,5.130818334360596,31.396232316464754,0.01140899480130717,1.1278040327800936,546.0748579318829,21.634378397222463,522.4776484739415,2274702.8858825965,26.19501527042138,0.014261708188536651,0.5337297114574924,1.0689693681032761,0.03452264197712187,9094.366501739642,517.8030395830693,2276785.440622568,0.5111565563197655,24.173111757550235,20.368962506102136,2.500427614496877,0.2928817320228912,5426.849536396184,1402.7176010303453,538654.9151664242,0.016234631040532334,0.07574453799514674,9.497727537768142,6.737429358894234,743.7164371259547,1668.615463924227,2534.830859487307,17.378454262338135,10.626721078811974,0.001,0.6001651798705047,6.83472111352738,983.5529577001148,1.0364036012191815
18,3588325.935217328,5.500465599624691,6.9928424080411915,105.03155519089661,0.41309306173128046,0.8503611682365251,286.17151576595955,1013.5410092555711,0.4721230693028192,4050.296984721651,0.08989691506293337,0.2572775947909708,89.98365492466392,27.967047076694527,22.43051214426819,9974.765283176894,8515.274317704583,3977.850502599466,0.03251003345071482,0.046832162207877163,63.265251740720586,84.14886705766135,1961.1002403834925,3382.1220000403964,130837.18874274228,1.1682979130327105,1.9612228703719263,1816.1221415319205,19.99764177713552,0.008016018832249358,142306.87373422037,2.5275573155543576,3.616412054410583,0.0026021312287590006,69.15705255178328,4665.777878478193,337.6667675790987,473.9344479636828,62949.495965144204,2.7804593974437304,0.14556707364417779,0.0112691227732449,91.63501289977225,3746.9456688689975,86.36939388960599,4.410643801421861,740318.2093912747,9.254041227413122,6.65352524793455,1.2606277965413364,7310.261586258484,4.259782116324364,962.0103723819377,157.95193222851276,19.09746796839853,448298.9364156948,11.908766502179715,0.00955257200911142,4.764534347453685,17.290328276421768,0.01,55.95367352381142,17.17234680433121,1999625.1486739386,0.41050725738800803,65.29670876902614,0.8037818726573857,12.168203189730724,9740.248060957221,0.33316786387424346,9488.996194118936,3480133.3454691977,6.797427615623677,15.119441726675577,76.56570974263899,2.500781215953093,45.18719276541124,8188.392086221613,27.963010269546025,10355.154682497276,1.1405992097511415,82.8293421796633,8.901183697781594,0.14974163761714843,910.9961337535115,5571.111955131749,1020172.6972342588,0.02879290109956332,0.39400075816442737,1.090393529364729,0.025930366952877416,69.97375067353866,186.33368660362532,0.8015998875970335
19,25091.59667220942,5.602628007817715,6.299866810163518,236.1663302845031,52.260573140288905,8.069164106398125,168.10003397291865,509.0280992947807,721.0214911666661,4035.4576695346923,0.045665208733842035,0.161108256367721,84.0274759830201,0.010008307093297461,9.264861462759034,96.40460193248065,9358.85730593277,3994.3161944546255,0.036315585183239324,0.1191035567163244,48.07340433457065,0.13184818279438174,134.86947269111315,893.480542004587,1129522.9913790654,86.87871827459084,10.16413818083071,218.71799657778942,598.5468163303364,14.359105599397104,305136.85856104817,4.306232202537305,5.984842714755529,0.001,25.451516701640475,1200.5162744430563,70.99448476104293,2.7191434900292397,3598440.4033795116,3.498153645523554,40.26424908061507,0.021610891235848226,27.837955941622138,0.01,267.41226102749124,2685.220497922666,1321620.0194337089,6.137405401668483,12.125466692937925,20.49646439699505,12474.87416581209,1.0199343089739084,80.45095124873292,1346.2118130946114,1539.602163078401,687450.1882984424,61.59587033583209,0.005709377810186588,2.222927907644501,8.609205719511483,0.010052830857459252,499.078116493565,763.338138932677,303042.8392954546,6.322689350969705,10.104932020326379,0.07570611316563162,0.2212289013828191,32.843155345827114,2621.9105223461847,115.00522674146116,2467965.370721811,24.728001373890084,2.630456915128359,34.70549696172745,4.265257308194267,1.720081059091438,9871.938783661384,327.01325532915365,501.0648605807399,1.0426598445243662,13.465927239427089,1.836790529764103,5.356445675802345,537.5503533465348,433.49124606579454,628823.3298532603,95.56667351513943,28.599829628543237,13.840876070652685,32.378186116232904,3.9842967829236526,1404.7893001387115,1.181970223651367
20,264916.4682475829,8.107126458814886,99.81086467691492,120.45725527760408,9.179937340025699,75.2191571524411,903.33843278285,1404.8935483699488,183.18807103446127,3866.9603854034845,0.0975,0.2511961857225126,30.5879018641005,0.031593467659476376,6.830685467758573,1068.9898208918805,575.2912653894517,4023.6252913513617,0.0798378107641876,0.13884127366953927,89.90377099158994,0.16562245823655464,930.4601645468238,37.156308127905056,328460.6502178064,45.82526555592633,9994.765172654385,49.126986378587524,6.819294863532003,427.0635023683674,691823.5223032796,17.18717905149207,59.95570355828972,24.747945504176947,0.02201591329049119,9.541753935623426,45.461826438076436,8570.043782285633,2056759.1639677284,10.0144230790651,0.2585475779085672,0.012814565758637004,11.408793269231362,1.338513428784003,4865.834500341997,0.01,447526.63599214045,25.704692951561128,2.02524142909772,10.522750817798158,17971.81490283578,35.33033309528457,7.663983188578038,302.5804031642172,29.896490702475653,323778.9157105331,15.887935190166026,0.0010001143994710184,0.11061305757864032,14.364061167188362,13.89666747607279,2348.74924883633,9993.289467509492,285158.4310014491,0.013619265265282749,2.611984102413565,368.3091878829911,31.353383081988717,6586.925061597182,1942.2166608674024,2.8743402532570204,124443.42935695213,20.98278368976934,50.27344436831172,12.503130224918863,3.509009715345861,29.881218661415836,2633.007164368954,46.84039514254113,2258892.7843112173,43.97124717713426,0.13905448560258096,24.98919201369409,8.197482781010518,2566.1100200797437,1854.5932862448453,3579881.0303133414,1.5907830414047959,7.824639019435312,1.0715831740833492,87.0856095467218,8.783451013346811,1968.7093613706015,0.8695910728057115
21,19201.03226405729,0.24148621939052312,73.49500098490421,232.49406988097581,7.247839685288988,5.495294528191187,861.3239824852317,3986.201254529408,4274.418995063229,4060.563308461484,0.0326766985608053,0.0871499363251663,31.110235633151472,99.2245392964475,71.0991733137394,4253.1997864454115,337.3832164640979,3597.2465449220176,0.03989012596425466,0.05643055281498383,67.21615536428229,0.6394549448157156,2757.8408885755043,330.1561936727097,133797.0954388098,6.730935909934373,207.7663594487946,154.8313735432894,336.2785762751523,442.7805377111591,2736460.499561361,1.096243734378017,4.595052651722529,0.0028928002726084745,92.21602511696808,0.516403862463295,252.43010845301743,2963.1712527153886,1864365.8037017563,25.304811245829892,96.45940410010728,0.0107550431327645,14.01322692937521,524.3356164020413,1129.0491359731047,9584.793896295228,625966.3477125634,12.21872746942728,4.911997384384227,0.7706537575952056,6002.527070750683,12.961348530900452,5052.764726406117,35.18513837566032,24.34745311450052,360.0,72.98302141083919,0.001000000000099224,58.626440222133006,1.965164467011968,17.341539857430863,640.8830355438301,6977.034686287273,159939.98499203325,5.250576935808971,2.8569491585603353,0.446218282760262,1.4985399021280343,37.61306163870471,171.58645102514225,1741.7069695626824,2318474.0398464985,58.16331398917316,3.2445218200799055,12.024373239153654,2.50183064770607,3.8938200337845688,2557.4210032641226,154.58681061006396,319505.2866650978,42.20397583123878,869.5367946876959,3.7363873476947163,0.052471795363620156,192.0998622866471,140.84126497841726,52520.14129630915,10.919940452448778,13.44582090285036,11.331346129236998,0.013358115683177418,9.689983808405865,1.2223285140991123,0.9422957392332959
22,3207315.530363791,1.7041447811484112,5.090027194320545,105.07007647668767,8.557995663017605,99.72191624528392,9443.25409765644,7662.286002930106,9906.004315044707,4057.7761092047604,0.09514371456784515,0.08639413323263645,89.92483774395036,10.258157015726304,51.5285744032555,440.1927027141305,9811.042345847867,1690.680344193332,0.09602985195584571,0.11253535793700475,80.27110048056545,5.252886597845733,337.0135118479952,9447.629253653076,365.3545732880973,33.184577885485155,0.010002104714797582,1160.10836987319,74.71710305800849,43.74506296600291,3594447.02323849,0.16412595342096759,2.525447904936423,0.002273471545834416,1.5975580587430558,93.20612354436567,1778.2702479671443,165.81198997438585,213904.726901828,3.140954912300322,27.551062768792207,5.132462935941971,0.01,0.9754310553634562,4641.00856179465,8228.858948778498,690818.6078899195,45.85692528663924,14.553492699467926,14.0603437174096,12428.766477922663,70.20280278193076,5428.793941171114,416.26966139563143,0.2228199799136016,1072.2403747366207,0.9559827756203719,685.0215140919014,39.89422011361692,11.123619147517315,9440.133576040862,9998.165884455822,7228.615233063437,963256.2960849883,1.9687646370410796,6.431289952018577,2.2009462956393113,79.02259096467678,0.5196818663514926,1979.2916390986145,639.3892590494366,538973.5976646397,0.010712735740817832,3.2067943701770147,7.554237496307642,2.500000711570175,19.063657258226744,4.249215875545144,588.5228771644882,286345.4830841473,12.17503692926898,0.05111164624129855,13.390122343063913,0.30367833615611967,0.3670709850612525,125.34852364693818,924326.6521035248,5.890811356251482,0.5162903713180319,1.1586895592606474,11.799936654823123,6258.825498724791,9115.697765398685,0.9523689526279087
23,118190.8181728174,3.8276991131124594,43.90803049218261,106.25622514833478,7.041651521771443,94.54881458231725,41.138158117193164,9927.428340054685,27.32472203628717,4010.7280586389265,0.0747368987359259,0.2557656499082958,44.57936903412509,12.6926466073463,12.282613321448803,282.9741637419529,6218.724425518849,3982.9389709366787,0.08777777620556687,0.02802348840821756,89.8357609185912,54.64012037202909,6238.144149296404,251.54369717657698,164085.79520728922,0.14400876829731468,707.4716527804657,47.75959419129771,871.7401373631155,392.7229862284223,51607.69264563654,0.08716996950090802,3.231061487825822,0.0028756554466789095,1.3846970348285734,6692.043432830328,9966.780435641322,1007.0664835738727,329575.9732367256,0.6598409266287586,0.6460644820172243,0.011082180006117716,3.1337498964006745,4283.601425248116,1100.1156929824301,0.010386321416339332,127854.35457750503,16.578606026991142,0.5798156663471061,2.4134318432458675,6509.441279336872,2.5250444844540985,6615.136083835143,21.711448346028842,638.2223371173782,360.856161375286,0.11528733484162859,895.3589666498109,6.990125591681619,19.879725593187842,8980.224168523395,365.5577439523036,1.952498909211952,305176.2050366208,13.69670332282898,2.025168386812079,0.39684748101105755,62.91092430149221,2.8727203304052105,554.0665576549333,2622.1157597690826,1610077.8816187948,13.089120282851734,5.361416277819949,34.50348291723611,2.5032458818268255,6.382762628215301,319.4666130706761,8877.636828177207,1858440.5455219275,3.6023588329138945,0.043572421195382016,0.021900627029688313,0.36435206485907146,4.706907810770599,1.0547579949712695,54911.3406231771,4.195256844840914,0.20550662242939607,1.0867805170832339,18.244896681870483,188.73859518575227,6981.257042509116,0.7742271087084696
24,438259.3679833383,7.5662916119988255,55.34927304944709,314.999997401633,99.55014816113463,0.34138107748006236,1011.7550101215502,433.8812380896572,4012.838667139796,4054.176494018895,0.03282982344731966,0.08746102711262851,30.077066217116332,6.727479299136112,6.226641750059453,328.958715197307,2617.318888973516,3325.5377047952193,0.032700827768975926,0.01,82.82726241909,7.686445373697169,1851.7817767882477,331.98281848001926,173417.08577538212,20.131552216170707,0.01,0.01,4.178088823949221e-06,996.857747371304,1226923.334052063,1.3302826746488683,0.020716996446993687,0.00328702427117986,65.12235022189284,112.77935555868025,108.2872626536855,1403.7803692582747,1677438.370948835,3.8740375201823682,0.013130777682094075,542.5169768040114,0.3084598034092548,0.8596297534752518,0.01,116.10996672033797,1992541.2831986854,50.471866620259284,19.01571698830666,93.79991389078758,17674.64611525245,3.2021983771713,9551.013931741407,1844.0171872778326,259.00426792654923,50520.413951146,4.7503808621460175,0.0023442644464364243,10.088180211506558,19.54145086327942,8.614263583750228,138.63127693422456,1589.337820442338,16089.932377928664,0.030794135759632378,0.09350003362492117,2.3446051234597,3.2885827408597024,3491.3203612813163,7748.8045452707975,1842.2887978449207,3599998.6488210214,5.478441260445939,22.839615840351758,87.26467598191715,4.5553381682689755,10.789448161992233,3.6305193856325704,428.28921519054086,185471.4024969062,1.7803592133609558,2.360560609927025,23.511079183935454,0.26098156455759147,6930.793178107499,3348.1232731823616,1561063.3312763337,0.010063794620171465,0.5335940292888242,1.4161409944768408,99.88366729599447,9617.724096752678,3.749188118995578,1.0307166919650268
25,81938.22481016032,0.6034988698649533,11.273162532854828,137.44767317850722,3.132742735106969,8.175201894233373,121.27145887530912,3731.185931890811,1624.485593449601,4059.528017743528,0.05346356446242721,0.08604098938741422,86.98951782630068,89.61272437887429,66.83559986675385,1883.4812456960503,1426.0323743501692,3719.619251301296,0.09555443112384526,22.74772035321787,79.40278476795748,0.6762675043697288,745.6035444608957,1085.7657761093396,442.37649469044135,6.645960547542468,12.535700717792773,0.01,29.6755641205578,51.34508145637931,131975.8419750435,0.06187362090165779,24.127429802081263,0.002008451942819593,24.516947834511843,399.8301184480982,60.85171007618482,733.1174992334587,374071.57433090766,8.163244256075572,42.843654313484706,0.013831963588352493,3.5533362520743363,6.837344423998761,940.9053762913272,1732.2339345874261,3585976.97424998,10.440741062994816,63.48378363922125,2.6938846985283385,13266.620102326013,5.591491001434948,5052.393392060927,416.1297872618237,2.990187339491376,173808.21086110358,29.909180264658108,0.003551491508935075,12.682425719453523,0.1369762809580971,0.12837095075342092,1071.5024051874777,0.012662795891357857,3556719.1027953294,92.96402783899873,2.7408006303474015,1.8306256232688416,5.154729195834027,2.5143477514052353,9855.139950070567,235.70385242568767,655005.3264427783,0.26707457494087783,7.692818534688136,20.3512015445556,2.5005616653208804,9.417614038162139,3.011638265054095,9228.024185396796,1467.2303875068494,8.163752453922477,0.09227075432861123,17.950038523470262,21.30415827875572,559.1262057069907,32.85295411147751,2581084.7412446034,5.654581421997054,7.975291935288815,0.8433200423246708,59.38712702785131,371.7261078716644,557.7540370843968,1.0326448073062855
26,299394.6376654633,24.53453902106851,2.4360270876610626,188.02354354996967,6.181674388305831,22.610080878870498,1525.7037729360588,24.432375032942325,1.5906117730747507,4035.350137195581,0.03862259812860507,0.08623230472669423,36.74199108962013,0.06162499159215759,37.326067677217246,8305.196027768461,9702.2796104281,4059.474798434196,0.03521496914187642,0.04210280561780098,89.942670628622,4.92754066503844,113.5217435363032,1843.453416763791,360.0,9.124149074029454,0.7027907756303583,6.155368597376312,882.4355649903048,0.709169716205285,2058691.7264562799,0.16986929887586785,3.2278974191665117,0.0010000033472468018,19.911018151665893,3160.547895010543,8331.858902042724,9617.691008380476,260540.47663169148,0.26230572660301493,0.01037217894524419,0.010927631761051524,0.07576056379934148,139.16209139293932,1933.7303433564243,4.553521125126858,15453.878880740804,0.4715972974388335,6.554174126852141,12.339104920602049,9653.24944996922,58.972523133194784,44.70596237720207,7340.699802592918,335.60814318643963,27837.952499869014,0.010000119644145468,10.488276555790655,21.964617450687687,0.01053794944317802,157.89527678794684,42.56313290650252,1.4759811959917988,1492640.7337926666,0.022677327176426645,0.4701699870074947,1.131998552489978,0.015069910951393137,2.050796967312249,827.6344834468928,57.672940276965356,462251.1034043461,0.010810660748492362,1.4570924654252417,5.606557500644104,5.049961736637958,4.392589941331911,156.3279402373684,47.38523458802676,1399585.9140132158,0.1775935340410978,0.062106169775148566,99.34244418349867,3.000037093656812,468.7531019149416,16.408253205266075,2681290.266157023,1.4966738420282661,6.788724772013241,0.33144618035228857,25.74251211784832,9.23904113787299,1.186439254741083,1.0972766913442247
27,71416.65295116254,0.0132604871203597,26.17928694693749,275.6094339248185,3.8492116443062248,99.32231697214617,3702.0604253561387,2737.4079593511397,1.775213015947505,4054.5970804276108,0.0973366026830135,0.08689122224818405,72.9203620775474,16.175205888712004,95.59195113519766,935.9044842757488,392.20799357489193,3249.236180748422,0.0804113059401333,0.011558471147578535,44.91050205189351,39.15177289680498,4803.690354026907,1835.1328113928257,15773.398742207175,46.312397317902374,13.862003555192892,171.80897958032403,998.0641053845757,121.4679802837663,3591501.6492989473,1.042013905703511,96.89364261970988,0.001,5.808706184363749,8564.421986297119,2043.442433343343,1309.918537232546,2789415.6621831767,0.30256234892025613,0.016869660192170073,0.011306130304659894,56.507592639501055,7403.932038154368,256.2905692232103,7300.158908024995,509716.7331679853,9.555452701375657,21.051097602625866,8.045350252889026,13797.941826580687,0.7834174704218319,573.1676543931051,5514.1633032467325,146.4416336688218,319005.77139467356,27.194931994923852,0.0019499017740038842,0.01,0.6199970352649787,51.57750285139789,1468.370309431327,208.02090512285278,713305.8317430739,3.3372335946395673,1.026710822624195,3.334808645007705,0.21846472829229285,930.7258702702794,3414.024580079561,6.707615316872445,603034.2367152363,0.6822282534660312,2.1851033998597593,16.190402462899435,6.830146547793497,100.0,2594.184576946252,1382.2558764688106,539848.1941804108,90.89159246621483,325.36243888059465,1.4629712337853809,10.503349155871012,401.0610457132909,1466.148700222096,2219670.915706346,64.1573896283163,0.18421250929191557,0.30450267089361444,2.478589508922677,2.90116753737016,382.39482427133044,1.0230849148042065
28,25437.53500813104,2.8396805587709646,24.963171337136263,205.45179318522923,12.251682807595227,0.8680060108911767,7429.89017077323,1043.43811503382,87.5223554045416,4060.7189138332483,0.044260596695613816,0.24948454328896696,73.33840463984173,0.024332792885593507,6.324282004288652,60.0759844690966,1303.0725411569013,4028.653272906159,0.09705251274501188,0.05502740896264503,30.192184625285982,40.20801242153704,952.0030352384024,2704.5303732440557,360.0,41.919128951482186,160.04332970333738,0.011756436681773636,996.3114874956555,263.2183294344997,1668368.290978847,2.9730785692911845,18.159871400228138,0.0022980697678043195,23.76941141117096,603.2487595126129,75.17472084952378,1.361839946559637,29777.377263512033,7.626927416213897,97.36371514641625,37.29149028574399,1.0821793765365195,4.102443427703875,75.53115350252469,1712.7171973188326,1055733.9783931808,24.509037417696874,10.575324945982908,86.32501230437335,6713.5034927213055,0.17453068787389486,5397.970709802788,9770.623662207929,0.7658940182494061,5154.395094864915,0.023961085084638303,22.725159390881718,0.35668801105223424,0.5695124179973131,28.52680049080675,1.513656707334785,84.85662501639649,3012283.2220664313,0.32766343991115043,25.656905169329267,389.0319758197905,0.8344984122736692,1.7236893620203424,9738.963247578013,3240.1713814539703,1113746.1265139196,3.968048589974768,3.9498418327249065,95.90032265537401,2.519169194235108,3.1847105525740482,1280.0887211124955,12.492876014424995,3516977.5834073983,0.011755773371546768,0.07874039102279629,0.7487878702951027,26.009103183250012,4747.376004298795,2951.944845298918,1596871.3642441737,2.94254841257425,5.397800662891502,0.6108876726407391,0.43930204382179877,14.70861677379652,182.40608076042213,0.8725080899281801
29,1705813.886245922,4.316083135880646,1.1662857437335907,277.90331249813084,1.3798245631595385,7.362522194407682,4966.8137326397655,0.010000000002153684,1849.0714533045107,3295.8367200111884,0.09673420952759916,0.1506920126245868,30.385732936263047,4.0602337273633005,5.585792773256398,4114.39538368369,19.58747608089839,3009.559998850669,0.09736131887884335,0.06734307492457382,75.36031867165674,75.4354711825225,8420.592882822077,587.4313049101263,468.9043883559146,51.00743579489531,668.59148011921,0.01,84.40474185023169,24.377558192579855,18231.4140825241,0.8241080256241263,99.99991246412523,6.430008465443177,76.43239639804332,4.165967356637574,870.7729066331603,8895.074035206953,3599832.6131180143,2.539810395829219,13.779454554523713,0.010109138391191725,22.12578670250604,1335.4724755198638,0.01,258.79443511864116,301615.91183019185,23.8831749991301,3.1069329504602177,59.99129534578379,15283.170114633418,99.91511525760858,2.757590549726932,2198.677569209974,5177.877297119722,142306.93612089386,14.792677237599854,0.0015302439140119227,7.770248476703584,16.654518142032043,27.302291692248563,4809.46215023437,4498.224054500567,1835000.2400074003,0.9584154881225597,0.010523469849325924,1.7405698467285218,99.87259655781519,565.3620529452652,3129.211801769816,0.05506385989894866,1187144.229773043,41.66063778055623,0.45836971399502785,92.70259228484164,2.500144676624724,21.73720592650781,35.39797186737049,208.20027020013717,3247785.3020304753,7.595791545887377,11.133553348515298,1.5936539496158526,0.09153612786111184,9992.962233491287,9999.791156665544,353026.515575411,0.9248802182099807,0.06708609127835984,1.2942601244457637,13.230255528325522,1502.0297454124889,7194.340243810064,1.1369624648317553
30,269845.0473556416,18.291389807317632,13.03113282511717,250.28034682431394,8.736216291407935,0.12784997905970147,24.21712270464465,39.62124092848094,13.865294937748523,3939.397133567273,0.0966298961405476,0.19479019277793427,30.551477577309758,5.402766477213928,87.78303076868077,1430.0543372676905,4740.384987292023,3455.5141894613866,0.08094341903695997,0.01683921816888505,89.98937641091176,11.68498400901931,9889.03695927489,5700.1885572931815,57891.95811011774,0.36299295677108667,126.86584175087457,2137.0188776693103,999.9636682222326,570.8506639295116,1501195.6505236742,0.37784916780224487,0.3455412141970761,0.00260509274420911,2.360321972885145,376.6215607048293,4132.15153682912,86.87269510806541,49692.511656788774,0.27349555840845974,41.58294581256148,0.011747355034010434,0.16660084323833402,994.624446603766,603.4232261351569,393.3718360156106,114709.73739761788,0.010253336503968891,1.4377810159294064,29.92254633998247,10975.73198042619,7.801798796868274,72.73561583236526,188.65322130749234,0.6537772237894155,113384.04603156255,49.04776259052474,0.003732459899602144,16.558430187889684,57.31242090299749,10.458590022591922,1481.1368804365316,540.2698692664911,1999697.2902161637,14.28909914167313,2.8265724446495706,216.15921261552373,0.42197142408896093,1974.8652494022153,8970.138916210139,8743.469783814347,571957.3014872116,3.902711955585813,2.027892114970693,49.782437908589856,2.5000596670148463,65.72056233954729,2756.296156498881,7853.413957223808,586147.2575032366,0.5481354296118562,0.14567986019040965,27.756725468248284,99.92562935937548,1844.0841269610287,626.2074247321818,1750909.085541523,74.13615101401999,0.10695513984876402,0.7576753123710303,1.4694317078642436,6.241258441552903,837.9978319551959,0.7823916226850158
31,27747.40512261861,5.692479603306197,0.013969422524745326,270.3865120356239,0.010121705786299277,8.623421067529549,74.38705622536973,1633.2139243283161,5423.06245719802,3803.53817008377,0.08926444192738282,0.258,33.36983758997291,0.04863055139128628,2.058873682327173,2422.837532948885,3890.94793039003,4038.065859102911,0.03384960693320903,0.22863958378368185,84.99747013308642,60.316616081308254,342.95800043302745,2088.536052585259,1099951.6762382449,0.283781006080168,6.806048778120092,97.4481123108621,999.574418609541,513.3187868648611,213724.74870303253,2.232903354531886,68.86916428757326,163.1165962351024,0.010023391684152165,6.6437418006551185,206.77999374463286,30.76699689634448,3599657.3402715432,1.3033817006529835,5.701878891612289,0.010543274365779527,99.53232706079285,0.5466385220795277,2289.524350493904,0.40015512547951065,227978.88386713443,28.526685136850663,0.6760378691772317,88.91468262955698,17383.277930945642,3.8687011298227296,10.253278981616473,1189.5792264953589,183.26797331748236,109765.6413404379,4.52011170354303,0.010000622756502455,0.5396700013880327,0.4207429261285524,1.075744464487702,1207.4218527084165,6.630777174308419,552891.766403534,6.403141809542826,0.269982989430538,0.42265189432927547,1.0764691857106579,0.2852413308958577,863.1270038101172,2229.2236984486713,1265648.4414040493,3.3539689698739865,1.8197376877225873,32.12810368846088,2.5002155705828137,3.9477049819122056,15.487445690940476,2263.375363180269,233426.42356398574,25.844085964792022,10.08384181644852,0.46013080276360957,0.01295028237905851,9649.923603352403,143.49077394859233,13629.509391195865,8.258138088222632,85.899529507266,996.7098046174414,0.01,49.27244837992493,1090.428554587172,1.0390286070113106
32,82723.45221249788,30.882170364382453,10.885294018157232,188.63170385504327,70.98846178723231,15.3899407997829,5626.806627175529,748.4508282266985,1282.966704239338,4056.7265782953186,0.09408535466540016,0.08632762868451273,38.029805284246045,24.432841658736145,10.524733842266071,4811.343307111091,1626.21451069125,4059.880873553232,0.03623849041699241,86.08941568710705,66.3667977290137,2.4239585869316715,57.48135468108621,7084.249086069881,1735952.3824554638,33.420503214857426,22.200722024779864,2742.5941740394455,14.508565906417923,174.59383385686002,3593883.0886660023,11.400541438916335,2.322882693019453,0.0035374208821145714,86.03407429621097,7870.65678519126,1755.1790085108235,1616.8521438180974,1018622.0245741092,3.7041003282459872,21.64301381958391,70.80340231132912,0.3259494057429714,3.659579971272174,0.01,2.80718152638096,1035529.3216041415,59.85905646160721,9.58708257400942,2.2774808579569195,6254.236893367279,16.104755771258056,4.36595474295939,1855.9890240311513,51.10261609224306,2047565.3555171299,56.18965579220538,0.018736419215499032,5.724364133352836,38.638950389186896,0.01,31.25551140864093,4706.808556331088,2277722.03296858,86.27109429908049,3.7642462033698996,5.735767498883522,0.5626803159465491,4748.217999665075,1832.6968553105364,4285.109111673489,3569086.7322283424,49.783666510708436,7.735932075343737,72.5884002328437,2.5003666359275885,9.420631302595659,2.2064469228598926,1958.4537557658266,16878.858364630676,20.113047366474124,2.515296539259404,25.330585307532846,95.86503682861242,5161.534659814727,696.5355786174929,3235991.9188274494,4.9684868207728,13.680499889316375,1.5644276456146176,57.63305570895673,735.8232077180649,1667.0764489113135,1.1436348470809068
33,1542354.3275637678,0.47701320477566184,1.0148940758002898,267.94565427518495,0.01,0.720030637159782,1499.3730320367679,9998.156754107362,0.514789280906162,4060.79457143988,0.09734993964622776,0.2556957712758929,89.9957147480514,97.20890595117656,3.7438084401437384,5779.549417346077,3461.059835008734,4016.5617778160604,0.097412421508621,0.04034574267324016,67.2458879427076,6.542998637889765,1260.024329275825,208.23711300168452,49312.191448021236,0.15083980587228205,0.5560184908233661,5034.592596245093,287.0898944908584,849.1338281666445,90190.4684392159,0.09547954025690113,1.7933421980802748,0.0027664459452738568,0.010071765501338582,387.1626380347741,1933.6763158066185,320.58194539967155,3271930.126389344,0.7635204211447596,16.599939729221717,0.011032478568494136,40.108812155827245,6448.994571304469,7228.554884935131,131.7934441349728,526324.752037562,34.815708730229595,0.13628226844878738,39.40206728258188,8068.7334383068155,0.020735153499211418,10000.0,9888.821800082007,0.010007396807286502,144328.03449089662,0.4586682670923942,0.7804750815436332,9.815293797215443,0.39455558446282024,5318.2382588304645,1055.6287810391884,2.9052249687016123,619379.6278475864,11.557707351540428,0.41426476812396995,2.747990822240419,2.3403136025341977,57.31670367288464,2737.057415306862,9993.215992721429,3599999.928741938,6.134226856076644,2.881832032299897,24.017690427919185,2.5000020745452023,0.5509856628782982,9585.297967551805,3162.1139670775933,86779.60637697359,24.190965701686576,0.0010862402567901027,83.71304448758774,12.8188094180274,3658.3907915488344,0.010013403786800879,992903.4121187293,0.3168439497833234,0.13282432815862727,1.1551566303124017,18.17444152256028,7117.6852925369285,74.60180596303078,0.8756454875139766
34,32675.850731522223,16.314052615201604,0.04979526168090121,273.2608360078989,0.5165348682851297,86.19914272805258,58.27800285297265,3941.6655154429286,2630.448079256053,4057.994653122681,0.04647174513375331,0.08600004982757976,57.25317465849543,0.01,18.85358126163368,502.378718591353,344.7390430745812,4010.5360072257945,0.0962149697988743,0.13468329496017076,79.7152718862702,0.010265272376810462,9906.820101718016,261.87256016758494,164157.99211701663,0.010060551178322356,655.7622586247544,0.23844589649029113,184.05910246162577,389.25392147071904,500116.1588115264,3.1305114571348542,43.078437944455715,0.0046359105190117034,5.775168396291878,26.4179581299118,0.33632035501259444,1.015141721576072,46524.91376819495,1.7671224458475536,67.29171100520345,0.010510957536627044,24.204000924900637,809.1400395200711,332.7230977217794,10.976954427721555,486761.7373056607,4.680681973334521,1.7442256462105994,99.99968802775516,10754.264739252607,0.15063918973932805,3.2511897879854645,2422.2792800490047,9991.512499737166,453.3556048627198,24.24130747787294,26.428822355566044,99.29651681809864,14.009861136745045,0.039004714342075204,0.0761799588220767,130.79936861170006,4794.857881855729,0.010000017165936423,1.9079295300752361,83.47206940132367,83.6843578371672,6026.678293613954,2452.038624519422,20.135646478670374,673657.1897043693,0.010176893721467855,15.81167571834086,32.225324860750476,2.5059519924362856,32.10821225680043,9.603318233114663,3121.2402127966297,31626.76008632266,55.54303947719796,49.57797552501087,97.2991182574204,0.14304840337144942,2.3020518376330843,56.82281689338762,75116.3369774321,0.01000844305098538,22.183372493949854,0.5378670543606531,58.12814961965156,9974.467342007049,118.8459325774909,1.1811687903318788
35,220055.65997725315,50.818275458248564,2.255381797275299,163.1008921187381,0.8452813302071363,0.09199737891271306,6381.702988758017,8650.428660598978,3593.2244820475416,4018.9210129961757,0.09716117060576447,0.14343438082938187,75.16111131169238,75.75696668443125,6.806373637497755,1126.6634380764008,1709.9585021765536,3934.6301203272424,0.09314610718703623,0.010477982021724407,89.96225500825906,0.012438262377009108,3462.664103743583,9.086368702738234,236308.86244453548,96.75582655201687,12.760232598088654,3106.947441373792,1.1976980279881513e-06,973.4983287813013,184301.2870408137,0.1769875822649771,23.152922232522954,0.001,12.48755257845663,4176.893571216958,3729.8792757317706,613.3572014501143,109363.73318347863,1.571016688828079,15.196216786444518,0.0108678416771372,25.396154758936245,1750.8937962618656,9273.119262313918,5296.321714685095,3598933.184551939,13.365924170443114,5.148814580231866,2.3733169485537315,17972.976965301445,1.791138818019195,934.9428130268675,685.1160772186162,7525.47515759554,2686544.0190102127,72.85275834896719,0.1680805315673499,45.88203965661724,0.027520146443835415,0.014465119982629011,806.2877937649495,0.01,1894202.7768333568,0.04650111365013842,3.855904407730477,0.28959486743462615,0.01,3.614844720905653,244.64431163150877,2014.9483747937165,1286540.296515255,5.39925487484516,0.850237849406152,20.613448092443598,4.923846217921104,26.5980823951787,861.6985524932164,867.2929571830974,474000.1403016167,0.30933582837141205,0.06226296259022009,5.869489868549497,16.989376772399666,4823.941643712326,544.4686785620609,3585299.7351941504,44.586262955938786,0.057252655626522785,0.3507101555739437,0.01000258825848853,246.1738215968863,1095.6164084399863,1.1609183158162735
36,88542.65037571838,86.58303445105352,0.7496261612753746,161.82653123918945,4.055616704885036,16.68207743669578,8218.612345259346,3151.644576683474,130.04881743683785,4054.9855216747865,0.0676391651057502,0.258,59.70380669621697,58.698716269652586,0.9578148254074849,2670.9475297045683,452.87940636797873,4034.5670423041233,0.0331989059522663,0.12890637160465837,85.66193856277015,1.08983003615784,2464.943673627826,1658.3091296351715,360.2021463201562,1.0316348191399667,0.26695265079818614,9972.619039619185,748.5918340135453,662.2076419290382,2204439.4378925357,13.738510732142624,0.2537331183830856,0.003571648566110825,58.416264741569485,330.5539524990043,9467.810023384272,189.25848531312707,53566.27844120756,18.4505260246446,71.23692892748447,10.880765888492794,0.5056131948333188,5.29145669678819,9615.523547229104,1775.7694045116268,364797.62928557105,6.488204741917865,4.762184510041019,2.6759390137243306,7162.5588776920295,82.09192029315561,3.746958486672353,7233.720322143335,5910.5841433659,589453.8510795248,5.0624568287773695,0.15329148520371597,54.582751129105134,0.19013927000956912,9772.948592430284,0.01,9144.337515308947,301830.29829327477,0.01382401582401694,8.190123729587304,0.5003174608377532,0.5182893933326675,3.0471084356739104,7331.623584973126,57.75359384355937,3600000.0,13.076185820647474,9.923519608177772,0.7652924799994363,2.5006023979482626,98.02891229213378,3.4275818339847253,6604.425205390938,3587535.468167491,0.014688678993874025,0.06381314758234433,0.2865980101127763,97.78309727968924,4975.423329264815,73.63166456606126,539.3868353910401,21.382832180258067,1.9242368657229318,688.8498118148607,2.51081772179138,0.40575583780254443,5.507960490848832,1.0722481525255196
37,63778.85686147355,12.268155672880955,29.195227488954973,155.56441084296952,8.470295382953086,53.11910470738515,942.6477038386835,9098.420002439505,769.4597936565565,3572.713406089149,0.047696144309437125,0.08604580491334483,47.195970949778214,7.999572670814717,55.55393600445031,33.14346125962365,235.54082446340124,4020.789817376867,0.0688101755796763,0.018115343092721413,88.00889553188014,0.8549925228942282,283.80474013648654,332.6088755261238,21433.87249199352,99.6026681765029,0.5937918075432226,0.01,106.17608173850459,3.8783413851332926,823367.4327897476,6.426361320499933,2.3559346144788993,0.0027118160195902597,33.75416771835091,117.7473789774106,1154.8649701305974,105.29524939114393,242428.94643800703,14.80466488303051,2.4656721531571515,0.013453467713555465,7.539336035330535,0.30368399635789783,4.876790483569741,2399.670429529166,437335.9161751995,9.548733356010693,0.5465188305082137,1.4161123286828103,7883.551683741227,2.141479557927254,3.3329698711092233,0.4241099099761398,4157.178870322528,138940.33156662126,63.92729197214289,25.11919208263179,0.03759891798263222,64.04782472307869,1862.265966436927,151.9229217625681,2.548513521170821,360.0,61.11557702934043,6.050094708721879,607.3694630678953,12.759298565945896,10.75602019770345,0.0909340451214413,0.03566376133958538,1014435.0227459655,9.691654660127336,2.149808809902128,0.40590954586312317,2.500479958795505,24.463208567546125,216.72251633324498,105.43001862887817,386.7420580931416,32.258811879137006,0.0024380499803180423,8.59583030067484,31.760955601350563,0.012241462874412003,0.17611880206471878,987123.1265961117,1.9501812801681708,1.5987486759970266,1.064762095129571,34.15359878032194,1483.7726430882876,35.89363988524006,0.7941624714482828
38,1998645.5970726972,16.409608865724866,11.619603398509522,105.0,0.22820398353871763,20.408656262373988,22.290321704985598,3163.391243065027,9979.107482754498,4058.945041189324,0.09430061897934708,0.09844085839372889,31.22240255110458,2.3600124512576928,40.19510852955547,2547.339089139402,916.2216975732686,3405.287486241058,0.03531074550039473,0.012231002646075946,38.625904802809174,1.8158475260963105,1419.6037396918457,6270.305554366997,178174.46225674317,1.1490538522290152,9203.853633149985,460.54071689641427,4.609453583272248,477.0857141944123,3491593.5365833025,1.2598060843190657,9.110993853067876,0.0010236347956530652,63.91577362675628,875.097924469542,241.59644691045497,0.01,3594798.953995525,0.7872986485708393,93.48924641548373,0.01172214569479122,16.87283862306092,9888.041620594022,901.9045044668411,9618.342126162788,1561244.7514341085,12.595574846283,4.665746960807087,98.05303317834597,6239.240399228064,3.2377939929400705,11.888570260671752,0.43900543688700044,8312.360483327646,642989.2499254723,35.975643127638655,27.144944213746356,0.03576905341555046,4.5974757188437625,0.20007113358869233,1491.7280628384365,1770.2402194557324,1838958.2217247824,16.611891393394245,11.118005241187538,127.95875357987958,0.3609396503091139,9986.726842246875,1316.2976491634379,7207.569757367836,1228484.770337544,2.2618972846256957,5.476723278517944,53.70223743504456,5.703425058206809,1.5621141577417377,5325.726472843478,6078.450412148976,31367.22933440998,2.2952067731858192,0.10608492924689934,0.026349742833657736,16.33083060001284,3224.9054286057763,9945.817365931958,26979.97832371699,0.020049738262847245,1.5515093252104109,0.2590953534723901,2.071434383409241,3720.893844045031,4900.719109383585,1.092797277075009
39,974623.1631516503,63.882406997164956,98.94868053883069,172.38282103272817,26.70008223868485,0.11570592734190915,534.5397781611989,2258.424240815607,75.26074938269858,3902.083005775984,0.05687140852997163,0.24983972009108377,33.28028201627202,0.01292511566025106,34.06411545037449,2261.918450734399,10000.0,4020.5077640470945,0.032500046338061944,0.010000279344597364,30.151275434855926,0.01001771676373094,381.5318443666058,663.5983546366958,34739.10544379289,0.47965936388041347,11.97370690319443,0.01,425.236352619595,0.8108644308709985,273276.3977198816,5.982059885299084,20.867478178017407,0.0026219146649730544,78.13876811006354,3147.0958151165614,9211.792604915061,9158.340075582893,74439.50703930527,33.317189337477735,95.36766539852098,58.74538107267473,33.15399204886078,1.9539983215146992,9477.24721289729,1019.3117154800752,132340.48409691892,20.065395447036416,0.8623507060681123,38.51081677719786,6011.773146232261,1.8451711022932407,21.515836045561134,9790.7401715301,1563.0544896702315,1953278.1984925552,17.01259251516563,0.0010005833517140504,7.9796999934126704,1.3396404161634672,0.34350222005048914,0.010011084676975701,13.245816482764939,3598935.1357015586,65.37386614576897,78.43280399728982,134.20568404488202,94.51205131478551,3164.218258738759,0.010756320166016145,1.4005105370996385,1965697.226564727,68.46017983356053,1.7820382899680338,10.418830261572449,2.500211205291276,60.77884532841807,9655.834602233303,10.181223261088256,1683148.0129462895,12.782617176920256,0.09032434600459266,0.06636579907209161,0.6236543908691098,1600.3368504516768,385.99503403068667,761278.7605762962,0.21143233034474992,10.803543581958449,1.001475752283827,21.818541164381287,7121.942617971147,9770.978559425188,1.0035379451523156
40,2173929.508238181,26.298957275280213,0.9040194560687974,313.0804116719294,0.76657386665247,39.85239202889791,324.7075220674055,0.08214450944655864,31.941183108094993,4060.7999999999997,0.09740264428285829,0.08915863726546668,89.31223447917336,98.16701403268222,0.9288766685228426,5385.847518730614,4224.548097712941,4034.8978227816924,0.04990466802778748,0.08342450968235803,87.19438536632516,3.1595076753260356,10000.0,1090.0629462334257,549.338018886972,19.395511529116813,0.01,9881.873955295006,999.9513146379502,1.0321257582689558,1101147.5484240314,42.053694548322774,6.524221388127539,0.004448176214710036,6.50869429326535,349.47079630580515,5230.819383764014,338.64824050192266,563099.6979982356,1.5282653172296683,4.988994875557391,0.010436610980014912,45.58581312287832,3012.23575592914,140.1710017953128,20.639964085972643,1219902.9598564908,42.801045287403774,12.23213066519049,6.423777084012757,10345.45768519974,6.1106620761364,6.322731115189016,9987.127748376697,152.39024707791103,446487.02687460434,2.3217964734642975,0.0011286129321307074,0.01,2.0707050124345248,0.01,1.1361131690047008,0.7844559940660054,361.7373619604412,0.3143525879796188,1.4542965200799833,132.94945899768175,22.849082885226863,385.9677149201519,0.01,0.07652532271138031,2500592.2733353293,10.704178009821568,5.395661647962355,33.254929860955365,2.5864512714742647,1.9411565418418597,3.682199589574766,3022.413252173117,106295.20423215163,50.03177378371267,1.2946343157235378,1.4245605834468966,0.19294873522053205,4.912361267625489,680.5737876640395,176516.4847172328,8.988164100068985,0.18831759579585675,1.3707380719533087,0.26092823637758245,519.7455657427278,184.1647861992115,1.0028232879746792
41,2528540.9908592314,1.821866886871254,52.84646270616754,149.80152286785975,0.4132599430563933,0.259097189208079,5541.707765562725,4.722255845590629,3189.2810527848246,4058.527662594731,0.08277902578386814,0.24986386998379279,30.69640252221262,0.020692081474266447,99.49880531586491,2631.6661074546637,176.13443974622814,3544.4794440871974,0.048782841387841405,0.18946660496705245,84.974214633306,35.802062771360745,2150.1296580963376,9284.341199169656,417.97061597239355,6.874903947812056,0.01,84.95198708145766,309.87840541677207,998.0816704191722,3599880.5356487255,0.36141195875289733,88.14680469422605,0.0037101958013408104,98.69976728313382,20.82794813317669,1373.9218151330042,928.8213024370225,2602544.559310935,99.86765449738022,10.74631363674586,46.698513950853446,0.01,4.273490989144023,1298.6772995136787,15.057852641613405,297604.7797053096,1.926515407760363,3.152368640973652,73.60479206477265,10818.205697781696,0.1080204992770438,41.638732702325456,9472.416140912994,154.63163866257395,2524051.237890891,36.450136110243484,0.0010001025616088457,0.010022420604550383,7.910034337242135,20.779919099370805,1003.9031569175372,514.9463049895465,27829.478827327162,0.010014320620320363,54.00460440000343,979.9410900282879,78.36568812531344,2.2192061376261027,0.8502529751928637,1368.4393302510196,224364.21225127883,0.5535454925431308,8.944181954676038,23.657618075942555,2.500738598995398,1.681062321415109,2049.710787305594,326.4257819618835,81284.17312195539,5.424353331538378,25.34109479948317,0.6499125893137953,5.69260884202971,1360.2633257767152,2488.6452649709895,1090163.943888595,17.139210276987235,80.01896457316182,0.510976255385054,14.764224711803568,29.899000477020877,880.3065880480776,0.9935109219304095
42,1459071.42409845,18.84114168681044,0.6692643308372833,141.68388835511882,17.700186759430864,5.0363619995319375,446.16877310900674,5611.429660640397,3.277921034757456,4060.792635258203,0.06969200708960595,0.08624713291677245,87.96256558675867,29.943775783813898,13.0541544125299,8754.118463196306,3086.9157409406967,3923.379121804582,0.08314600615365417,0.17234072631595737,34.45119605959262,0.01001289850493748,1517.8242258535718,328.18258257984576,418.27028044716997,0.015851369553375853,0.010003862911470186,1267.8117732777825,999.7186035027786,1.0770273687283416,2722453.6143159624,12.64421067421356,1.9035508360944577,0.001,52.49105446080536,180.80356861535628,775.0698778860894,2396.2725991136413,264772.77845411055,6.527576638473893,0.02433001493763823,0.011977335072966562,56.08187572604809,6.486414445298697,323.6596930343225,0.36976182381869305,649194.283085887,1.9939982831558536,1.146372103629073,55.96457091270522,8642.416595899587,1.695872324382334,1.7010229225639402,4.030238352824071,9935.764983194951,3522.9955792993037,0.01042546784633856,6.680265720744652,1.0807275028531016,0.05485189603321985,1577.9986307117902,37.819284990686825,474.823903160317,9290.590966212263,49.785306114568705,85.11222043313651,28.873760656379638,0.15320048275986206,140.28215931947196,0.011067258486431766,24.453650299826045,866455.6460429931,0.039214401956409475,6.254450041897261,2.5568082078471557,5.121200471539126,70.69733365672315,1516.4790394592935,9608.043407719148,427831.78874343063,0.06061811377918106,0.06657138845231725,24.338169083803617,14.931867173068097,961.5740507042292,339.39748835697947,209097.92825228572,17.79894604156832,4.867068376715229,0.3858647185756789,29.90144023893036,7444.048254526706,3871.3847233806387,1.120984595126037
43,121836.28005926196,6.434307493669841,17.355269085380375,182.9191057670932,37.77155067876949,1.7503136889626112,9964.7430448349,68.5045421943931,291.83825615170196,1353.625406781514,0.03900347243172644,0.24598866557483173,40.65666752249963,0.011012209625871839,92.23170556013027,284.68645409997004,450.9131876621357,3476.4646706463805,0.03542875008309919,0.010326211704850213,30.243217011498885,38.649538805938704,221.2795726002978,100.30962207414392,360.0221485863449,95.78917529941344,0.01,408.2407001045097,0.05942533242716726,99.45991311193772,518823.1392020462,0.3831129264639988,0.010206218078382694,0.002390782097965711,62.17126622270321,7.6469054714838585,313.3909341177116,581.770426796062,792170.3434449286,1.1500840097168183,0.7723486429645776,0.013294589632346844,4.4745303137029095,0.08560498939508282,60.8455109296515,2.9910064116273265,923877.0878467569,0.5888564137209797,51.68660966476148,9.231265173223209,11690.964234380273,0.31881326692771006,1135.0126451101341,1934.30128297594,49.84944743310252,11244.788005511004,2.300663133826749,0.0032221695511630132,2.3174693034034535,26.9871292195749,0.5858032151097545,4605.907938284376,4579.497101512107,64607.05680359543,3.333630992304048,0.38968669287857644,5.6930472641151075,0.64221522170141,913.7660640493979,4787.826826424695,5750.420593506369,1250476.4813071832,0.01160604787075918,6.151386088195718,39.38175621725502,2.5001158841989124,8.714422503888146,5201.954875679049,1.9399765887657257,671907.2984101808,4.958306470365133,0.11882020770468285,76.39195993859875,1.1641584770746223,113.78261216286373,1505.8317355225338,590412.6111452327,14.92700187708982,0.19402349728630003,0.9124942106491265,6.579483496998197,4520.918372217748,5.006258950704349,0.8470127433467838
44,6097.043997133096,1.9783016421150443,0.011732711242345959,309.98647786700434,21.767568618617727,18.83316330302553,155.1069674956307,4731.755937609049,6631.355135793374,4059.8617322830123,0.09470559162836914,0.2573554621163932,30.03947695813233,0.012800059923193882,36.157879762748564,1339.9143745940269,9505.474374543119,3807.0101633760337,0.0931050219421919,0.13892024092724076,47.31948323309791,7.570587420126357,1063.486222921984,3286.7914969406743,1808451.0202901526,0.07076057908289249,375.16719794115465,0.1578711844199833,993.899332564565,255.52935290252864,305774.7853667228,3.8818956343539956,98.99690308265357,0.002927971438963252,92.96087086765117,17.34234955038271,836.2708083402866,485.8612830371494,879085.2197955982,7.161726550969109,26.460441484130467,0.018546444850203698,92.63388369749474,0.06676828798235268,9942.580375393645,2828.3807366237575,1501358.338055286,16.74513068811972,6.672528862381012,2.7287612959131415,15712.96261654355,0.4553145081969164,1566.382334131566,1678.4210447619557,4310.48624894124,2321042.8298040507,2.757193011536866,0.007949268080085968,0.6861106990915083,9.679395354106095,0.01,0.02817759773008212,1671.4951542990857,769.2931350033992,99.99757168677205,46.578527787371904,223.60863319671083,57.90123706221918,3966.927285023495,6069.686367507051,2086.7613585139516,2398219.0644040625,13.778495797539307,14.485992068017786,41.08591317278966,2.547994504958042,5.954534517975919,4504.908449665117,4518.377417390253,54179.849078610874,99.1133285343005,11.146559486509435,1.8490138888596017,0.508229753245858,860.4142949329338,5.29081651908119,26953.284718589737,0.5208464872529428,0.5878060271527067,1.0145882489421003,18.270809543214725,132.11949447101097,123.27904386080168,0.8667976005409694
45,25971.762641933845,4.005787897964365,25.532249197063134,227.00788762396326,18.68714568609505,0.529364666908352,1619.9104787347262,7.311608074374234,694.2829907377964,3749.5553570293755,0.09411426799821399,0.23974503942650707,35.018179811857344,33.23403839374625,21.225930314734953,4810.3821792609015,3618.4518731972425,3959.458577888432,0.09513629449716222,0.046318761354752665,65.49713659445466,71.71422192459798,5463.347337108699,289.71842467796324,387507.7828547995,15.967375389382084,0.029997484333634254,57.082048627500185,300.91060648703643,1.3530648266343281,2028592.0676195463,0.06846828471030672,0.034765555237957865,0.0026949201980132815,55.65451274418666,5770.146299851447,4.554489977790167,13.686582162135913,302054.5897041785,5.987839759870181,16.440208607479153,55.503870150556445,0.010002533035082245,4.179388001063658,2945.0789058099876,128.27952168502742,389249.39404257305,0.039712946543521976,31.446371605970356,0.6473371205338666,15997.078966680854,20.767632833023136,1624.3595196804645,1730.1904077703236,0.5926607172030128,11277.597486672485,22.097720233823814,0.03849907634359954,0.010158795687570697,29.770189236986468,817.5196078594163,1.9454351959751839,133.7426663347716,142092.1005761937,4.730658987588658,0.22773639961267675,242.7278849825807,1.7396619588134674,3.8264957867699168,258.005237223848,374.1906979389829,1200332.4427313067,0.05686046345498274,7.758187045090346,1.3304495786031907,2.500000066267937,20.607648768946216,1634.1586756665874,326.12138057993843,667070.7722308827,11.637019728978746,0.0854325141412306,1.7271466750050088,99.06827008208151,9986.586157953225,280.1871143901029,370077.07437076693,2.192403323105946,1.4385865923151042,0.734808136575564,59.24418109794204,8.671030896866958,1147.3589940993056,0.8304954029559314
46,3145805.418997891,7.856634044156899,93.03905782715786,314.88082915794814,6.166668400012695,2.127127627430618,176.75529957541076,298.46739338174905,3.376085881144875,4060.043739529643,0.07046375119586767,0.08601049925234279,50.86170677534296,0.010078815876350296,16.863877952975734,3494.136887261952,9000.005501298674,3918.1883313169415,0.04044489833900133,0.05491483593508228,78.130049077491,0.03730501981222552,250.5808150568476,13.773587933917105,36464.01477118657,0.18989518003920217,340.09942977074905,2981.6507892845475,760.9510500009368,65.99653151764286,145920.71396609052,0.011353065148577235,0.6894541355969087,0.001,68.75180490444224,1840.4561662042704,1719.5534512842787,1434.9518029150265,489477.1988630116,0.0289778189387288,1.8908807943563417,0.010609560480573814,15.170952199754513,774.8321134242038,8539.63716004554,2635.8021302706616,476715.99542847305,19.000358326663488,0.7587899905476237,1.5565762615163903,10752.533004368202,2.4571770474445827,252.0186893371795,5.81142951880242,95.62671653327928,360.0000559997716,14.660703874470814,0.0012538407413289448,90.9923566577816,6.1946502743240615,20.573511736725507,5.069066679649452,139.7187799454755,424.3877759881629,25.678943284531396,3.15952778162358,0.001016365349213137,4.623232679430356,15.213527281363834,35.57763925358174,2548.883900029431,223096.0608279728,9.075538236004489,0.28044121366804203,27.01896809507454,5.514802000635907,2.0434614005135026,356.2910082186478,629.3675676928204,158920.8971637812,9.245229499817443,76.95382738036442,3.7923254984878607,0.12974823248378375,8895.490354443064,9954.290864357052,191848.0231746536,3.5066771885980503,6.825235413714299,0.3097788771146365,73.877177083679,1627.8029349427252,2573.295484047717,1.1034194802206707
47,94401.42596734913,0.8665494791135712,0.510016438912326,105.86876144314924,37.95654162828478,0.01,16.559603458489775,124.65025330118883,621.0551172161801,4059.8162026068035,0.0331587919139578,0.10199008753433547,39.99343335516183,14.706473750889451,1.7345868010525112,4440.737551146463,592.9235395619703,4056.2299011728824,0.061412640888532474,0.11503370799965387,61.107313088604265,12.358729533879684,2341.879343617236,5874.4364116742645,368.8141316670757,6.122108254534188,52.55751232919985,0.01,138.25336798362008,2.7972517307804705,2716986.475404,0.9183480527756451,0.3202702212981845,0.0029726018878613496,56.55523378755169,2.9894518304930746,4614.188160045768,4829.5119736991655,223572.64915677285,19.605593464178977,33.840873375708384,991.9222147168739,0.0778035692082014,1.2620726024161404,208.8584874714853,7422.766843959743,2854323.3659436917,22.74023181762288,7.763429776053789,95.7159013231807,8145.167141195667,99.00659220988649,9.919726606028457,362.63102947378223,489.0716196782604,278683.5802180838,1.997821470322611,0.0011359208459360054,36.052070740973896,40.471597304813876,20.808121361742444,3836.1515687683514,2442.8869292973063,972506.1352713305,0.5585723118546113,0.010955499701107256,1.1971626302459755,18.97476388049638,269.12737269187727,9662.191207949789,5143.301129780739,614816.3812420574,3.323081659151144,13.283601020924127,21.52824318249291,6.023024532504871,45.68454311305046,4.978348891389675,6707.5577969529995,821974.3628118536,2.45248296820875,767.2955833649254,99.71019395693483,10.026748930532726,9872.930701169964,0.5105222256220937,3597960.7676193,0.46814024707269475,0.2536326873287568,1.4391596589441589,97.69642865905111,4686.558174493271,1131.2003336563628,1.0491152249182951
48,3199160.693618119,1.4858339677088832,19.007120910884517,179.6168740805759,0.015682757085127407,93.66753275091783,2924.695474869068,742.4970973484283,8141.319442542831,3984.111589977008,0.06727460480049674,0.14292720082523067,89.01534900432682,10.647449649206543,43.37821104228547,9959.757810428267,1541.3392435036649,4000.7352792617094,0.04948024997393149,0.028717303538345715,33.86370936957567,0.012814281800540362,152.7994563414192,11.26485398828454,360.00010336960327,0.7824203653175348,0.01,0.29637809826569,797.6905814581852,13.82631954732417,132371.81548853123,0.12288387010968584,6.769285705265862,0.001,48.487302501838336,3991.3669251679694,1627.0316057447192,1412.094941674141,816052.4628315397,2.249032254457299,2.872346513675064,0.011170384550280434,2.704618166892788,64.66743561861601,4103.196319128452,0.30603135700387735,386692.7696947245,0.7364727988926515,0.536845254003467,8.555111593832034,12178.440975383794,1.293107394767568,1.467953796956657,6333.058262461906,7698.113110310825,26605.778096220245,90.67367746551277,0.007550083997196207,0.014845505261714298,0.025392447725107934,9.336097103697336,171.1848694082176,130.48575342702753,726.6064007056552,53.294226308736256,37.13932597895538,45.22382124203585,0.04840573188307302,3937.0012068016263,364.7898007590629,4956.646688300834,173475.65310014458,1.5178873545841831,0.23775158331817853,15.168098134605946,5.191466941117559,1.914794386239581,6227.401057462597,494.41651204063766,2499539.6967442953,0.01383133668152243,0.06221748983758806,4.197599268961065,4.245601123442832,330.3050077788305,2606.8871784945704,24063.830128579437,4.92119546016489,0.25209083866657467,0.3694418492295007,96.41617121036498,1849.5410734471684,17.978018038296582,1.1132936316113315
49,522531.26885981724,67.09613039672736,10.15668909702977,208.04511506226524,12.876542269544723,3.11110121282581,179.21104946327705,108.52295962096771,13.760044823696807,1377.6464976954692,0.04446277040803134,0.21825373679574706,34.271358560662904,6.729330257529874,30.159831037279094,1.670702579186901,9480.013443842628,4060.692262819047,0.06716970975916833,0.01018840774745989,30.000893134191223,0.010541676361260795,117.71189037518288,152.72747292060563,59500.54104029332,45.83377806623519,498.94952077436733,838.932527364922,12.110266196557708,999.1778673743829,1364499.1257269701,0.25599050355474184,29.867310547016032,0.0023927731313576877,0.3574276017037685,2810.0995492295756,8679.484837675076,8423.317200071144,393810.43457743415,0.7806393745072221,14.947716359967435,0.011247770240481242,1.8838097260046012,699.8835454753654,46.61850028077922,221.0966773627575,54178.30873293267,23.43827882065292,0.6083771988878487,93.05191131218115,7551.975604114656,1.6232251266335929,21.64026302950316,689.456456800086,41.66099626303768,3550857.4006769746,5.112919077204317,0.001,0.01,9.223634735315128,0.01,38.7597634008897,0.10387423743510912,2944816.180782041,34.08407044934693,3.182743636035788,112.99530096407254,2.1925218097388486,9.16335030227845,9.825145643149403,61.146041800381575,288562.479256506,1.1621231979440196,3.207369994031231,47.57386087018788,2.508814906040224,3.071791356524304,371.0703705499603,925.480384534719,3568.214596034458,0.7948940245917799,0.11801860397798454,0.1624171523171333,4.245500877500459,469.4981781752022,305.04182591967657,463017.30086091283,0.010090228690660306,4.4777939418933626,0.6884307812148783,2.39279497106032,9.140791347164939,570.3594116810439,0.814819091585107
