,(ADP_Decay_v1).k_MA,(ADP_Decay_v2).k_MA,(GLMU).kcat_F,(GLMU).Km_GalNAc1P,(GLMU).Km_UTP,(GLMU).K_eq_GLMU,(GLMU).Km_UDP_GalNAc,(GLMU).Km_PP,(GLMU).ki_P,(GLMU).ki_ADP,(GLMU).ki_UDP_GalNAc,(NAHK_ATP).kcat_F,(NAHK_ATP).Km_GalNAc,(NAHK_ATP).Km_ATP,(NAHK_ATP).Km_ADP,(NAHK_ATP).K_eq_NAHK,(NAHK_ATP).Km_GalNAc1P,(NAHK_ATP).ki_P,(NAHK_ATP).ki_ADP,(NAHK_ADP).kcat_F,(NAHK_ADP).Km_GalNAc,(NAHK_ADP).K_eq_NAHK,(NAHK_ADP).Km_GalNAc1P,(NAHK_ADP).Km_AMP,(NAHK_ADP).ki_P,(NAHK_ADP).ki_ADP,(NAHK_ATPP).kcat_F,(NAHK_ATPP).Km_GalNAc,(NAHK_ATPP).Km_ATPP,(NAHK_ATPP).K_eq_NAHK,(NAHK_ATPP).Km_GalNAc1P,(NAHK_ATPP).ki_P,(NAHK_ATPP).ki_ADP,(PPA).kcat_F,(PPA).Km_PP,(PPA).ki_P,(PPA).ki_ADP,(PPA).ka_ATP,(PPA).ka_PP,(PPK3_A).kcat_F,(PPK3_A).Km_ADP,(PPK3_A).Km_ATP,(PPK3_A).Km_PolyP,(PPK3_A).K_eq_PPK3_A,(PPK3_A).ki_P,(PPK3_A).ki_ADP,(PPK3_A).ki_PP,(PPK3_U).kcat_F,(PPK3_U).Km_UDP,(PPK3_U).Km_PolyP,(PPK3_U).K_eq_PPK3_U,(PPK3_U).Km_UTP,(PPK3_U).ki_P,(PPK3_U).ki_ADP,(PPK3_U).ki_PP,(PPK3_tetra).kcat_F,(PPK3_tetra).Km_PolyP,(PPK3_tetra).K_eq_PPK3_tetra,(PPK3_tetra).Km_ATPP,(PPK3_tetra).ki_P,(PPK3_tetra).ki_ADP,(PPK3_tetra).ki_PP,(UDK_ATP).kcat_F,(UDK_ATP).Km_Uri,(UDK_ATP).Km_ATP,(UDK_ATP).Km_ADP,(UDK_ATP).K_eq_UDK,(UDK_ATP).Km_UMP,(UDK_ATP).ki_P,(UDK_ATP).ki_ADP,(UDK_ATP).ki_UTP,(UDK_ADP).kcat_F,(UDK_ADP).Km_Uri,(UDK_ADP).K_eq_UDK,(UDK_ADP).Km_UMP,(UDK_ADP).Km_AMP,(UDK_ADP).ki_P,(UDK_ADP).ki_ADP,(UDK_ADP).ki_UTP,(UMPK_ATP).kcat_F,(UMPK_ATP).Km_UMP,(UMPK_ATP).Km_ATP,(UMPK_ATP).Km_ADP,(UMPK_ATP).K_eq_UMPK,(UMPK_ATP).Km_UDP,(UMPK_ATP).ki_P,(UMPK_ADP).kcat_F,(UMPK_ADP).Km_UMP,(UMPK_ADP).K_eq_UMPK,(UMPK_ADP).Km_UDP,(UMPK_ADP).Km_AMP,(UMPK_ADP).ki_P,(UMPK_ATPP).kcat_F,(UMPK_ATPP).Km_UMP,(UMPK_ATPP).Km_ATPP,(UMPK_ATPP).K_eq_UMPK,(UMPK_ATPP).Km_UDP,(UMPK_ATPP).ki_P,obj
0,0.0018630008969279927,0.11779825972124107,408147.6747737713,0.47800925145479606,0.297195393295792,302.70448724140044,0.01,9.778468227215749,12.160497060301491,5461.125041305662,360.5896607895247,4060.7999999999997,0.058865755507753956,0.08619379323413318,43.707741092530604,30.0,0.011361288921493693,7133.384767015368,8593.960081656569,3505.868470347816,0.06062484083367543,48.78645900983881,62.04741053795029,100.0,3.088060641258172,11.918938564097347,3473.248438560675,0.08507145127672276,33.394648285137684,67.36287162794068,0.04396302575232841,0.040938365488883265,8015.701504944657,179979.71724575877,1.0617316464106843,11.454341760710182,1706.8093138244994,18.90421611311548,523.7422871635498,1261316.9428736188,0.5831235652879886,1.1839470099111393,99.94403631296609,121.04309516683554,6.866434511108677,134.88469270922454,317.90587867557923,589773.2686053822,0.01,0.9845820502503282,0.010084533443425553,0.5453341861430265,198.34757957153667,10.577983346982485,65.22502118945825,36638.87310925742,5.428752502400977,77.9430944194129,0.010005813750706645,0.015395635422335427,5445.7925255213095,793.2378447499718,102411.38849814422,16.945532901928622,0.5800096263262796,6.802334221240033,12525.322908515149,0.8675482527077494,1020.509969496519,98.08521831944655,5677.350142263687,1376116.3320560462,51.56558325355041,0.009974398429355227,2.245073643637072,6.835096378422437,1.7777166195754488,113.7947654749722,12.060453904241742,184813.72762288805,0.1271349722903882,2.0791715609230277,3.1721361754219797,2.500058480233448,7.490197319806424,5841.867739377732,7816.397727762981,0.43423655514308657,109.43529786438981,5.68130484023886,5.511210008525942,2295.6311072110743,360.0,13.343555379255932,2.0007207423144884,20.52899212967873,19.63841232016835,1223.9940749807279,1.3414166474564984
1,0.028667839348912965,3.591462949271463e-05,553102.2208096009,0.010936038672147454,86.50078555342752,112.60192987891841,49.7503158211509,0.10530910888260571,3763.0391187933606,136.93548710925182,0.7398901365685454,4060.494816277549,0.033729614604248434,0.08611390815823344,98.37772154213114,89.77243083439133,99.53998787421035,9823.301558525824,7910.143068373205,3868.9489088147457,0.038293634191612365,56.34312434248619,0.3095525840251075,1.8912587063086619,173.0181298628591,459.3509529022019,4058.1818769626334,0.09432217709089767,5.76878342161134,38.41112232233945,99.7517250105587,2585.4955698646745,9869.143432592047,3201101.4085905626,0.01,0.6735432323845061,0.7959098584120012,791.0510170115753,981.5430945510162,3450031.455008879,0.7851251896292504,20.865031235173387,0.016313125915574527,0.001,454.3608292843985,217.06708268320259,36.96943704779981,3598554.2338259015,0.3358342290895685,5.663609748607632,0.010075391937790388,84.92226260424475,604.1281485532927,9.360643083628943,346.01295471993325,33220.87223248733,0.8588531446249478,914.2871379303272,94.58229006380743,10.123669762790518,7871.954895243024,8546.862944457525,2126328.1805753126,19.63113272449982,20.162800109053993,11.047655283700635,15941.03160041353,7.0968649946758955,10.496522430572307,7746.111931755207,3929.1566137011328,380.96030222905466,5.621622637777816,0.001,1.9963913229018393,26.31913655667674,24.688505200093893,3801.908342317626,445.1837458419866,221475.1771234204,7.138399350312147,1.4958916427932754,19.43149683297722,4.283725534991802,88.82916497442497,166.87071205711638,14355.0590646403,5.889725101364895,12.356230870439557,45.12796035064214,57.25253631786151,4815.692652504233,1565789.163619531,2.9378687102004317,1.6525799338716916,939.8639346127406,0.011804297254048508,0.015870732059708167,1.3278099585631749
2,0.0007922645978368091,0.07007472669648018,28253.177081422757,0.010569793160807204,5.319544531312661,106.61053049179921,17.025839552114416,0.7622205054987651,18.041927086752196,1524.6212632637212,11.848019805685439,2114.1873411030797,0.03283960291643733,0.08687291163081455,0.014211102691382727,30.521200550037825,81.61254913682285,6735.337562959336,25.219649124861935,4057.9608988219443,0.03462903858703863,78.85706011649057,6.121814729103183,72.73166627886042,9554.702050109736,543.7943008446587,2451.951753004803,0.03406580048460785,0.08099639371465793,68.82306341408645,0.010646691593913085,2225.0833022072957,8436.445564895794,48675.77468216729,0.2922334485004202,3126.8513967671665,0.7740348214128769,746.568271423277,777.1949095016461,352888.8592485905,0.17722854316432307,0.569860026378393,26.699656707336395,0.0025451762807721452,288.53642710790837,43.39485662748562,7947.729043173485,3218974.131326109,1.5746997385802424,36.288659482631445,0.01010603492193344,8.905456680519828,5965.9096239259825,250.40647313705935,1059.084494432202,5156.3522065393145,0.14503713430790058,39.87648545735054,0.42396098562240503,1.0317279736632339,1.027729477036737,0.12734082069345443,121443.69716444466,7.096560950303769,0.27039728169469773,0.28472696819135723,8031.915846152715,0.8872033285236192,8443.389310897837,184.2223435919652,8832.77793331777,360.0,4.22350393191163,0.001,0.8241634621082573,5.994004405781046,22.614672415907076,155.7244436425129,3735.1386070088793,2554224.329111334,7.039305685648454,15.976795848182766,4.204636163117847,2.50191859079371,1.1762720100160298,16.196209647699238,39831.459159755796,0.04239624378010823,0.0010752770718960446,14.235441038907952,4.053997528337974,0.01,175346.75564521222,0.14926916549978048,2.1318074353553764,349.11886320754525,66.06874571859696,0.013658689379320722,1.1936413123874747
3,0.00020945413616202006,0.0012120954386979881,2078291.0009518154,71.25750258679987,19.506679693245463,105.1968914644856,6.993157015075774,9.638555652382328,11.558566497094642,5981.080058269294,37.92083810047084,3351.5388476419453,0.09726279310051733,0.2479998761978581,14.20423248728239,82.97363595542835,26.630511550636626,737.1746641197917,0.262182249891036,1357.849735947825,0.07005776306703847,73.56167712355139,34.02990057501868,99.82849363675345,6853.403409113239,8.383399700462618,3905.461307374689,0.0823152346569313,0.01,67.46312580495974,0.06271758140648595,4275.480523232296,1943.6425028005622,1090.240476264249,0.33740603994756535,1.1177358253132141,1936.084187761301,249.51009796825142,969.1537184960745,1492797.6088386471,3.9215975477869347,2.1557469053745093,94.8307490477958,83.77985643147593,2269.3186151246928,2.491736177186633,48.96849311361865,2559937.6390408734,17.420694873614377,0.7868501657061071,0.01301896065677201,2.6652831416900344,10.230799504929362,83.89950902743749,301.89496025203624,3554087.559986538,0.02757103733607284,0.0010000029354128486,0.010050335323651323,5721.344409768165,0.01,144.6152123126746,428696.9226300571,33.51907838672265,2.3354402213507868,33.4079210574036,6415.78160015722,4.6481081809052816,9605.554885854744,252.38571209273607,25.38185804061871,41248.03478682231,97.16740154349729,0.001,4.149570204583534,0.2120154101868054,18.414117785609683,882.4768621347617,6861.555612255566,1791211.7143218997,14.879761961267754,1.2631193038380786,6.041745110479811,2.50650984613684,22.395161548386028,182.91742268406855,87067.81745213768,0.010429892586335985,0.09256327299066475,2.3060869785694798,1.347860425593796,8143.382634288089,3224895.563792954,0.11488019413182889,0.09311688197282984,1.208827137097606,98.3356785324514,1574.1529210025753,0.8124571737285591
4,1e-06,0.005075942223111056,22353.407647721262,4.012161577817808,8.580101367143206,105.04324414265382,41.426217192737504,0.16005403372797566,4028.577617258299,208.6584487947286,37.76394189040853,4059.620680651191,0.04713584037358727,0.08612168615072122,6.112896031206805,38.67763321871629,33.46212536649872,9998.537703148346,1523.7161654856318,1374.2788651940803,0.09746068612899739,45.918080559473594,10.436617003485402,46.99570263399076,0.5527731550389025,4790.766784956064,1357.921557452772,0.032622726973781414,30.654338570630394,50.12325258468296,1.2827906519045806,2.7167434769189076,0.07250049615684359,2922042.956202641,0.32769450341912876,5870.318827368244,7053.129735913686,949.9070372237547,983.0320198480224,1516904.0095021594,0.025306811269551744,15.946163172368614,20.88539903344746,0.0025409425453110568,63.503382313611255,9515.732915990771,105.49911598919823,973756.966165307,0.010038041999487803,1.7006145495494964,0.011046094587848542,0.010003768978475713,14.570257463406376,0.01,21.50814986257557,507.6819624192641,0.9326677113566084,46.80606224971004,0.3991808815747666,0.7901540772062331,58.73210932946612,0.8818499729680581,2013755.6495229064,3.3555591771057904,0.26044567970560134,0.13581160032958775,17944.446708679458,0.024793808555516505,339.0944464888308,99.37132485380721,30.436862682685096,2602300.2506353906,58.153989329745755,0.01786622786533097,30.485278998551298,99.99419616369661,0.011545865838447278,1048.2062934327505,8.299977706844501,36751.49850199556,0.010007055871971256,0.011612990903636485,12.935110761368906,2.50938038981313,0.010511263331290436,8.740522008344861,3574978.780991879,84.87446425906919,153.9228650021041,5.420254084043689,0.1481450263760056,53.95020537872735,194369.84457613435,0.010329767335683339,0.09982695547731227,1.2754583422411179,5.327706692394645,100.03322796504798,1.1002002395459218
5,2.7819772403960825e-05,0.09809403209742559,522306.52424258605,2.3042910083888275,72.66399084254532,282.019250128345,5.613989058592564,14.67667640931544,7021.0918299159,89.16941706487158,2.585515609810078,3984.8368027571337,0.07054806815235663,0.20797590755351986,22.710845789017228,55.120655221288004,0.09501073266210554,93.8591620547537,882.740034051966,2301.7267429872018,0.03487924421423894,89.40706878228774,18.569959176822998,1.118399809619912,5657.497088845152,0.010196546554091059,3282.9373829308524,0.046410738838052155,0.013957207889757062,89.9899245007892,9.775524020886051,656.338818628457,876.0551862414405,662933.3250125413,14.755319531250107,2351.2240388262085,746.2938020279878,1000.0,912.1481455810093,2217765.8514344967,3.186341092801304,0.7936093712703889,70.41032076740345,192.93159028062234,50.09513997646554,7915.2119253709,2727.6154992147426,18626.56131914418,0.029374270475385315,46.33003992937844,0.011606430073115294,5.941281885775273,5542.374049582558,1272.8670695839376,0.426192691095451,151795.29351072974,1.4850526902821635,0.0014864647659735863,88.99412195172269,8159.2470721956415,453.58050962715254,893.4422191901308,345253.3222721843,29.38435992145051,1.487575620426236,1.3720349824158287,15397.813485280596,2.6422144215131773,1810.811115055355,135.4823865413229,8632.829567129083,688746.7760966806,95.13427154906002,0.023941705870046362,8.861413559676123,12.605643875637169,1.11347709598398,9992.4320912447,341.00454989482165,2994983.5484640477,22.757509958649187,1.3076640201243193,43.41460756317677,2.562795597604003,0.30194410386832043,2523.9148918673254,63686.26588498916,0.7290687420306066,368.8586937741385,95.09879395671267,0.5594672048408607,1232.2349216444225,853351.4315490571,0.23423134747192023,5.619421291843662,1.0177693219945954,87.15452509189053,743.7749328518852,0.9026973197353113
6,2.0425199828749514e-05,0.0020424119597941674,100864.02635850904,25.39741543711239,82.50484825722621,314.95534154860616,99.20829231699516,5.030585363857854,6242.243038611625,3443.4020549309016,45.625861202322895,3998.3262958621413,0.09677845663611946,0.2532109455216883,13.513802936657235,89.97493837525235,48.05068361282995,877.7639723724333,77.42674194247012,1427.4158172413229,0.07087488561255273,74.7533680983975,0.053413287837145045,99.64144124217154,20.628904757945328,0.012504615497240178,4012.427520674088,0.049381420217234205,0.010008923458792127,60.67463455198258,11.719047400689158,6307.903992491183,2938.597158110179,1169055.3449503956,44.678126475982246,3.0923077675445922,562.1352596958931,998.6270286021621,802.4065723722879,1879642.2982050984,13.167542000929314,8.041294961792927,2.464852710878963,0.00637217372375557,4344.630021330525,10.340518132730402,5.094720247193652,3572443.614540845,9.452245023728453,11.84949941070595,0.01102200043790711,45.32008818564202,18.61343661568805,4.253100174287559,1559.8912370930752,103448.7676210405,0.43375854686558996,0.002788115458352034,0.010072892014714362,5445.060780093736,9304.806707716216,0.1518152789046383,355528.39422487264,10.865921553888219,4.136946446148735,2.6885282263743044,17994.914512021674,99.87830476922163,5.078237056657178,194.56047142463947,12.530067673113722,484.4069210155505,3.4604022498218696,200.65359462312472,0.24273884012162414,19.833025010229296,153.14925389942584,898.495106097733,419.787730421886,149899.96308175335,0.10300474677095896,10.602775245079751,10.19866601956676,7.316323958663944,83.16124472861736,991.962973520478,1924.9434553477479,98.86189178025055,700.9059411277144,0.01042514173868416,49.245467286548624,6938.8233777610985,309837.0865275502,0.043982141315271325,3.443943313113473,1.2944763080941306,3.497440079808822,549.3129880212869,0.9383037184883536
7,0.0005037254626286166,1.7950318829990125e-05,299824.8359671544,23.050176147072552,0.013668184919318663,230.89792693796795,0.01,100.0,2298.547544000051,412.38363767115527,606.1377164116694,4056.2873346052884,0.0947636267711414,0.08791427292541597,0.21742021648056703,34.34862585904042,0.01489000528934402,2733.369654237293,777.1734195508017,4056.13049603186,0.03478536870451603,88.05940433303418,0.033446368101677844,7.503210328682686,9396.203852300923,207.30691616475536,1353.6,0.0975,96.77694916094623,35.73345339691096,1.7919221337242481,205.95339009212537,1043.4833312586118,3377355.1953318478,3.4281094034408213,5802.882693234013,515.9786728896663,2.54121559919925,176.80998816368216,866718.047613868,12.020595474824237,5.472548748114248,99.50548523253718,325.1304074419638,79.49617986811184,1.0865080684350668,9954.930741428872,10934.589855605716,1.0980763089357328,7.465683139933235,0.01686209763770643,99.98351786375108,2.4663107420930954,631.8153544202623,23.53250517054523,48953.15426072752,0.17454410132614287,0.001000502413494556,16.404992909642992,8533.42990071918,2589.2828969329553,1117.715446368354,391193.17075476085,11.094418372048123,2.332009612386652,74.83734565697445,14891.611859284005,0.3559020250692799,9.92689162349792,1568.7469420883053,558.7374057905694,54509.61703312676,0.01,560.2795719469482,12.428043532833172,12.849695317002022,333.3800501803172,1533.4872620197182,0.2867997896338981,3184299.65211532,0.16769303160413354,1.8189668307206075,0.10161893055641759,2.500127567315079,99.06223726156807,39.748374957974185,16455.4116921529,0.010274230612962329,0.05579788467519397,100.0,0.5973455445241623,28.032990252401788,3171164.0666450285,0.02351063834113351,0.029116208494032764,1.2953742092217095,99.41296548059103,605.3110162144618,0.9520379057006365
8,0.023759919856258204,0.000199078573803856,16082.64833936687,3.3376606826730373,33.25785260183061,137.01727471579213,65.02234456688609,27.69590402242885,949.7949751906324,431.6576090909097,133.27422433263487,4060.799700364804,0.03253535521205258,0.24687001803603162,0.6258540744932599,30.0,2.1112930219887662,4444.210908812422,5433.869908642492,3963.068415908446,0.09365977359972565,31.668777274547253,69.55514955949104,44.540838285658204,0.11429784250992016,1535.6335185908317,4060.7826257509905,0.06693332556828392,0.010002519498019303,73.25993650460322,35.25967317785186,7831.165982486958,481.6298082817596,3600000.0,0.01,1852.0521938083007,0.8584950655794896,171.18824333790587,484.03264986641506,135801.8676172551,2.4432368933608637,0.14587763225793454,99.74218051226036,418.754502787264,32.9467220795469,163.6764708860419,208.63720743841512,48516.25042465035,0.9986978581477958,97.15748703158836,0.010704981922829886,4.207742979558132,7603.495927588674,293.3315418418857,4715.36408361004,2192348.762079861,8.714175144903574,0.0010000019388664689,30.650036486069776,285.0869821726333,2363.411376414278,9875.981620989314,3600000.0,41.48336776562653,19.580781139454892,49.70019235681325,7901.9776213553105,3.139627573293446,10.987882192712187,354.27607178758103,9979.910525248359,1680.6246119127218,0.01,828.5896921718935,28.34511968000358,0.07444854570075472,9985.834113945526,108.33263392886673,1691.6721872448447,269033.14227981906,5.539743338054555,18.845779816001038,46.91143012804437,5.643296682995138,2.351579037548452,10000.0,845222.4582892742,63.240474499275706,0.01970965269853493,24.454895559463182,44.53381981025232,0.5055568391941334,2963222.6754239467,0.028250679290123197,45.541162799502715,3.367176237882407,67.70905133928711,578.7127131183706,1.403750816444036
9,0.0010429978657104557,0.35186227019714506,90550.67511819045,7.187320961571993,99.9813521966727,138.86030770190453,6.776254589866437,1.6118916775631815,509.40497837055267,9654.318926678872,9968.989194666034,3905.4116032050742,0.03250378548560972,0.2133884751715619,56.91742751676359,66.78188829788866,63.855857975595406,7857.860305881187,420.17403887144883,4057.457696771716,0.09281544060795044,30.2175900579655,27.91723246055335,99.7898991433048,2902.5191487482484,519.8298244491278,4052.7364729181727,0.03250419798112087,0.010876051672941879,61.18224127291618,6.221789961226803,9947.933309481194,324.19730741449825,424992.49158322904,9.311348310347292,226.26190901746475,340.07381749659936,998.13742061698,642.4667199490965,165425.8656753705,29.738663016012183,1.5685041533827415,93.72708586903019,11.320923562700239,9989.048386876146,550.5932874106136,90.9599496174379,31147.678601240656,9.05822007905186,99.99244531657509,28.48083010710904,2.4376643877414037,3.5081932489913252,4191.394931318215,604.9193464093354,3595134.539270504,99.98967146241122,0.004424024016065283,5.512935840415751,8022.952013701528,185.76742532160745,613.7583616884802,3369637.5014099716,5.448242024724037,12.13239460616877,32.89157313521169,15220.78100065018,0.31882619508788507,45.69140302479394,27.67040127560671,26.551341664405356,1289549.1969275558,53.338838651086455,0.011616620119705158,96.9881124014648,87.15609304803007,1.3897484572785304,1294.8988922957924,953.2094437356188,183866.3790493764,1.47409536500086,0.321584061622323,99.99126723705524,2.5064762903622215,8.337317273327358,1278.30555291936,2978678.209652917,50.886432756000325,17.785275444352514,9.324848507888843,3.3207227652988327,2577.9911174343506,2202147.905531014,0.29428442882572914,13.92439097547068,1.419129726899177,16.54062347862551,1325.9486790892095,0.9672215571001407
10,1.7890084575410259,0.0455474216817722,8957.561671334392,0.27864596709793726,0.010472828041118501,132.6651220904111,0.012397097112436665,51.03496362095155,67.00737787657185,971.4859899700136,2789.573288455769,4060.4022309734205,0.08376502877564018,0.2290799533248525,0.011164716560853077,73.79122164977471,61.282357506296194,39.01505438845825,69.97349577083267,3766.3179278435955,0.054201664910135665,30.09545042695071,23.799873376462987,40.25625121341476,535.9628538276527,188.86158184302928,1353.6,0.07589857079381507,0.2537735122274844,72.82946938939776,38.59124260811662,4496.025500850852,22.1770269997684,2871.670058410087,0.01,1726.1177663613837,4.27775332026352,525.3916538066775,168.64054349343024,547752.8239925217,0.27302063663265974,1.333181835902654,8.140255108332349,591.0811742947129,736.7998690484643,15.510069652614927,211.1405006310529,110420.96517078781,0.010755464437741856,35.125479721216536,0.012046737890243252,47.15946050643066,887.6680947826155,46.99791491848128,51.99249766008856,1346580.7052232644,1.5444994793344446,0.001,0.24192063837527664,709.2237682889478,928.4190347961638,1032.5219917991558,226924.2610737064,0.012496191509627035,2.528592215989983,1.5278352801276818,7939.3499906533,99.99999982688887,8441.452559122605,190.95804918666573,20.456635360238685,1272998.1479737107,21.997672510745886,0.003480948337972229,9.944322405537013,51.525503040274735,928.933942003741,0.01,1694.704722443699,511422.72729856335,0.01128322523215404,0.7577940795894956,0.9686089129388595,2.5076757038944724,0.020476989540787426,21.952897022799416,2948413.011099341,5.964199005449432,0.07426990725048299,69.80089355956423,5.42124639378627,3826.357470261384,3409359.8908968195,11.8289241353925,0.21221478751821293,1.0372288256219553,4.979214732056593,66.14249352658891,1.19590641592671
11,1.0100353018888854e-05,0.10138303187066726,425338.4939838101,0.010109097600771357,2.8247564809895547,267.32614390304667,6.108058555551531,4.93023811970693,3895.079798600123,0.01,51.20018174714025,4055.8198594105647,0.06483082240164945,0.08666070585657257,3.3518778121947186,48.67471368422896,0.010363421256161558,9940.45083525669,1094.53247153022,4043.054275485127,0.05061967502089995,89.92932173358732,31.450041771259848,2.4648461919487166,9074.05372289693,24.143379938611595,4060.778392198684,0.09386471879610513,1.4967432742747588,30.654080844072563,13.274284793171427,92.75732259110468,148.59326022903937,16066.25404574503,7.140577314094875,218.31071836888225,5124.151955496595,950.6022358488422,523.9045929623118,873544.9571755022,0.7956750638346287,35.383416354592214,0.1546998653363344,0.001,79.87687851642279,357.31843100567716,1719.7226211821821,3500039.81720546,12.710501603664277,15.590356963296731,0.009925963146897745,29.9699699804653,9518.991765867002,337.04271845387495,94.0768530801253,30253.932292135705,6.9089342915708105,0.05759190415413665,8.453051044146788,48.522093102044494,87.11770905696947,198.6936879153909,594681.4054352007,6.756267419471411,2.068015981271908,0.8904085459258159,8920.683623511457,2.3700833994933594,258.2525292767365,1805.3359211019326,29.75841765107362,2619612.5542787574,42.615052201038736,0.0038534918217524253,82.79949137967728,8.008818696280157,12.850416207497778,180.64586288800237,0.01,281309.0427900625,38.14186105316418,0.01144950181104431,0.8488031170145355,3.9527684525406896,87.4736535442191,17.065187252759785,2664787.831042767,18.845408373684965,0.4123528795672456,0.16894016649988536,76.91703049662745,9157.662868872354,3573369.081302872,0.8045774381684588,17.715290505575325,6.729310754235127,0.01853467515503273,1364.1791831088367,1.3143450869517925
12,0.0004630574387222432,0.6716374908026699,239002.12482226273,58.94294996527656,44.67198745666175,107.73794560084478,71.40246864748879,20.348492088707367,970.5369678894624,634.519334441775,504.46799463556727,4060.1481450070137,0.08859972651148809,0.15091727139274472,92.6482654521135,30.09352277433958,7.407855389421305,2929.435122826578,225.18137093010927,1793.485812267522,0.09526481654138812,73.00964146682337,0.7643662329187605,57.435012495540924,0.8780873620822871,15.26889848001215,4054.399517472407,0.04038050303980906,0.11808602206651661,86.8666824524235,76.2046766447866,3111.3234814627313,2544.7557912910743,682.4512633308423,92.17945862508618,0.010052448110239635,901.1248608190807,13.29129971703729,232.31324866120988,63635.64325133526,0.15769098901729692,20.85743406750325,1.2132883672478338,0.0029277938633549975,254.74799110640774,1636.5676882422024,157.92278620630262,931265.5459980973,3.361934552411691,0.41131371903154057,680.4070483851986,98.6901413198483,9992.759489204616,1769.982144427544,0.01382521535693916,143936.31622196705,8.693422100991649,291.7618106102245,10.576426309369863,96.03831808662079,67.50330062157357,218.00445204030964,894666.2597718509,26.193134171491092,0.9238381672354619,2.7804445103774245,15809.506065364141,0.45301489946891693,5.419483988235753,366.3143826062976,8829.167722416727,3242716.5491740704,0.046805472124150184,0.04849102819904274,7.20181650460307,22.532848497949246,985.018113563376,1975.6165282143766,950.699799292013,8082.763602590751,5.083685084737833,97.41360667753887,3.4808782550787254,2.517109280643171,0.027835990802387803,0.7933684375184421,206028.73825189978,20.674619966535598,0.1346816761997862,13.902335151958356,4.555662585359005,1.806784125419018,56644.18314509711,11.924947767495102,1.120922952594962,22.011611685875184,0.2586559644837068,6366.955827842813,1.2756055448230879
13,0.0004566934399219337,0.14708635778596385,399476.81208727247,8.064372452001416,27.46251410581018,136.1807818699808,0.9133392139912668,0.011314120795312969,1087.6214652307367,10.198795124635117,1002.9718300901254,4060.018778112708,0.06739764682052654,0.19330769289939165,99.90376295716884,81.91118345158483,64.79835730985002,3703.7468217949495,897.0008833597882,1354.0199040594518,0.039608824179269794,80.0878964706905,0.18366643022565177,5.706981746175488,1030.3660835172457,8475.2224337024,3688.76888530756,0.08704752196959128,0.052019294706217564,30.05377016961226,17.331827256498283,7163.9565440016895,2130.1101114123717,3076250.6465672017,8.6690904058849,0.01,42.55346008944011,798.6641216185183,35.84709227646917,3563367.829540406,1.7445989791364378,0.010215069150782796,99.60437748574671,318.1763233266947,10.791638932600982,1319.868307092793,478.5368536534134,86195.78023109688,0.010274974391968323,0.46870729806162803,0.011518160232792238,10.6406386874884,9656.330476940058,25.30487279407826,26.950945378939746,1963288.9428227781,0.8346814071502721,0.0028507172901015175,0.01,2942.732224080082,33.24909107392209,737.8972864000503,1169494.5235036365,9.760747203042493,5.948084084757347,4.037266541940724,11088.634040889583,1.632162158627421,6.629311115620408,115.99201533369948,50.71908959505809,908916.3798122351,30.26650651411688,0.0018913548305099226,98.9047833444537,0.4363430764482162,0.010022320907700354,1497.6874137540963,192.51097258240495,649998.2244071909,0.04278169704647412,0.9091227619659209,8.709678483984442,2.5004471514723274,14.283321153496429,0.6911356690853538,54267.84097374351,18.255167954809863,356.28385795657215,5.997889711658494,0.04249232927507639,1701.0686632661018,5758.0017588117735,12.438811769063895,7.7000061627945975,784.6419716571653,92.12506778761876,7188.810375855664,1.1878624585436361
14,0.0006744926239336875,8.851712552579647e-05,103670.54952991505,82.54037312129113,16.666145036426414,303.65073997752586,84.58781586948464,3.117940270283201,3875.1095395975467,1408.243315978977,2261.7761415697,4060.6622724059225,0.09143063286836584,0.15949261474551318,89.26411384229242,30.086453280906,8.123747243137206,9993.665452526562,1747.9031338415703,1403.312666212326,0.08658253125775703,81.84536411459564,0.6226207576219128,0.23203725214723117,0.017823394730018524,12.500186360254302,1798.2454881650283,0.05635078273110915,16.285457972337607,86.02425462111044,13.208189047279422,4.103318930599464,9942.947049866796,1333160.2511728627,4.776771578972285,0.01,0.01,17.17999971555951,530.0636592790413,1047645.9903668594,26.027897914362782,39.58780563277251,26.827348503333095,48.157978721906815,4.429847516780609,2.973569342411589,361.33225848865106,308009.6831272167,1.2337659255340307,39.78463791687996,0.01003701941395012,94.19403798436056,2468.7211588824002,295.74300942781184,4869.462411959912,110385.55719528592,0.0673755060827949,232.20525998836916,0.06579746221540597,2.1360808623606857,0.09944417124279538,475.31211014099654,3596536.378212118,76.92940298585657,20.564491673959658,3.621137333184863,16488.733431661854,6.060901563221625,1.957284838251581,1433.9317161890076,294.4314737007088,168510.33263733244,15.698116699163814,80.79777569366902,0.0778903609456962,2.069800411949461,3021.759725918843,8532.291813325179,7.1516745840403,233786.9860945449,2.8729513567283167,0.14007383953724653,0.8307288827870136,5.549600654324416,0.11155602600924945,3.4751887165542934,1494947.18993312,11.799971560216406,0.030297965380517246,0.7583017126827445,77.2187429615347,0.16228137347993826,50250.717485560104,19.599794444069033,15.535820685053237,7.7552954602655975,100.0,5678.6252271403555,1.3947254816284813
15,0.02611721365271034,6.790236710440129,1473907.7302810582,1.6501171183669097,96.56022678207371,299.6953130371588,0.5969015133799614,12.013544043728755,222.94058961670237,94.17727338197588,686.3386918037062,4059.689396821736,0.05214955337641428,0.08609365468116918,30.756656532104515,86.38585674248928,3.6285778093363272,1920.6686618039228,15.290067255615995,2207.5428534813645,0.055745507911877275,52.313436423286355,0.14519172789892085,79.38990272639973,18.239734380520517,0.07418161139016878,1353.6174619881726,0.041014622448770716,98.80064566580586,30.00687401023003,66.65310501292146,3597.423752530604,0.4880068564270085,754.944381643098,3.141657772407873,389.10984462831067,0.010010986291427123,106.20564465427542,797.0542889581242,975308.5021671802,0.20924231976314042,1.3614469537921923,50.52496542089498,0.005668027689765754,3370.7691585465845,7380.358911257968,63.36465657068573,252833.83952044838,0.5510029473421083,0.028081758904415333,0.010182380764765776,0.010299194764863587,5281.676077376052,1081.3371753520016,1.2541927527522758,983480.8184365293,20.256239302840033,0.001,22.27204992686592,677.4950423662983,489.105206100842,76.38318653193227,1623851.8833840021,8.72115961450712,17.554103180135616,3.213075107684488,6000.000004280922,6.621116292144674,1520.520591584504,932.930839577828,1275.1852827630123,3220876.9972074595,18.992318856255572,0.0010000272168479245,0.09519597975218289,11.224713161704024,12.388462852925024,0.1039915876211665,6757.439418767632,1071636.2158299533,0.10245123232874355,22.164244738638647,42.85519596404938,2.503399054554363,0.12362840306246617,12.30220771562626,620343.1694449786,34.860093568084224,69.28789916559293,54.3853275738013,0.15387919907879005,831.8766633619638,198895.72199644268,99.9693420890609,2.3343756153681086,0.34817708391178903,62.68831233330421,1604.8309100205172,1.2136050457537317
16,1.5748311144107692,0.0041154499282557155,646729.0007731179,6.453160544860557,44.58718146389294,310.84598638516627,4.814672240826356,26.807587062519037,112.70295021327884,24.51114171283904,63.79453588655027,4052.387768609691,0.0325008958647697,0.08711857582361521,0.11037864030807326,64.71774654193891,20.690790643651816,4781.373176904299,127.25779612338987,4049.68358898869,0.09735970157846555,67.54097364699423,8.202185040333946,10.279377369373327,2524.456596962382,176.68477699236323,3463.6387469678843,0.05003145672376685,14.645057240353168,30.18084240518274,2.81818286186075,29.201768440957807,2.3418412471895773,31496.050504806426,4.207207319866348,85.19544421687226,17.595058178985507,118.22323460475134,956.965381853184,3234174.8177396245,7.794566106805851,0.23517705864466665,80.29123799511379,80.19580677852409,152.5400786777827,876.9297370869374,12.448287852444002,11163.624348081477,0.12305443497897554,2.1276877216701875,0.0140700072709402,10.245139068759887,29.03934336474034,407.0622906075822,2124.3347958709064,41196.85786563166,49.29901224805305,0.001,0.017637624042102274,96.25053172853418,181.67581506622156,1554.8333531551893,3225315.2539755753,3.7216696111374263,45.97370698407917,67.15902347052818,10930.347134274409,1.610117420675533,2392.9933673684536,1231.6657213954852,73.42149583221168,138344.33164054062,19.96412325602589,0.0010009051418374613,9.981636663510763,8.22331789914053,13.730090891853994,389.9676263967807,29.48583899394307,404269.468191325,2.27693068234572,0.9341104353939913,0.3051548013241639,5.908436775269821,0.9422330165821148,360.1489153853329,285497.5419376662,0.3556198969187865,0.07584267442258345,1.3851871782990917,51.58522696563685,2132.2602289825204,3382203.6915025,2.1227675713057987,0.06942685437763793,1.336985448112955,10.742864024661133,30.046884330154764,0.9727134665347181
17,1.2382039236181653e-06,1.2852885319553884e-06,14516.291029760925,0.43190128244719295,36.11072520637486,312.99843616620814,95.42949497075399,15.380863208039933,9993.176812522091,7922.255390394255,59.08389048337636,4060.236408501664,0.06827935873273101,0.08632399212048297,0.15534911543001428,39.96203357943749,11.458107344795184,9919.976478972085,2226.500625104676,4060.458985111294,0.04885362184117944,86.75343625043979,86.1178431577825,1.166907748639563,2841.1859561861957,483.48135176711367,1356.8450073434624,0.09737762061579387,19.33142543788178,69.90916116770536,0.31524249900931545,34.53073724537171,8446.413757232584,3599979.489644,2.8297629825924866,976.9761079961228,0.010985963023350417,0.0,0.045555447890150126,616523.0480895799,0.12237236936783379,7.160749111870353,6.281296883951248,0.0030201532002149803,382.5598898295137,2774.888305005246,0.4021584897557192,5974.883447528119,0.02526374514759235,0.011170313347936748,0.015811792691062213,2.754866630739163,6.064847165211725,120.68447137312799,1.3571596893693458,4112.869659531805,0.6304676091460246,37.706660441773835,0.18040141752760352,67.14285416678175,4934.934619970257,2.948748934096468,855894.5315506547,11.418838579226623,8.592970461886319,8.859784848872506,17766.246052196497,18.033279039829186,3.3360567629066775,359.3572494247401,2150.743670153222,9372.664460902964,9.361244555099276,9.435477498806268,0.2680621233856387,0.10313207383979144,4432.465312722585,0.3421982208931958,46.44772581165099,3333665.982085828,2.2323270780712656,17.7722127661795,0.7262440123903134,2.518098315596253,3.8304409070359093,11.785778768767102,3583047.99934438,3.6046837986537086,0.06159803509957319,76.51802713243974,99.72200729192151,704.4496240170025,46062.99167236341,11.34671710319046,0.712057705909912,1.2428160668367485,94.3698472821106,74.43351286699934,0.8630560867233249
18,0.05087113474672325,4.2255360339847636e-05,185868.64919961072,39.40774897911642,98.43190544473576,111.84357406669048,68.02828789126507,58.49969208557197,5368.530664195631,314.89330125033723,713.998282026384,2644.2007316160652,0.03255560378994523,0.25751607938246884,99.93569705554687,89.74605487749406,83.34074436088471,31.77451828123371,254.45993651660623,2118.3757665341127,0.06056124651147045,89.07626303065318,0.010073413748839483,16.804068263231446,230.42368295967427,1959.3909410839046,3707.547398506188,0.06023865755847941,0.01,45.953007681456995,99.48654071361737,9197.275386183059,1976.4914992511508,63279.20923002477,0.010110932259255566,1142.1474313227789,9.338748028752107,557.695408332648,964.4323713295805,402991.48971050687,14.306191269159928,0.01,98.3355116041328,781.6442224090011,340.5880151885021,4110.944309156821,7125.893890436508,19161.710494353105,0.33549656696470587,0.09138234807946802,852.3530251563127,24.9836374356513,8.646791908447126,332.3900069363711,0.025118595725182206,107115.13224524113,1.2578468095950006,0.0030193092348030945,0.010283680501176421,970.646203512037,9953.193149548626,1248.6624260393185,49723.68616116018,0.29253179176661154,0.596672856536937,5.3506201563122096,13077.938579625607,0.010019651587206012,8433.371062077023,6578.356824897764,3.725589744774421,193091.3244968837,19.70306263806735,2.8449399520769685,14.049003873767544,0.09628905799298572,38.55377010287641,188.77702978336234,59.53649529405242,24460.990964084744,0.02317663746730144,5.824448843412126,2.296545470966132,2.628679957187111,0.014633091717656756,179.47528839998498,295207.39513265586,0.0475466470834065,0.06692718741803926,26.65655908465844,3.473371889776493,3318.015734186697,2599159.587992961,9.955146524332687,0.2029858954945867,1.4240704349198419,56.109778061467544,34.520465380815565,1.044031636165758
19,0.001958011032121595,0.529629204720479,59531.12031383873,91.99523697151328,3.8856172353197476,242.55643318359785,99.25402259900693,12.593422124038826,179.4717666359258,4901.773104316986,3880.0490912829564,4059.940859982693,0.037770027173536204,0.08822631595854331,0.4974696478903422,87.80745705418568,100.0,1241.030079971678,9746.711540499706,4041.8741110396063,0.03268324705552063,30.546819991072873,69.29872596022152,79.3998044086306,9269.800124113372,875.8712374348582,4006.5431883035226,0.09436487442835566,0.0496754163025866,86.42410624322862,7.575432152492651,621.8785970371384,9866.161611259431,3571830.575860823,65.70977496915215,105.8630614938498,215.2303287472536,999.2245920463266,449.3957950303598,1112049.3388918643,15.969871144101216,16.005148278173333,0.011184398069014504,0.003376462725511068,9330.091182785227,579.6623983617189,3940.1112308577813,8648.5695042521,1.504298601713271,46.74841859423018,0.02417399915177642,1.3184329798785457,3.7308505046573175,303.21709765440505,1405.2513216842256,16106.600095137675,22.04457996407909,0.0010005017436406128,88.92324195641577,46.49865975986005,306.94501442187453,2.6007727889467906,345189.4999426712,12.369013627067345,4.186812536854843,8.432736858132785,17905.394023512774,1.3146809553436025,9352.193345226371,49.87116564020328,1092.4024432855824,462027.18320535304,29.93033933611472,0.0010022716557565468,15.416999465913516,7.600024461647213,27.19721011431464,0.01,8407.405220845149,3599670.5167570347,3.521087899699464,88.94463676508104,20.565074534432235,2.505330256939361,44.628485888455344,15.081586365459243,17378.96051403784,3.715632725395865,783.3138917958306,9.582789007696267,10.847576681726995,2033.636184051818,3599928.1093119234,0.038245196707651224,82.02907102366781,0.8902682306722207,11.60379255939799,5.899683982219178,0.9464901427687238
20,1.6661019507646286,4.0046391188646036,136717.6645740282,5.80140129077802,0.6456912777497691,205.44147437379223,39.2320681420205,67.14112574054568,6.586485023637992,135.63227277479868,8.863172828410756,3332.653762807547,0.06371375040659832,0.19459301427262002,3.515193040870943,55.66395072210682,26.151133573795043,100.07399160580475,31.198465203333654,3451.166642101919,0.03342148047109818,89.25221929357762,0.9885248278670348,56.32758849924734,0.8035772613591728,2088.6632985876263,3962.92632879871,0.032642304174081836,0.011094531102293236,66.68961771943334,0.09098905848824884,3400.698447853946,741.3549718858951,27010.182922440174,0.010980709418499738,7.374202074593167,56.20869939174901,11.474690255965431,572.8406271675058,118039.35200872333,0.14623378699771653,0.01339591301201441,91.41545020005124,341.825911024371,1321.8108277334597,8223.170513995154,67.30929345150786,3372496.764740551,0.6416618935584152,0.21404811641468124,0.014112040853333806,4.703552060613722,84.4482908354532,323.4681949098258,5572.900593131297,1375016.3695169012,4.59504464434475,0.0010000002551455586,0.3712636275783757,12.223451251474023,0.015567412848038932,8227.343788315544,191451.76420740315,3.242689065852814,1.291655345641361,11.215169272472549,15296.239197901561,2.6159081900902175,1088.040827933039,541.1735773908432,12.05423662045303,44547.64924738561,40.2184658869028,0.001026109680095107,81.18730887428369,56.06290237852724,15.50527354541375,3038.493514610095,5840.992453597535,741142.8602286305,5.283746450401251,0.7335572606410838,0.7232040705538381,7.4033998229129345,92.22782299798486,21.666920372664226,72386.20293057736,3.2920981211278426,0.013305748077140238,8.437823327026443,1.0491132838750912,2.4338365037553213,307222.20829057426,0.012928141838771678,7.244446928598191,0.0010223806463323833,0.4399888343183519,0.23498553044799325,0.9633811842978863
21,5.29428105647281e-05,1.8683568369824364e-05,1727136.028343064,0.0828834982066823,0.011509486647129797,307.3141796595113,72.74338988336929,16.61735825770909,540.7969378927462,228.79389199075803,3.78621772248147,4057.7966793085156,0.04639349861815791,0.08600000125534056,31.985390666658216,40.67656916892054,1.2334344509568926,1410.0170252823402,1068.2896219455106,4038.824621458131,0.09743509012384086,30.13615971407235,0.5926363947296853,0.1455959928432359,0.8878504825941743,0.011482522170516311,2289.5638433739846,0.07650107085557449,1.311662307582714,49.652212529896765,0.21849263740977828,9885.279311072993,0.19300780229994596,365.96090923411026,4.015032982749477,0.010558962683387223,2587.121570457469,848.4713996216304,0.28834095175897667,2482379.7335193767,5.389924689083616,0.07923737712079396,56.67621468265525,37.226046297291575,0.44589306607732754,0.8927096396542183,40.43682433886521,362145.3964438302,5.524753082825575,0.01,0.010889264677368884,56.991899008270174,13.374562386389115,45.21917353101398,1.4974345828431084,312835.83084980043,99.47997036680111,0.0020918806385705146,0.39627267377036446,0.01,0.010402855859483726,9949.261307179515,59876.259866805296,6.442056915335102,0.02964328382743429,1.970274987898478,6000.000111377857,0.33361480921833747,1.114249027829095,2848.0590070859544,27.17137369373525,477.2258768473645,0.011806326792235257,0.010180107921570564,0.04543247272421905,0.03435080665697574,0.3054079444303549,0.4001183036122887,1.9744781802011229,2372379.3259534496,9.855925954105164,1.4747227110157963,1.67030106654206,2.5007223830185916,0.3234700025600138,2.1215548493023038,2967.3070817113103,0.033146423530209676,0.06606901302218549,1.7958097217996078,1.9126418679576191,50.88727381366574,12013.760385976395,14.295993762718087,9.585636253493737,596.5748950797364,0.017392687345913354,1.308684281389724,1.2429954320353669
22,1.5800747083174964e-06,0.00042914622430329814,70785.22638332979,0.08917534760724477,7.885530105029732,105.0,0.01686276925983898,50.97821882405943,520.0331445170902,251.28541303755583,24.730998250174668,2833.6293619311164,0.09720809269567003,0.19580779692711855,20.663171241481475,83.88684839045526,7.979342150978293,4097.9683092560135,78.98169339069901,3789.892043391216,0.08695146760891685,56.84757393815369,15.249014832035755,8.250495797432073,41.480305779732,0.06886455244642997,3981.1050741041167,0.0889956725650825,0.01622125033343348,66.93459815319255,27.835618668194666,251.90312051536992,1523.0191728055338,327988.3455845178,2.1216441328237985,13.314227571583032,0.42864967917612706,847.611600573728,117.54698669394014,180782.90640685326,1.5055759797782353,0.010002074802446529,0.07959493866829719,96.72182304961767,50.54564909916862,383.92259867666866,92.73689144652259,3144088.5816695634,6.058645609129988,7.809938334272073,0.01110883209854088,3.1385309447534624,163.20728202633774,15.928613314298927,3.3325285507021456,117056.4158374813,0.012921656627471105,0.0028917190326390096,77.60118370838387,3025.39358321862,175.47618675364498,47.12195609794686,197424.87085624097,0.16102140219241112,0.051110884465918674,0.15109273786942753,6628.777804608493,0.026801115436378874,15.590895440037764,63.62556289686089,2.818944544884494,166230.06519747368,32.63556973523176,0.026957361846767003,8.998318415074841,0.8884988728694503,59.0639694832691,0.01,42.001270930488616,3566498.6267886646,0.11415875967793877,6.1672819392316915,0.28441591077421163,7.066862833628564,0.021243131065216102,270.5909091823227,218590.6046240557,1.0662292486145,0.09318292304664115,0.3739869369926511,0.025505752636902218,12.039888972551196,691816.5112472065,0.44625336159582085,0.028058378611544445,1.7460505578386827,0.16482211340291353,123.2012294544924,0.8715993068843907
23,1.000000000088297e-06,1.0000022178461927e-06,791112.2685663641,0.010019204312830866,35.664571967031826,273.719981228091,12.499955195616943,83.64309983134633,21.837273754736078,0.22690841902089579,14.09068417644935,4060.7999999999997,0.03736362806595666,0.08625239189954141,0.11953265163397117,78.99383327351244,15.337993085503099,3732.6633966445274,226.33357735903365,3910.87160661258,0.042566974710932515,37.48074664455609,22.888742421796206,2.938874836602925,2082.764765394049,177.57065773649015,2033.5538866990928,0.08960926803580824,4.469601098093665,71.40527101197989,70.91884479965954,7077.892116427017,59.33919569137807,1759330.9138004396,3.0991989785857457,0.012145489428548149,3559.4040680215276,0.4032616506897654,990.6666216531548,3595019.7985791313,1.0668759230802916,1.638071232574798,16.044893003452128,0.06181869451768622,58.56783996479362,159.53537986114512,130.24426261925234,28408.983071399198,0.07698099624229417,12.849036406642831,0.013183702289078343,0.01,2617.5362778347385,9.276448829550041,0.012434209448711353,2112917.7952258373,0.02278231839463841,0.001,3.3987774056828584,9783.257171158471,7169.982626644624,281.21222441881855,476616.19393444725,1.095209188340872,4.318461479682737,4.207902299870357,17967.44465190628,0.42871121985800104,5.277980332156284,8123.412351282955,58.210961433833,73936.52950690221,4.631428856257425,0.004098241400285229,0.010024191926214957,0.229917865793681,1.6317651370115573,5892.571634920041,5976.364609977735,2549649.439815949,0.022548096068202527,0.956029137830647,0.5470311380089782,2.541678792529939,3.3985480616391857,46.076588137725835,2960138.068268094,2.965246604385129,0.07519818447163702,6.710017222330848,1.218878923848099,32.697361894806285,3324338.205238064,0.10270614655616388,0.010990275089184572,1.294924848526827,2.472140166667621,33.92586326184199,0.9875806422200372
24,1.2238099352633635e-06,0.2523066868555336,54952.04324866221,16.130752912333854,2.687601744674942,105.0,1.644694909323237,73.0570680990849,425.3852207603386,72.80418522252279,1323.1588970964494,4011.952124320198,0.032785159526453396,0.086,0.11992740857510348,76.41318744576289,7.319396255250702,2325.5897936426536,2283.7890562110006,4055.739947809177,0.06684077849137317,69.35678758287172,26.238907369561563,94.0463186410846,2574.588373505313,6332.320490913175,2552.3570062074623,0.05322691650205437,81.54809564735729,81.56613280376492,39.739449508031505,9.50868748562209,27.124734357934344,360.0,15.882834456252997,1593.4009968138232,0.011665609140073682,995.9715971214688,999.223902946462,425328.83064081107,0.1965225185841793,2.716206772565759,97.60497121058096,16.868426193421552,51.784884375419935,108.65912437714856,796.2095136082328,7266.199129044513,0.010027488107395418,14.019330803207133,0.011528195112840499,39.731655963617975,10.377742274026865,322.5626528967666,80.84096623531444,3595074.885441164,0.0856877339189755,0.0019410000770256743,0.010033088049111785,863.1734225127921,4242.477871510791,6592.743995352757,1789612.9475594724,0.011042015735010067,12.94892064202665,1.4191715152800428,9930.084748385754,8.917772136171765,9.672498711670706,278.69948396579787,5.2435167624877215,15572.087660421788,16.572891789306176,0.001,0.13106513874628384,5.837039518858994,18.53990315349063,1413.3336562898835,217.0978817733949,631399.7648408364,5.232911989238258,1.1104815509427843,39.833813338931854,2.5067070194905603,59.95713594138454,1081.2182373091662,1197615.7903158485,0.01,0.09797624997727289,2.8693707331251934,0.029250203666479756,212.84312102794897,1901694.3397969923,0.04720344088006271,0.08674376349872596,1.2426809081133323,73.33507969289535,7711.700798013348,1.0632159223273059
25,0.0008110586989498647,3.145500983610599,229274.58729240397,5.33596856504931,20.45698321971913,109.81580543557853,0.6272079350612579,77.10169999608604,147.70081538547527,110.68195258390558,9958.106073925845,4022.9105596027894,0.08917761031566182,0.1896199006372739,4.884756165439299,88.89985329018873,13.090423426956294,160.24231546469,374.49438448158645,3341.1715442250415,0.09703691943532945,84.59050859009368,69.97654554780912,57.19570284873743,9988.295219298945,1.2321373826106872,4026.625087197443,0.03446882279284658,0.05233968401533161,89.9803597561245,53.22101915992545,3550.3823085120157,1231.4968350565973,9242.433199553805,5.763035426515037,6952.770146379511,683.7500963611047,713.4074782065333,48.015324909208736,367996.3180592763,10.125474175163161,33.971933480033066,0.24239972540285112,135.75977888831886,55.07698350137719,1939.692418789084,1931.4578573442384,791311.2126641468,7.119125792767383,65.68974102829432,0.010917796847619617,94.29318235509758,2577.0398912932446,84.30111765085019,144.21793675402793,271220.88124643045,0.5468221857375446,0.0010142190728060505,0.07397238903470303,8715.032823773236,7440.779328683429,0.01,908836.5403657211,0.010105725258102688,5.5191864850717245,87.66284143802157,14286.65888320349,24.636228209082883,858.4923428842593,4614.161457908293,76.9776772055569,425471.1123392586,21.018777165772452,0.0014526982899026584,41.099528073824146,0.055967189112807576,31.052404850993135,2474.4134281882707,533.9653499083134,1876038.6900023944,48.85248397269133,1.2517592253551457,10.149090853666692,2.5015865333549896,90.3809276972842,363.8227213026474,3596832.4848772595,10.645984794650781,0.07823599159510726,55.97851158987595,2.699920892188954,9934.368924016053,3334743.498537181,0.1018022676890712,0.19388605662169167,1.2775595644685571,0.25188534932787787,3813.984558467252,0.8239988786857653
26,0.15955080668253777,51.81290556723117,1083900.7168138677,68.09931283340258,0.657428060069841,105.00709330336792,1.0797093519907173,0.10309874529287123,2520.0145240243746,370.0675699203622,2.297447627135468,4058.05585240787,0.08415608390914288,0.23770027061706483,16.517132167687294,38.270513382741456,0.010806582154625405,1995.2035191091795,207.18479881939123,2638.8438906008173,0.0326097557320843,86.03021148232476,0.019821747712604185,91.71510627428776,51.37256343925955,9797.449476280039,3813.711759068451,0.03428245544800609,0.05397787424326893,30.226425690910556,5.810056879795119,604.0215880440871,6738.422845273937,11916.31438491528,0.026339589502777663,854.7523708103951,0.04164817374889086,629.0403081884638,972.6031455144357,626596.715631463,2.145877721795025,8.784255969269738,20.97186355619936,30.198268591695445,48.12473185047796,2525.1176403553923,4.038306439247016,34022.139077326225,0.26048699885934656,0.27571312684522375,0.012875649120865744,10.085974294027661,80.98651408423217,15.274728961431506,0.04273031929236885,317423.17125249404,0.6714827987707865,0.0010002467445379465,0.010628154516760548,1669.7410402710648,9966.376366735714,0.32269100142616397,30886.310998862667,0.9457037397591123,14.526578905667336,0.1346269967682995,17993.15560768429,7.503241878397356,81.87499454023292,313.6730530617246,0.02275504633675731,67398.28040193194,0.5343937876024957,0.26705818820542815,0.036162599607423136,0.17493912711550216,5100.9065856262405,83.78319757852584,859.2923304106971,3497294.9451815714,4.266654412333644,0.01,0.010239980467678671,3.270606891321873,39.77839120693586,55.11872195092495,3408431.1387230977,12.50601516419352,0.03538086269388069,66.91152136379425,3.2689555070979135,35.52747208009767,3584786.454089849,0.010084261205393357,0.010025849914899257,1.1543876999985159,20.508095245250953,475.0058442434857,0.992952792775955
27,0.00045169637483747597,3.3154926790708896e-05,2022.2358853299081,0.01,0.0691817552711949,132.20471402900912,0.6577363081007169,1.938149711465489,1038.0434893520387,4028.9209667920904,454.29898796474697,4011.6363935789013,0.05351240838328481,0.12154630938379607,3.46371975827743,81.56878141987119,99.97352861079827,336.17975681203836,9976.0476220219,4005.6276870942775,0.09749933905271077,33.957687130784144,0.20070252052433368,16.902339227198418,0.010000125533432463,0.01,2662.9402684351917,0.09557165193632321,0.044661800114801975,86.34463131312684,91.24084267295345,1047.5147499293605,3957.5894115296533,1335968.8074307437,0.08291700001259522,0.010031744931924587,0.01,0.0555024268279946,22.925176710116197,316461.6742128147,3.4700471770044072,0.9427530035218105,0.01000000150770847,0.001,9581.690446780096,13.705915678139009,9540.429217132865,2518272.32498703,78.53910740888396,0.01,0.013752928922156635,21.195799389392263,0.2486880021855224,427.6711874497985,6488.639149086229,1345.6498542000036,0.2501813629026617,505.3243436567954,43.15315528173585,424.5847940373623,2655.956172852976,159.71798435337422,3599979.24354517,1.017830589573366,1.3302375461843228,87.9206383004032,11244.344619739011,0.043615707161888576,1940.0675343175371,3792.8712138821897,75.57274830776305,3599207.75390655,3.2065213974054974,0.001,0.018600090367476056,0.014601698129139936,6.156628961385263,758.0081342337568,663.8479816318121,51334.819572200126,1.2863499480546836,0.010000429396614061,0.06172718891216906,4.836284541920609,7.118222235748158,106.98131613918592,711491.2133707778,97.77166266133278,0.08205072189920516,1.5478762268656938,26.48262546896286,561.6057307940614,3762.0434242964957,0.24605509993867264,0.01,0.29059601062265866,2.6879597350571864,601.6866241705479,1.1780642833651547
28,1.5409003856551249e-06,0.004836884194528471,1613059.029508122,0.600146207760562,0.07274345846217974,110.26795975189269,0.019256658544637956,17.82772489648588,1419.1362656876242,1560.3611752449203,7.371029275583038,4048.204850290649,0.09749998530604273,0.1311311600292095,5.632172872906645,30.789400783263353,0.01,6194.307082717903,1072.855531961362,3988.8202607413195,0.0769857496971707,85.3896524157213,54.65528919027491,17.864694881471404,1036.8312208091959,2.6240996867536746,3956.242070406398,0.03251249155508351,0.16797071872412114,56.15936507514386,1.970026463377814,161.1517372470988,265.2784742769679,7023.622285815283,88.84774051130269,0.010067635504585401,0.01,24.592157433426543,998.3665950922391,15894.663306681807,0.39470033435657553,17.27156152392513,19.195609176383268,0.00411056267306826,2766.47835087154,2343.4135651393303,118.71266689496298,912603.1073004814,56.094702723673095,0.7106135880824956,0.01091706703935989,11.53793603084151,748.9896372660814,2189.4420086603163,3806.8647191381847,1005.9132194801097,10.877720488606723,7.896869095770755,0.6677157904528005,9929.305384009847,555.4875053662879,91.43349620005046,75272.69624340541,3.9150913503647113,0.7271759663931653,99.99698583353275,6152.517977091385,2.875763356529619,1.2228257150360446,366.55419754046545,26.882458344381305,73427.31136683987,8.20138589398551,9.710680295149782,3.920167784767221,0.20793469154843194,0.1930843307716497,57.62559245540872,20.437543308856892,3598841.3830074766,44.83279903513018,0.2882058444639923,99.99626062994741,2.501181108000645,10.608490332685555,0.1750545643693297,772626.4649643911,9.273553738090555,0.003171322209390565,0.03227166953071649,46.08951371266449,2.8443525478882252,1079370.3517907066,0.3362356499521318,35.72539263583944,1.150695441542365,86.07040984141402,5914.97854819939,0.9110097886404865
29,2.698666376546449e-06,4.809441720771151e-06,58593.972814015935,0.025684203664986454,0.010022030160618757,282.1809130547058,0.22340095489182032,70.47458241800551,0.7884254357223335,7508.7936447276625,8489.479109315553,4059.694728519247,0.041649208826061726,0.08612230708273404,27.894444455131154,41.35523194525748,0.011183809707521671,2175.4292178332257,2688.0752202624753,1353.6007142104745,0.09749999916744637,34.47023101108927,99.84659999040333,3.1635811264283014,118.31301052133523,0.013141609521606873,3746.494297554691,0.05566980025218222,1.064225397383585,89.96724126024857,35.59695858795752,276.62979943911466,1.6195770101780713,68959.12559257387,0.0689643284696549,0.01,79.41025474515341,267.68796267909113,990.2616965014935,30255.169380855594,0.3566077483960214,0.30801716453969796,97.7319638665661,273.8459475956311,6.9685787266618275,170.4946447982178,10.15571954194847,497897.13102448883,0.422948129342835,99.94178622130768,0.010545707428690074,28.0341649210746,185.17034579745814,93.36353832641254,176.54926720520245,893.158932952751,1.2757485984947998,0.00855006272650813,2.0001393175152824,4.666762384762491,517.9317427923091,84.52128143568031,471870.2175666079,11.901598085870408,0.18586850690350595,4.940041217051024,6464.535191194253,0.05607245454001755,47.59621733521565,714.4339468908346,70.79500934525088,1043.4164393973692,4.152627308894399,0.0012438985269533124,0.3970563632325814,0.044561005509526214,26.142971192096475,0.6380414075183568,0.8919957238387854,281664.9473676643,0.7534093361461816,3.6216288143470146,30.164012753808937,2.5100726535389546,37.82871947699062,13.555938402444749,6130.237097976403,0.1929102792721842,8.160207004752936,0.031129026183840662,0.05639552835139224,2110.6317069338447,364.6103728743404,1.5853452564848813,6.483774243703292,0.8573158075736647,0.011318237178905375,257.81147906114234,1.2603562552847403
30,0.11127666791717272,1e-06,451659.924394069,19.876048771091604,21.76343776867783,105.24923012667335,8.85464422358832,2.6365486343897504,4202.070108694494,9659.387061348196,1854.505076338298,4060.79267738591,0.03404292189493015,0.08654146173744952,86.63414720347483,63.50508783608042,0.04384121697924389,3459.2262140232565,648.2719640423077,2198.0146579573175,0.050311193072221004,89.49376847397151,29.229521788327848,0.24735571267809264,36.175034101704014,13.956454601257857,3921.1717845256067,0.09719334343346463,99.97837526555658,30.198026733196,90.43001622035318,57.19548499510817,64.45975850141703,392.19946019496825,96.06823191252577,639.4627994286976,211.52319244736026,0.0,27.39787903307613,423396.7927329243,1.496789649291036,0.016186158803277395,40.72741449337846,51.32249400559781,2.629564134626706,48.05342907267334,820.728169444112,337449.8425582989,4.9265175418506715,99.98288825245403,761.2385749616085,61.765592956564724,1.3978823419404258,26.037176339178668,9.129637322837421,360.0,6.354038983181206,0.0013505062735039747,0.3527204541918459,390.48904267841624,975.4043363856715,10.692330254346578,2963316.855111778,0.42495376843423555,11.335916322958417,0.3384616187707846,8081.151726355658,33.49589165425471,0.9097780652761176,13.831175308184243,62.61136420181407,195115.28414444398,16.035066097579755,0.01521893359688465,6.243220815167564,0.20426595912590575,0.17965328293847788,3261.973745726869,13.456315254933983,1741808.7911853984,22.69273580441064,32.70389627666159,0.32750457505532565,2.896181321148285,1.4189270310411508,8253.581349137323,326380.82515079866,27.945562505429084,0.10015892896867354,3.801863990960132,0.3461121079566832,1490.1038471294735,1240029.3891733414,0.06600865137836816,13.680815666952975,0.9338204395453392,0.01352780587457896,3748.4595178286554,1.2741823502664604
31,0.0010974734622268294,5.001333850553758e-06,971690.913533502,9.276295549198862,6.057772534422529,105.10673844594822,0.46057284610164534,4.126483475882856,8140.993597447454,168.72229818823163,12.750533692872239,4034.2416829231984,0.09367459625336601,0.1259883348615992,0.3346127832230636,43.79668910590733,0.010091099870858045,456.96524956481977,2967.574478421136,4053.4884368679477,0.03387537711285251,60.48463883211691,0.7932151945782316,1.0355955144604512,6723.276456257065,704.1603740955638,1529.424630243488,0.09317416706844477,68.38837861176164,33.5560189618704,0.02535702104450327,8019.24715719068,0.01,1781303.3221751566,0.11232839182620838,2475.5324536856747,4976.999869664287,585.6074253535267,74.90152495472695,1632366.4125430405,0.9044761850892694,4.641832772599354,72.9517934172995,85.70875783538541,29.504643089553042,185.80948985949908,0.886732525173709,3529286.8716520774,0.010370374592502996,2.102787707452128,0.010642676010208027,6.334196628799171,390.34437227549523,84.25780875061703,6106.439306845112,1545254.917752995,0.01,0.0010004944925414469,0.01,579.6128621170411,13.190371251767743,168.55240839220122,948545.3459386199,4.284444957357487,10.534552302186093,10.298624988261059,6103.285977837068,2.7628245118665555,33.829838829377444,709.3573924864634,5.859441275759626,873585.3500109961,21.479534436081988,0.001,0.010381272893281761,0.11825030162635325,20.108825422593227,3.2009865203064516,908.2766711019913,454080.7932795744,4.7105163318930705,0.3248616906743772,63.44541964099467,7.491995036508667,0.5765275533890559,435.32653742664354,2856.314895315891,6.704915558870948,0.3298332205749993,0.010000000942362332,0.010306587217438665,81.09021514197977,3573291.8198867855,0.33095935861900994,0.04904636387020349,1.021928662522621,12.315969950189471,0.796633463439957,1.3829750501309128
32,0.009542305701681651,0.006626194570663937,874616.7190274701,75.9149885003452,1.223973232080683,137.68384741561363,2.07963230699825,0.025936219130512354,19.92281561249312,3017.95092035508,15.635259553588776,3204.7097915441304,0.03492714764088439,0.2563737597545036,16.57273790973363,34.11260485058965,5.471555408435977,0.01014799488714521,1852.9688896297628,4055.9253773143855,0.07815192110225279,37.3442201882485,5.918804731514518,18.88448425245572,0.01140106487416495,2.168908265621407,3945.097317765455,0.03386161259580659,0.01353340160334558,35.54238489441095,0.8766858360975414,3228.387445132308,86.84182501719873,1332904.102844307,2.197079773251254,0.025641678605196682,139.13031631131753,5.035424426480264,720.4192796712808,74388.77363324848,0.11672712429841085,18.879270492740744,0.0995432370369022,0.005214522148666239,233.92332084130587,7876.032374825277,1282.4374810500274,295113.9113350104,0.19416581127710913,49.91464897080797,0.011305935452767313,0.16579538992750453,8.976977851738036,1.5967320711261266,340.0238320598811,1748342.597142991,0.03161375124906266,0.0010068461377250163,1.519061381359191,96.7243976578727,7.341059142136025,38.30302074564836,2347198.569431402,77.4932175976191,0.13050892107577067,0.2906891002919055,17175.549373476766,0.1663588119181216,210.05226416922716,49.856967777933114,38.74667024136034,93253.71880888026,38.00661338321843,0.004223211577396858,32.735173684280724,1.7226476572618652,15.63902647757302,0.01,461.9975688261575,102492.53989947418,0.03958468996999669,1.521960201857591,3.609243085462594,2.569515984317854,37.8795973236775,120.68512457463588,742220.6136813059,99.9694531044111,12.326232239339179,0.17549373375032906,2.7441893708150387,61.8943757139387,3597104.2555966303,0.012337442451996536,16.217984165099168,1.2135687458022908,4.323850941509969,219.67164279701137,0.795057036194097
33,0.0020337597008285376,0.0008232905618538863,3599873.060620996,0.30704656442995515,1.689474667307498,112.62608680856061,1.6003394853832085,0.010010485171297634,124.34465856257897,0.010236088865351557,802.9337688033222,3881.892073297869,0.03749851482630701,0.258,0.13844863080627018,57.2762409485602,0.010159383907212638,456.00187147200415,192.31744946501317,4055.3146883077948,0.07821181105346144,89.99957682659709,0.2127381604244302,0.010264019779441393,2761.3054517228843,599.7379669487502,4056.316019292481,0.03485741943758822,0.010032473943268354,89.98385897517673,92.12566089079911,509.400082993035,9.952209161633391,689586.9868049601,24.28019520383099,0.01,94.61238938614397,150.43589051799884,992.9875923972509,1916677.702813965,0.016448006230330936,37.31254761870505,86.63407373925803,0.001,9912.590040558292,260.93491029364407,362.65948784650556,711956.3638987549,0.1097527231488116,0.011494429162409014,0.014864909515887566,0.010054018573317778,0.14709698719553954,4.861872211862963,872.9697122375941,28442.48967927421,0.03660769737987446,1.483096598915933,11.029990410227398,0.0120139013014845,0.16512937844200712,70.51459048065317,713819.1577774829,0.1383824570191798,2.4757474695735,0.503343142130194,6208.547964251921,0.12271362641706789,9986.889459365231,63.49127387211065,270.14711005867565,265725.9472784478,0.019668760746253483,0.0013131658336807146,76.30757439302536,22.696891291239435,0.01,345.13963934690435,1116.0486906990564,128483.02634345276,0.011385305897625524,0.11175666717396987,0.40895629461412697,4.1536571030220815,33.776063579179535,4819.162327975816,18297.865914055757,0.03211518451394055,0.17894448517207556,0.13586426118062106,0.01083618835358309,2379.504750876581,1108670.0035384991,5.278469833906255,4.174931584227462,0.33255873819969584,90.67901185417074,1120.2394259298862,1.1735424014554585
34,0.042138241335569565,1.082147289258298e-06,3192469.9649181217,3.0019455757266162,98.85965573472554,122.6656731557805,0.49983056258068764,5.809436337739653,813.3363307202434,4398.5987744936465,6648.9336605272265,4059.831529880167,0.03269078842315274,0.08600034570010232,88.88626436090871,64.83552651436213,2.031232175161684,6741.7267098494085,2345.526081738035,3400.084013190829,0.03326963915686599,90.0,12.511784136051933,17.644246254786335,1631.2577402264315,2233.419292137585,1660.6473936545635,0.037741614522766656,99.94262131857165,57.20589330561311,11.427452524516372,318.875653570653,11.783308650073044,191184.4686675436,36.30754369528502,0.01,635.6122002944765,0.0,158.37250743965953,188768.98845565878,5.0071843979632416,0.11734669623919596,0.07514118190741607,438.74537261844455,62.016035286292784,440.8510908879661,2149.6640511798987,3600000.0,8.22907346205767,6.057417351234584,0.010792826955389004,74.87464780027908,451.93253429133784,9935.68618758127,2138.1800700844833,51604.44612267195,0.16950348682063163,0.001,92.20844151539352,1155.1563753189228,0.1427204421639246,5815.321625461479,135305.33935132768,81.91872184870192,0.26792602560571993,12.121544286326568,9840.84779262379,2.074244631649178,9.819476956092359,6476.6603738577205,9501.508343175841,826651.0284621122,93.08383556502922,0.007079113647387185,56.55410703285627,1.0470798624889799,0.3251114535179823,23.064363766876042,8152.368255350837,196703.89927890964,1.5676120470735218,2.482631040026168,21.087490369656976,3.2712744428149887,11.977022327266754,510.6258304638625,471540.4599136201,86.14594349499374,63.995519209356665,17.328922567386957,7.593876764419639,11.302314743615785,98999.937620532,0.010801433612288696,1.5917269638871205,0.6948549298528448,17.634269365727913,3025.353181043171,0.9970693534075759
35,0.003405354761932713,3.786796659220695,65168.70587976855,4.4478517968603475,0.1507390052112959,175.50729151275164,0.019172482949083847,0.06879071184175299,1400.6296574850576,247.7756857259809,9446.919127469513,4056.6073600550403,0.03260352653764716,0.1577589252486882,97.9723440062925,30.000094751031344,0.04561250348262572,21.2765237679506,4.19038931576692,1470.6262360392816,0.03760138598047363,30.15093726927707,10.049100576979361,0.01843736354338816,0.010348095942293198,465.8840481152215,4055.8476703623637,0.09745410147255816,0.010063543479068335,66.42229021452954,0.08394978121077197,949.110290186804,97.61858279055824,148333.01139923587,0.0179957301388846,4.16155762471874,293.8546059062044,994.7900600980226,259.5376986519973,619486.0260202236,2.6330983288766427,36.482220695477636,0.013440668600266121,0.004479150162599949,23.876113965545226,6.971594694972484,410.00763265659094,2577710.9447769765,11.754057774406435,2.081955481501604,0.011376511051098654,98.83765790296746,3.679187827785627,17.20168700867419,25.60747539735615,302809.0830805248,0.08171899156250848,0.0010011123648148632,0.01920691015853493,2.5302765175159814,1027.9624578722805,9930.241965328463,150788.17571560259,0.010063945710967494,5.228277465637217,0.578341850019252,17756.293372153552,17.03532383108386,209.5123321092171,205.45043903721165,28.12711720307329,187968.7172788649,93.38131313531684,0.052354058158197006,97.61525835715486,34.93318754555191,24.65956599645227,4.08718044386186,577.8087622513424,3599920.892236402,9.938874518448294,1.5514122293258776,1.2377623390366441,2.5012468040933324,30.75402606174075,7.012830311829239,3543189.996913119,0.010000046234672483,0.06706146632762086,30.554431341126516,1.0529739389139205,165.5639260385563,468520.3185009483,0.015358343932511436,1.0072068034350659,0.9911892379931683,3.142325778727273,10.916325479964476,0.8302226297622047
36,0.004109757725423833,0.238100884554308,3490.1005773516845,0.40001121042975013,0.06790439823261817,105.52002444705215,4.104178760632309,77.95033996990514,1033.9804825816166,102.37453339367444,885.5462307763128,4060.7922785827986,0.0953223275366451,0.08633917131273926,5.178855466606326,86.84704868708873,24.730829089270976,2006.649407937321,1141.9126341103847,4059.9026454245545,0.09749979719672883,52.01594732811968,10.630221513882557,4.363615657680666,9892.144122461881,87.75217677691606,3706.9134825190354,0.09589325410558804,9.50331232746119,78.07978465144471,43.3375681569142,1538.425810936817,2428.8569215481903,364.3512659341569,0.010176338898676716,0.01,1653.8561469166987,0.08893399693829752,644.1121917721498,30507.715128865824,0.15703317224650554,0.6327750644088957,13.69272259197733,0.003187850292389571,303.6887742059732,88.54689296679643,9677.444428886753,79600.93851812667,2.4112156621536442,3.045921195914091,0.01371252559843971,4.770181342056433,1.3091748022341365,266.71751578805254,435.764109623897,9250.662008743568,3.3708236358356913,10.93608113596536,7.711595259401847,0.2670804130355687,0.5559768267052535,3.575040272718353,284391.768778494,43.40485916896411,0.03260309689952461,0.11926743179031184,11684.061685588698,2.1133652715448754,2.134246142594124,9.085857987043,31.178975146961278,289913.3753701958,0.5936519150470724,0.03835229682760474,5.250282134483113,0.14599502187983945,326.72331956995953,1085.3078361716032,577.2113919532487,234794.91326804028,4.1416541085704806,0.012304322760178895,22.777979642033273,6.1408942595382126,0.09716074223748437,3.8322800930276566,136933.011966412,0.5860986560708417,0.20826506593696556,99.22851037117823,0.020643821297156386,423.75775017952515,3026.8890279936995,0.010301839182886113,0.6656917772757057,4.387642612074426,7.3460006114481775,1171.666658186531,1.2128979888890141
37,2.5889289665180955e-06,2.7331821420328125e-06,483980.4524811293,2.5471180745360593,2.0434747343320794,198.09225043141055,24.598664215320095,5.3481956886122415,10000.0,0.016555763694283174,1565.4783691734915,4056.732339024036,0.03493281850969405,0.0860715247538149,2.6510827620149016,30.9225055250812,92.7555915965484,6488.283588346876,6876.519685609829,4052.009955568908,0.07322711669801446,30.00909540572315,0.013849406203787096,0.17144126836564633,9619.667693086092,5624.117852801864,1353.600048430488,0.069060003641194,0.01,89.95814744068416,0.018868142744532457,7667.954507335113,3296.2934689581784,387.3646763660459,1.8489525903742492,207.18068497981608,0.010000171302869919,0.018700571767512268,350.04937075508747,3596899.7510454594,0.15060676779912321,8.196317129197519,43.898719155101276,995.859932729376,3.1605133186215197,0.01,492.21110969732285,147921.69624451635,1.328242195845175,0.3044460602480887,0.009826683485565061,1.247465792338003,6505.055094910389,391.0323784642072,190.9969796447993,360.0005273593962,10.140975287890138,0.04130778186242709,0.01,0.010050024630312,0.01000728890606092,1.7597234740414809,8479.930665103668,0.015104465944118631,50.62449024007705,0.010116969274424908,6024.819016063475,0.018147972791164473,5561.507515371897,1.0996327637228869,0.5501291480739603,259555.955418611,0.0286053558269236,0.144746784636792,99.00577269371732,0.01001292357512357,5.656454089493413,0.7423967423237859,2.0844499855769394,3593054.386747959,0.010102596159731404,0.990723305472253,10.419620190323599,2.5030913886037056,4.525025811395455,0.9863914725486966,3452426.653829135,0.04232149187318013,0.07919884055137469,5.4650670885732175,0.01,6055.184745688479,4419.521753826695,3.2107797877557025,69.42065410265606,0.001221667506948163,10.858319332741262,447.13152357251863,1.4019701163405534
38,0.06397941396449133,0.04972620439870069,55735.816027628694,0.0526844439316852,9.193827180010125,186.74174397364527,0.08099481945608991,91.5216568793917,3173.5402169064296,361.3261926828667,32.87133607598053,4059.8568852477483,0.08428095267789551,0.086,0.3072055052110334,35.45350334467609,2.9001116862087644,5502.922069155132,1947.2685429210367,4060.782389687063,0.032692020579744255,59.129551737981174,10.76738807512577,2.217496462733809,10000.0,420.80584295127017,1415.8082406129495,0.06766774899680682,56.41780368069329,81.22623745272456,7.073485340567272,83.12829667222667,148.29799035871167,28448.610798704114,0.5803841776276691,43.460425923275935,1.9799091856563376,479.5606498701781,572.3268022517085,1399408.4926431305,0.18533723354793769,90.41531035019983,61.86300465809508,0.0010000009519101345,236.66199895310473,261.07465610942256,2499.7399917478533,176844.88123999088,6.536747658349538,5.682383745698205,0.014784223102924267,95.50767877002978,2.595962303770121,9531.744540435158,3709.9157643370636,273847.2148898417,22.839044083799617,43.92172774516536,3.0448179085708524,70.55740189589417,8131.96516279797,0.01,2009397.7588458308,25.53778795935858,12.429720662743145,15.516393447342413,14140.073752635948,2.0351350339127765,18.37657126384004,571.9643083972351,3589.4096700056857,473.5130618688354,6.920573928665774,4.2170146632845675,33.409628476578106,7.547647933988913,1096.2392079303631,9399.433663843029,676.0246309402849,3597393.4318032833,0.013836948633798477,8.314519453346199,5.061228779762804,3.9125956529143138,44.871592301152866,6248.51397138807,3555732.3926649364,0.050842817653271,0.05846580712464465,37.68343773639669,0.17420599559871763,9969.383673786233,118993.45918770772,2.7464241449406686,36.157786040345876,528.9711566456054,2.6802336193052096,222.29489557456483,1.3167342904803152
39,0.3858586581301285,0.009041057210729791,818398.5335504223,22.892625124475703,2.2308354718571217,171.65708041471407,0.07811772512042299,1.6398820507606031,295.01416594260996,132.9896282340515,2262.1397088328454,4047.0537459149873,0.05076199220713956,0.25735541812264334,64.92360932810998,30.360006932191588,7.467689971523702,7195.106934309179,1528.2707668147073,3916.188474343105,0.03395599645975527,89.99281652250231,5.173749360165087,10.50789149351074,103.34498255467045,1087.93600735977,4028.7044814417372,0.05134387859530571,0.11813516435796367,45.92983875996744,19.610007793782334,4398.829362485627,1245.9356674833318,3428639.2894553384,0.04759000563326906,7.62157552892741,212.5066415770552,686.9286082448486,189.44746990858715,3176671.9016889175,98.12823831222256,13.457245839916235,63.60793957323313,236.5221275553242,40.2078131172407,4.440484108112341,0.01,75117.59856448616,2.9765397635859925,7.681825597101402,0.01428546362521645,34.49740387190752,5.571020035259643,1.4339290116530392,0.010000222061049802,287982.24133429595,0.14783952521498514,0.0028147452146151477,0.09873634984624266,3928.622499641249,392.89954482772833,0.1316159735363088,168938.88657091997,3.8355982167427287,2.6337482482173593,84.18643878970978,12836.310589846107,1.0653858080661658,7.556898580507126,1416.499491613741,39.57304411360202,6566.727489554526,31.874697148522383,247.51407942948728,40.67595410486887,37.131162101753475,1977.9319972367678,0.9915512385239109,0.05897496724161363,25596.178419847456,0.06418478619124479,0.5291639832736856,22.025915706787362,5.879873631959365,0.2780424895800421,8280.183786727512,3201057.523800979,0.11591749314934101,0.07424129898606964,21.55638921988216,29.62985436349268,50.29568209150773,3529995.1788604683,1.4856388628684682,0.38110535442749727,1.508703368540951,90.38325559363153,9970.401353042882,0.8434152336607917
40,0.00946072670025847,1.190590316453828,1075700.6248553272,0.20724005910295162,0.9673889795930004,205.50985513046862,1.0261834051686491,5.467787461792802,173.11200919895398,0.025840441011032795,58.074601718376364,3489.7640894027836,0.03903533121814483,0.08683814228920088,0.3022760331196018,45.664091570702816,1.1018476976490106,7567.181427962824,220.90324690854746,4056.0932733075433,0.09024135950237297,61.1430835462947,1.7306370117715175,3.5150474810024375,172.15314147654325,157.36767634358088,2629.1980959081134,0.0887982032835353,14.490418570386403,71.690524351805,3.8552322134725436,79.05665700277757,4427.672300513982,690855.3205523446,2.1642193815890307,0.01,0.010009823604011292,0.0028063400003002768,550.819712511948,1588091.8948606006,0.0340701655173154,2.9195245540432846,0.7194287482599825,0.0018042091974611605,0.9990894400541022,359.69074854348554,28.160347641891875,332616.7064107331,0.0719815956953106,15.836712530870248,0.010294178290125777,28.31467802910153,56.467538732869265,16.78065828064711,92.7568642062232,31081.519098082394,0.010016282823853856,30.397265102760503,0.1856807410140321,3162.1547020127414,2.8102351765954334,8333.69208219757,273050.63869356,9.586258018028264,0.7142708797798089,5.779406947926722,12065.206677094891,9.857160210798764,861.662019276777,7.58970519764616,2.2578347614194856,42002.76013729582,74.97988422050888,0.0010069639130218864,2.876634953879494,5.758921558946154,9.13330963105547,2843.0565338563133,3102.8034037510597,2345434.365891622,28.959775069850046,0.8415151447906805,99.54498452791574,2.500036246205455,99.41119683923017,152.6665192290296,35651.20811607539,18.59109825914714,0.822315537352162,11.269346547442838,12.974206634151676,438.94829302605183,302783.62524029386,0.8671424314143543,38.09383210119098,1.7103517880667494,0.13783983058689517,276.78159018395905,1.3831324487839172
41,1.5489720525868204e-05,1.0668702298524677e-06,185954.72152990437,6.021721677488608,10.465712905012312,105.30091675670026,5.484342642587405,2.4034311104317867,40.41236586614445,3646.93473983984,64.0645054122862,4060.4254357444916,0.03502412734070424,0.09050805084893526,29.165793565664355,47.18551553495624,0.7584172638956963,10000.0,6477.117694331189,1595.6829789141407,0.09726168502112506,64.26918260741206,10.666331196595621,52.0321594386965,9999.97253566823,2320.5200679339646,4020.2917720660753,0.04271629134897988,0.024796920204452334,30.000905814686675,98.68783569254977,295.0301234741073,71.88775363868785,172968.8064895875,95.0907517924704,0.010004498937786675,0.01,3.6111100434543477,999.9984289117218,3598727.6235697377,13.09179015086778,0.014739768875848663,100.0,325.3145576741136,11.388578955721272,8972.143861638871,73.01460942743125,3393910.422053955,24.86288518363734,53.498499025091,687.9237545574097,5.243759661292569,1.2141430493031833,1315.5035830662077,757.4057591802865,3588857.1316672615,0.025931233004797053,0.001,0.7343405606461184,338.2729686443378,9.21622951786659,486.120467224148,3062444.014039023,93.07240148034215,11.386879930435589,99.92622823750195,6081.039362283012,36.97862850837602,3.7160976962564964,48.57222608570978,30.047095254099215,9626.654442574216,84.67083521332462,6.03757677686092,2.837686626877731,0.09579861590816502,0.5329265182742366,9923.263440448656,9642.725535027063,3582640.925060977,3.4477764329299556,10.056486044772797,88.50731054831934,2.500486292891569,0.010039365024652617,1927.2050807695048,3096053.1841320526,0.13793254977805539,0.08114261304478261,65.66219951615372,29.34201362790782,427.98755480444163,56316.125066981134,0.31737473814878964,0.07117537623365898,4.392258296448996,98.02955095596087,626.7909828128296,1.4134513424419968
42,0.0002761956220633715,1.088443803765165e-05,199317.8920948838,1.4663043023397433,0.02817747027977352,283.6385040077563,0.20907544518245139,0.18300162257134026,9426.220503436729,316.79234134568884,683.3801704105063,4060.797240835386,0.09576798226156694,0.08600010795211084,99.92927761533707,31.606485231665193,0.8257074126831074,9618.70509032639,7954.071973379278,3253.104785421272,0.09289874861358076,88.8496806408465,95.3740913830459,42.413682140938796,9999.959393542478,1755.0370867755746,1380.782855223593,0.09741796619134156,43.15817936955559,68.80976667517274,0.16947502397610437,0.014489415306212183,12.589544387176229,35938.12213410747,89.50917121419123,0.010012819492273,0.01,785.5110000444088,16.44349558571432,3599996.647117933,0.1487478230065044,0.1257620699259309,71.49147077774714,0.0030803019952386473,227.75826045353722,495.07019350347315,180.98735915288844,3590910.6753342943,0.01717315382879395,0.06725440477354665,0.009808862403659309,24.499515432333318,1372.8572705795498,207.93152395068685,0.11226943458464089,45092.54725273898,1.0368786919948132,0.0010000036015709655,3.626931538013416,0.01013188601957677,0.01,0.03356504808728273,353169.1033397325,0.5384395685385803,1.170349400392673,1.3098949671171798,6005.089866986395,0.010014586138217265,2463.718771023963,11.499724100973554,9999.716755580162,360.0,56.44419080576605,0.9594993692226427,17.592315127943355,97.83854488441725,0.01,544.8666956237956,0.010279552531315371,1342927.0261896495,25.926257628047527,0.010133230180443062,35.647828100340845,2.500360555245387,0.3220260024096939,2.7681411237151754,3575326.386778575,0.24463445259909763,0.08484805027407342,99.24192548224276,0.010041388492540418,3140.546371589021,3329.6311469821876,0.01938700655176569,0.01,1.4635483432850414,16.353881922136214,9992.605062865516,1.1677752661291676
43,1.906363016324911e-05,1.2292422821948896e-05,3526620.2376661045,0.010271552693769538,0.010001260892091027,129.05490070798544,1.1394721551019744,6.104721532208639,1042.910867464497,1803.845292575773,2860.2226339381814,4060.765572905323,0.04132484343626697,0.08692111834135605,3.116242000791842,89.33657288700566,2.6603451763608414,830.600463853811,797.92939101761,1374.2818296873545,0.097456722192945,32.65227881623895,55.1247756803356,65.7163651462298,8055.524508052742,4784.951771815034,1355.4918740961039,0.032536524653332136,95.68409974969325,85.96405635277134,97.99325561216375,7.06743516401762,9782.191796671925,2072.4993843401135,21.328429385868812,0.010007581927093355,7546.282196763031,112.37896796976099,8.960739549757367,1576977.4225224187,6.530407966482083,99.07296357348575,1.7677019979706738,0.0037415858696036855,9.198954968231075,3.7543547371763375,42.235150112069476,215409.60184098658,8.78808837407394,96.54061114890959,9.03531162811695,0.5263003992105537,3.6861933138374514,0.19956970910509045,627.4855792664463,25375.39356460755,3.425262390804816,1.54036502900767,6.525269661438867,63.03513994175129,4147.276607390331,5.859384579699894,615563.3427051723,18.906318626209856,0.11094341688675254,0.32577438355924737,6023.033042302161,0.23107392987096703,22.061099021516572,15.057968426139357,24.01705731331569,129429.45259063625,26.390216393574462,0.030395747428560195,0.225909904281144,0.010060099939185243,3655.092898334223,259.0136172178072,0.01,197825.04111250752,22.084689378049536,0.010119957749424709,36.598588975596385,2.5007118230667005,31.536307941662688,1.6189912004140166,14840.652055889757,1.4797340000322594,0.001573585891940337,23.555054015892487,0.36047387131112607,2.0563950039784062,129322.71074733027,0.010291320198401283,1.4696878026103983,1.7152961519347094,17.920538190790516,266.5763361193647,1.244664312987471
44,0.4911115940234478,3.9096808706707435e-05,1476491.117393081,4.900879569742934,0.06534765108169546,111.73486557715387,0.048667034078492065,54.158285793500205,1.9191091019592297,6397.1808064104,236.88078863997197,3734.653649520167,0.08019877857903085,0.08605102492749847,23.286770328897784,30.02690778396431,0.01,5885.283005743418,710.4005585829025,1449.65994018177,0.04218848722108024,34.34012493650239,6.665921497136402,94.05354856740333,1.0973528058513982,22.172356251805457,3761.148641663569,0.03256274641088912,0.041526834205685426,30.169122972124438,70.2809840557965,109.17063500027508,1068.426595567213,361.1343300334386,98.28895102603416,0.010016434875917296,0.010001678416216795,1000.0,1.484910698996987,3183677.6036142423,28.30687810149799,92.96975614523834,14.267108294667533,0.004940573529231175,34.715391357169906,2380.900553589747,394.0510091007168,307933.1783889133,32.36710468715064,45.48189578696915,0.013415709497862032,1.577550298015784,6835.329950891823,54.152349975070074,3.075715632790528,832774.6960833792,32.5409934996214,0.0010000387162550982,4.701365228919987,5.358465452090284,7564.305606971885,215.97400686463737,2986990.5852119834,14.848521593338855,2.223227610806627,7.357031708408161,10122.115138141782,0.10255692675211928,1399.0057213577356,1.3694915030718664,6319.2509600958465,3028538.876285687,69.45140443492573,0.03495526894907158,49.18631892606414,90.2197558083216,0.8193831023622662,1.7322659989008484,13.742338883529671,55594.07887712269,2.5147721192681476,0.8458834057674053,12.878167822947614,2.678888224172849,8.976560440733001,572.8988901385108,1252762.4966774243,99.83089565294382,142.35679540035122,5.321242955518473,1.066548122217194,527.5205377485569,1955713.777063232,51.334496293078914,0.4790053100371972,1.5138025209127797,3.0153316479326007,14.405086947338189,1.0165357428117856
45,0.0033150311765908227,1e-06,40856.09178697254,0.01338077517506966,3.263959800297817,125.25458112677565,9.53097887715512,1.030203481026632,75.91610835988476,9.048861809884912,3.3568043610562754,4058.871127190241,0.07694249542203939,0.08607020345741305,48.754825479706966,30.725529651511653,23.048150427697884,8102.132765944242,1053.6111873585576,4060.790258371895,0.0332119766777471,30.235644101705443,0.011635709395980035,43.824061533380856,0.010025393588483842,2.225804286842116,1380.8517558864498,0.09743949317171048,17.34783854997768,89.78802774839308,0.32532641091330017,24.00784526971564,0.01001908354260858,3597935.6242526113,1.375848021235883,162.22735885516718,3.0198333462896194,802.7719530739114,0.8374487578276969,342583.66484387603,0.017681584177971332,4.782397225173133,23.49837823879169,1000.0,34.65850337170129,0.0677508827640027,245.71236735528356,73107.71588704604,0.07107394014550905,67.27244517659956,0.010699518333406469,0.06977150262938359,6.140644149405803,7322.886170432749,10000.0,1536849.9267970256,21.913870125244898,0.001,14.228508193435703,614.7755563000093,9993.58466985274,9586.984026602815,2449479.211651534,0.010890876639877952,82.0197553845704,79.36398238399633,18000.0,43.721523811836455,9999.365359073232,2366.6698303976054,9755.072209477394,1179.6342904524947,0.014153388220728246,62.13190647288931,99.12311308396691,0.01,34.76900592334305,15.745456595687807,3473.448847539847,1483461.3951639682,4.628790928802237,38.86653764188894,24.12875462801493,2.544290359946235,86.47975056152497,9963.261277637197,2244.071628295927,99.99471346007998,2.283099872989187,21.48772649049959,6.783729019520147,0.01,2786966.321228978,0.02635684729736656,11.318188243288516,1.3151020173737726,8.83894391703898,9803.659388224742,1.3671068490107423
46,0.00010230107353259392,0.4920484793232875,3598402.914681696,4.601033709387139,14.586821977672345,312.5647076321667,0.010000026519645454,0.010000000000792044,7987.322263314684,2958.159580607583,195.86724018507013,4060.7419801426868,0.08751054023154936,0.09940773491725396,53.71192237492235,54.797167551184884,10.41647295364674,9709.655955066932,234.18187152057976,3378.257330104948,0.0686643784337076,82.59586837997357,23.276786567757078,4.019983183106484,9996.684018298529,550.3195743742357,3903.787101574714,0.0711333765008109,0.011739876016362451,61.73722025931479,10.278100547673494,594.2804643050869,141.5211495881503,358063.75259594055,0.028304542259392454,0.010000044655188863,5323.9793587042395,359.93240832871345,529.3477938324081,497769.727749068,22.814858782308743,58.16877838008587,31.73317420106417,0.006488581918298377,9724.55336741532,178.9666070913761,165.0392025406933,2526764.886394916,9.82320403673948,38.93848164234616,160.81187685084035,2.736398237718884,3.043885624196249,0.01,79.24176983855324,3457016.1431122087,0.5165445171073186,0.0021030622607822657,97.13789002054062,4550.761503376022,9554.770268099966,97.91165078217634,94744.58862375839,9.759263702506841,0.4418381915414527,1.0313437334114484,12598.097731556485,99.99659554551732,6.374084888846174,1161.9942405674747,8759.706921673143,715896.6581218055,22.73501553837436,0.0010017624408042547,9.966836592642178,2.438899870362392,6.487040084013738,0.010022848379087202,6.711194402210799,409.32587052840904,3.6651124680240197,28.76789530366517,3.0589925785577297,7.48250855330068,40.287401899876045,0.01,1953257.6631366657,36.302018220427826,284.402140743319,5.519044441623197,0.0475365121396057,2.479364217621012,3241025.8257637443,1.975853502927851,99.64615812129381,203.59874367476866,16.777403200702757,0.010003631880698364,1.3593719089055396
47,0.0015417594757291978,3.821036006265119e-06,712849.7801729592,99.88923503786629,2.7982875172648214,113.67251634979195,82.6561320749568,8.086019554395389,9920.541030173441,15.9866286683601,73.08312454445972,4058.7217142846175,0.09746623963137657,0.0861516061618016,0.2711118046732257,89.83172241442469,26.016584438385742,7373.532267164725,9807.750247012375,4020.331644996029,0.08251353180408547,89.99325588540428,11.716192424340491,12.799070929020855,9977.297229478178,2724.3381011058555,1354.0685681268826,0.03579512517002503,34.61364436743003,89.99998960230488,81.19980034456165,9985.051016301279,6539.320587222379,360.5194752573946,0.3375241617674731,0.010183443530790254,837.5285096697478,0.07742326036798272,993.8176281236803,3598342.24559864,0.4433061551027577,0.17219043881261306,13.26721397484539,0.001,3421.64303897013,2250.1687118643263,160.77906844585735,2552929.3118691863,96.17595313030623,27.46807206118,91.76726630685629,0.05365699856829128,1.153703965839662,2878.988073902041,236.9961592583406,2239.265703092472,92.02409475389753,968.6771552087099,75.34151273476402,7.230525257211822,63.637708746976124,13.63949846696411,466531.81879093515,0.3533401591990416,1.9777679610832557,14.160824074064474,17989.301841248973,0.11625528146362463,5.30065453599885,51.87716206452569,245.22303282000644,573993.3081608079,41.74109322022126,0.0010001681837962647,69.04596830868448,0.08899977224787861,0.010011760662497888,337.93266767795956,24.517273120878684,45773.522629831874,0.03255192007379321,0.09544627552395428,2.2703565823706677,4.710203937400896,0.3951247544744103,2250.9950352134483,3247271.830348271,0.1100714304882748,0.06351611463902618,0.4132078557633441,5.228352145825557,5618.688388468538,691123.5738349373,1.809961310498242,3.688653636306863,0.7364478464768397,0.013126624315455379,71.99871618672498,1.2801069915310417
48,0.03743907282912219,1.1003143630295908,3492711.741123536,0.301106340849765,0.017902093756452138,139.43779204574685,57.540981274155946,4.904292007885047,58.952160431177965,1429.227741408055,377.6803152978471,4060.023719443392,0.03339389268727277,0.17192364686344724,1.6175743667645075,36.40074812295123,97.55213601354569,287.82680337752385,7819.764896220825,1419.5634038434594,0.08516076524802108,77.45179503928252,0.40481606699423567,99.35509115675134,139.06135532267584,189.63889045674625,2368.0018411778537,0.04051265442437785,0.010024868369870269,89.83682225196436,13.918086769116833,5021.281489035033,1760.9821742469508,3189283.3296847194,0.0862673990682849,11.337732638760329,9834.27992613622,134.07280752242298,935.5754454355001,16851.50630399187,0.17294285949866667,0.15751634710981674,5.922906690659902,151.089507194746,13.369670064321749,0.14552540129723213,9703.554005542239,3530399.522316948,75.16077172062005,71.53760585196146,0.01750412967657169,7.478889513793998,2.6141663374387165,891.9030582946211,9462.200658256332,3538467.6977745607,1.324645107863053,0.0024133087347910968,1.390229764295677,1402.9438096858194,81.76931836867413,1747.5679911193504,240291.68932725774,25.961387635164506,0.7791572759666118,75.96150254218345,8760.112310844335,0.33029964337508166,51.3191267483724,601.2574035179142,4.089751595290279,647136.3359251114,0.21545327825827099,0.1749230741050479,27.27332138820806,91.01068248727462,554.3528832973207,178.07629568433745,3020.8836900549827,41832.93341381196,0.07213435950920975,14.550950613120257,56.097924823342304,6.34641359086591,34.008737753253484,10000.0,1655968.2421518322,6.056684841321401,0.028458882360656655,84.51332232463531,23.75703832705676,2.6200524971305037,3245355.5493799485,0.9430911462527996,2.1914486691268875,1.6937526704778634,9.088848117029729,305.39673711428276,1.0118177801187975
49,0.006273290989638167,0.0010912378195624714,423785.26345390716,0.6035386044284048,4.459545792826937,198.31430931923916,0.1463447699190491,0.01,84.07435987859961,1063.6590436118997,98.0542956179819,4060.764313320442,0.07615908726358572,0.08617779447329071,0.1422869200570484,30.024978510272394,19.16756150215358,4713.414829656275,137.30125813973333,4060.460600352502,0.03620266996995024,32.38290268216613,0.6743758626391958,2.3634369889045423,8754.409883678412,1493.7412916767123,3646.562447860719,0.0483617239845351,33.266388522503384,43.23814009323578,13.318338842426373,779.0710027340256,6.363381442340974,5769.876405658393,39.27597025833195,183.4515442147476,0.8261895655538243,269.1156912929616,923.3790490777711,444627.8660303056,2.497596985215421,4.020924926659804,0.09048788295344172,0.0027484371102029187,196.63468160268548,1164.2183003407024,8688.7472835101,124062.61570346922,2.089812028638723,14.62511240334325,0.013873960638827704,98.42965007932088,0.44246406896657586,2657.456062903495,169.68561662209137,387.645720095603,0.12433234523648402,0.023667824436762602,3.283272645902367,2825.4654077890755,177.6379386437157,536.6904230860874,1678921.4981939048,16.383341765189673,0.37789023931059984,11.523406424340315,11757.933389132517,0.10198474685217514,9962.184042545146,369.69939932822643,529.3630212925282,360.0076528779969,0.0100125345256472,0.01182987242177402,27.943363213346796,0.012518929758538423,0.052411525344598385,0.05443874192727357,0.01,675429.7648493843,8.254615605767322,0.09354986017133299,0.13130985612765458,2.507757021807353,1.4387898252365552,13.40398871470621,320742.0243113847,0.08483341781461556,0.07020595008590857,6.557651154186419,99.25518314904822,2267.3216560968376,137495.32196795524,88.55446304274301,0.04637051631819308,1.4133049594084883,9.015884849985255,22.583740435942463,0.9338675826426694
