,(GLMU).kcat_F,(GLMU).Km_GalNAc1P,(GLMU).Km_UTP,(GLMU).K_eq_GLMU,(GLMU).Km_UDP_GalNAc,(GLMU).Km_PP,(GLMU).ki_P,(NAHK_ATP).kcat_F,(NAHK_ATP).Km_GalNAc,(NAHK_ATP).Km_ATP,(NAHK_ATP).K_eq_NAHK,(NAHK_ATP).Km_GalNAc1P,(NAHK_ATP).Km_ADP,(NAHK_ATP).ki_P,(PPA).kcat_F,(PPA).Km_PP,(PPA).ki_P,(PPK3_A).kcat_F,(PPK3_A).Km_ADP,(PPK3_A).Km_PolyP,(PPK3_A).K_eq_PPK3_A,(PPK3_A).Km_ATP,(PPK3_A).ki_P,(PPK3_U).kcat_F,(PPK3_U).Km_UDP,(PPK3_U).Km_PolyP,(PPK3_U).K_eq_PPK3_U,(PPK3_U).Km_UTP,(PPK3_U).ki_P,(UDK_ATP).kcat_F,(UDK_ATP).Km_Uri,(UDK_ATP).Km_ATP,(UDK_ATP).K_eq_UDK,(UDK_ATP).Km_UMP,(UDK_ATP).Km_ADP,(UDK_ATP).ki_P,(UMPK_ATP).kcat_F,(UMPK_ATP).Km_UMP,(UMPK_ATP).Km_ATP,(UMPK_ATP).K_eq_UMPK,(UMPK_ATP).Km_UDP,(UMPK_ATP).Km_ADP,(UMPK_ATP).ki_P,obj
0,830790.722425793,0.022119245906037834,27.658901225103772,314.07577239146025,18.48664997716435,0.19730564932322542,0.3544177414395319,3862.5726710505137,0.0325,0.21535900892920473,38.38974335928408,6.901636385025853,3.6512693923308635,5383.879184767356,19540.46094774656,99.98476511927915,1484.8856162741392,425471.42412896024,3.2238812897972062,0.03174125695591983,0.005749884290015632,3.3446920108781955,1611.4463169052792,2974260.150234339,10.640861287028908,33.6468417863903,0.01548894871869987,0.24040459705475767,0.08699005693518658,243536.92442394598,92.4484201584317,0.16547395024581044,17759.456773974744,0.33448523324280527,99.12690512122882,5.2051611851734165,1806320.0685564638,21.41371006126354,2.9438600799471066,2.5029124223995307,4.660611019566651,0.44846332602674477,1.9426426437459956,3.950317817234041
1,54733.64410962012,16.835631136077122,1.3084614651023,137.53864331604734,0.24607081875487632,4.867030384744383,9991.98850767661,4060.009104008768,0.08747501262532373,0.08960256089808968,30.15092566524192,93.91560254669137,19.961293411069462,7626.801886182496,5171.808532623371,0.5416152434237564,6721.464952870097,72089.43438601111,2.5483141252955637,0.010011424575891907,0.0055478717108476275,73.88988354342443,9687.857468510176,2279596.3788896278,9.851854136468033,0.06323262650781941,0.011602755505095645,1.6895633173221378,2508.391602802785,64957.65407380979,0.4337307327356398,1.102076301231526,6003.003770795372,0.1867574859732767,4.1626962006432935,4.015943116117518,647089.9526839026,7.5722338351687135,2.2525472656121606,2.5065076994261806,0.30370693245238806,17.96840058119662,7.936038589980392,3.970684756818356
2,196933.5874199472,8.352018554315242,3.616981235558114,145.94551116746993,61.55194977990894,0.35152010342998635,2.3951500259448797,3917.790513927935,0.03365311642526195,0.08600949983010335,89.99195990331432,92.28681629889773,2.5442652671625594,1945.247841177253,3034.374708854327,44.838256436105226,0.7484189784443177,608364.6314427544,5.806486416654348,98.63230498903226,0.005125228455515287,0.023137140392631605,1854.329857052471,773075.3047889471,1.9458611779722697,4.770100622346194,0.011351446807140255,27.76048341703323,4047.7819318592633,81481.97493586804,33.42386056196541,0.8036643094604691,16041.817030245551,21.747982195919967,18.859435762534627,0.4506982833015198,552345.3447108348,11.998839370023783,0.07440189717604188,2.5010498612026186,0.02413795886785781,2.5548977680148734,1.0575828707390902,3.9393549193232507
3,909698.3164870153,18.736519088609672,9.464016179731589,106.87440900990097,99.69155596698927,92.50052653027898,9945.895030473344,4059.928836291853,0.08296334019190374,0.22392048883996402,81.90869612023563,0.01,0.4947614412883555,97.26091218869847,6216.737270616791,36.36643470833623,18.888661351671534,102261.69856100614,5.0508381454515385,0.03810861515958795,0.005259344783296141,2.9409791536414764,7647.620711328859,3600000.0,9.020081143255855,0.01652674242918196,0.011209650358480178,2.2857194285868982,4126.348123272589,1133092.3810639796,3.0965647461980597,35.45608870154736,15109.089245734178,11.008359345485792,99.12074677897007,0.7201499949028026,3538845.6976275286,4.879673121421864,14.005640116110472,2.500172088741692,0.23984609163232065,72.99501677964459,2.2706101764047255,3.9492231615946367
4,148544.50349048479,13.151470516612314,0.1196398444663326,127.1374349023237,7.276864522783204,0.48276047221490986,4288.591464565359,4018.860154898611,0.041347098727291295,0.25417835820200874,77.76787920486558,0.010000370253250082,0.3200402092170333,7535.630416536704,3911.106015301299,86.02037232488435,63.694578242815666,98901.7097832331,10.26055285862708,0.010536920292658866,0.005394367530300245,9.927042433750815,6396.820766184961,3596313.9175863457,82.49319544056934,56.575851732662535,0.013909150902354745,6.4377692956826,0.05381691415228553,1588478.8614314536,7.840928754723629,4.6437040557003115,14987.892209258154,0.28870273811607655,1.089886087825747,1.29513653470561,3093513.3034862336,10.99764728334701,0.3759027983052965,2.5000048345366874,0.01014709634171097,100.0,1.3521413819589536,3.95268217143255
5,1175345.9980803642,14.71156247252388,99.99997658346727,313.94856436770976,0.876908106998173,49.264544760131514,338.3320231517432,4058.6618551418596,0.0934704778224553,0.1188387782544046,32.42681729634764,16.868261588350453,0.554648208035146,8652.67801417023,3717.59418773383,0.6697068605898242,1848.3323557439671,19395.453595032024,0.2268893484311936,99.77433142285959,0.004778433198757209,25.216441177569,7927.992898926149,535092.3669365812,1.1182304459971624,99.71155008986645,0.015085700020705034,98.78922388624345,0.2561518229491126,426879.69636834756,45.792371581114466,5.479434129364522,13968.999576980912,29.737368947001883,52.02176724505144,4.377861897478004,588024.7880578032,0.2095066011968048,0.3099593767747583,2.5000347525841518,0.010000096517780383,0.1116344078674913,2977.07304709337,3.9693707635517264
6,1688401.4118152303,17.455693314972656,3.9664096311890074,121.73368648412041,0.052427055890183004,25.222210158204103,8259.113775357975,3776.869659003456,0.03725809735373754,0.12049594848889417,30.124968193833375,1.823272278778264,11.359781102401822,205.8993135029657,13916.575809952601,36.2238196326799,80.21967310306941,3182691.58138037,0.8219908116813014,38.922017179725685,0.005457459439408668,16.038401571079124,6878.123640176297,3321047.3385572894,52.22356970688013,0.33090282062391835,0.01727047694361041,0.010019324157238196,0.1765685257017159,215418.25445847932,4.6658434666338975,6.450551224977386,6084.438402748458,5.694088618596543,59.28968348053172,1.634178381586427,2629368.8867496657,11.934866884645528,0.3830155448004712,2.50000823560441,1.1556066763216142,0.03331954293518777,3.2540694741066245,3.9376409034759803
7,410869.93021188345,21.74520134427833,7.19871452389077,147.96123165399487,0.785409409724981,33.24010373980784,19.400534850558195,4060.7815587613704,0.08234588874137365,0.08608929071689615,86.19499384855108,91.34552177877485,0.010112626935874645,5152.083701407185,3275.9500499012997,0.7402866082190335,4552.964548042334,243273.50426918556,3.590324437490295,0.15237931426910087,0.005526067229142682,3.5994317228246366,761.7182550315088,2489824.305352805,3.323894717949691,6.753629123548143,0.011444422456712771,0.561052505692195,1268.4516121952565,296874.5297653873,40.99609799781044,2.2258017865545145,14772.20144918827,88.99595086813625,1.0301565034097182,4.932618388745238,2481817.728148567,11.985949793205014,3.7668908083106274,2.5049914072581725,0.23775795529541702,39.27328329413734,6.060582406558296,3.9706471442193254
8,1107874.132881717,11.712690743107544,0.14766857228466548,149.3627460322487,1.465353467707958,0.04286702768953585,70.43948622153798,4059.383205831602,0.09749094897854761,0.21118845967968194,31.41171883593694,12.043148672286476,84.53174938970693,10.803040742156968,360.02837451025374,99.98517354539622,7058.454104233009,625821.193442465,38.61620046838338,0.7318184364614329,0.005739649750670037,13.967119763889793,1015.6593203551647,828522.4394820469,51.212416898580194,0.833507931697505,0.013360696905364627,2.5776431687375716,0.010001374216194913,346829.55071452615,0.038255835610738156,11.081281087781612,9298.74321563709,0.1040299343259952,1.272449172475796,0.028189093125367607,3600000.0,0.06151840855365796,26.33182864311531,2.501604872576697,0.021053469196811586,0.5962396235142153,0.07882870141910817,3.916980414158583
9,47990.403268993294,0.71576809321732,15.220158220022023,170.89638133464294,2.1397513538062456,13.63662482878086,28.377694998371926,4060.134762818515,0.09469596859298668,0.25582060885925517,45.54771950545715,0.01,100.0,428.63692512720706,13505.839162342905,22.013433075325302,161.18000967218853,3593364.1934061702,0.8875803105946711,2.1418580419723683,0.004772421064695152,45.354960670708564,7822.627378534507,1112778.7634957507,7.505708699968387,37.26946725362068,581.4365631214688,0.01,1.566640564849144,422957.2910309391,1.5063918860481935,14.902195498588098,6044.271375477985,2.902145877204595,28.990904694224614,1.7740227055634707,3581376.429436493,12.821733065035025,6.137244886183682,2.5238911881141317,0.1640621291811674,18.40295553288951,9.297990514201947,3.9611586009699775
10,39324.11000369375,0.01,99.03752125576392,115.16541070913303,4.20951481166533,11.842863399394327,5.137354235931603,4057.415980713987,0.09043290075207684,0.2343906768627433,44.1484510094437,32.811311122599584,2.5961324511581974,47.02004646299179,360.00004599853384,19.3420538203545,1226.29159972271,9117.729924848263,0.019190994249413732,0.056047222300162756,0.005394989492293698,29.045139818384673,1341.8463799761541,3580193.43196841,0.4200018274205313,82.29516281114472,0.011488773973258825,72.24612873965917,930.6855409771119,1600253.9888771144,17.68765725786905,11.636940241763048,17807.46737280113,5.930097087889952,0.5765916647984279,0.2668470394083006,3585837.653947082,10.896368526861194,0.6812894758243447,2.5000073744755458,0.024256897100012848,3.847329244950098,0.39063109427871223,3.9071043212519037
11,570671.8160697032,3.634365771485033,1.6253917293420126,116.9944693591748,0.03993286385026985,29.773316874203797,14.035302438919526,3755.2360733294913,0.0325,0.15410165381143454,87.29939923109309,41.38320046650192,17.393429402419322,4912.323494053999,2279983.640893694,63.461795686721054,0.026417686494532747,119322.74632206516,6.466445751285346,29.5111354789752,0.0059069765843093175,0.09863077897810715,2526.8726633617293,2141559.455820197,3.065813866410864,34.377062046889996,0.011604654204923126,10.747683127855618,6889.100011062026,45919.45818873962,1.3749721506549262,0.15412767669381222,6648.854261422457,0.597588676868223,1.6857994488666133,0.8501120094250056,177739.93228930267,1.8561705365990357,0.24504107859400437,2.5000382399949417,0.043597479038728466,20.27268616706042,2.1693371099583008,3.951883541360543
12,2628334.988768456,69.12766857966812,15.76050720810118,106.55135422698946,91.1350300403192,2.208151929759449,5.624537790393299,4060.7999999999997,0.03330755099369651,0.18060899774477532,83.00512127980117,0.01,0.6130936323078158,51.57368574789997,782.4500560124756,43.85250388504986,2294.099008980022,1143008.2467460283,45.578416428381104,1.7488617840150817,0.005532553861802112,100.0,2079.4985214556236,1193051.9800738464,9.268825396618423,1.5592405042458102,0.01154989068348276,1.6124049810799277,81.30983229044546,1199908.8600863004,13.449870669175448,29.413568914440596,12688.833001563957,5.014565797287001,85.51512872030843,0.33742894742597107,127200.70871143698,1.238074731290338,1.0454432192941463,2.500592958572167,0.17193356813520866,99.99988314440287,0.34201678023090415,3.966029767758813
13,675386.5853287101,1.4825948683681351,0.5636467823781085,300.748769575504,2.7586687906273886,0.011369186669378733,18.429966610905225,3804.764052370914,0.09277427446539595,0.08656980193301302,72.09930026461117,97.20631219358044,63.48868457156448,150.9729312657263,1058.8464923698536,59.8649301655232,223.01838957860141,573282.1698517876,6.975554660689509,0.011223215570055671,0.005833564615056167,7.124775931089025,4800.850069320084,692068.171655619,4.77124874794929,2.689294573029149,0.013655366321743927,0.40538486142144114,0.01,1779941.1204814082,88.00476427529516,10.486874328581072,6247.425126930243,3.5784754179818496,28.612544346499597,0.7079936627341217,2127029.670634405,9.860058765559513,6.989898660040585,2.5000067250517426,1.3434073499502777,0.9288885516345077,0.38923987762788564,3.95976021924763
14,351936.193461553,19.403249142686512,38.25523131938774,132.60551703868234,4.039876147563796,32.91250534357959,56.00671141120772,4060.5504143399603,0.04700756251811813,0.08631689956981278,70.74000638223956,0.010060531630996015,2.2140442776900358,1517.0713526213785,17197.33705412322,30.284331450724107,3436.1531591140647,13826.903591855005,0.06886465697380369,44.333852355088474,0.004266362247471136,0.5692088264784062,1786.6377934426393,3598309.6615689467,3.4135286635169417,0.3775115946879121,0.01444635223792586,54.774654400777706,0.1123823094186615,273850.8169483316,1.9544304170686149,7.694694011912871,17999.655250985623,1.3378034097752671,57.78436003808086,2.4287486565317815,293529.10416817636,6.07970271474672,0.6672219265196638,2.5006020006032297,0.10075867244104979,8.407428040714363,359.66243395666294,3.94355171961211
15,3599999.8018751997,3.182533833163524,3.4731469186140873,105.0080214733262,3.996531390388707,0.32396392884042235,1091.61026985006,3852.067802970503,0.03626684104434578,0.1717482018668325,31.89751366199141,0.3495905856524443,0.011164166081558827,156.94317984231495,4561.306180915442,66.00846812900164,6.835282767261511,276923.1038683668,10.676519693572121,0.61169943667799,0.004334193189292137,90.26164461328385,532.9071554887538,2655289.101572532,6.599201258936464,98.49891572025538,0.015977475321306816,2.1947321865994054,0.01,24713.84972291075,2.0735479263554035,0.03882983387938322,6000.252613253992,0.14051206940906583,65.97007032268789,0.4361327739437168,1831317.1051842342,18.897803860303963,2.937297922658798,2.500149036479183,0.41454355921224123,1.6201693935295134,9999.999983475085,3.9277889236677708
16,81035.74326256342,13.554316930321608,4.243759217128324,314.8298995815149,1.6091054044490996,99.26357350659734,10.21944588877548,4060.744782735903,0.06372439635594877,0.12918928698771143,43.01629477567229,31.347420140658233,1.3754953763709163,9204.613078168391,1632.313058542544,6.597971617716587,368.4465043520651,2858174.205723835,80.08635296979597,0.454083978788575,0.00572320996349554,21.101305029583642,8636.909694978269,3428274.04417076,8.078705971298064,0.24807244555807315,0.011583215653565033,1.0748763943280328,5938.556420363437,51491.3727336209,18.47568381615431,0.2515389100241971,17781.38447934746,54.21135832112517,0.40333240028451717,1.6313731937823115,3381407.051011296,0.8273925826784417,22.568850284180165,2.500284632104182,0.06863053518130437,32.53784774667241,2.358841974504287,3.9398379785456066
17,2641.905964104835,0.01000802551372338,0.9771841641160682,314.98553596034446,11.408475860582024,15.304034258913779,9204.120276739524,4055.9590269743503,0.042528840919709196,0.14227781639992113,30.0,0.011556490998494285,0.07931746527390454,30.91102310228762,3855.47508463207,100.0,9916.434993980733,15263.796902949069,0.11628973747627715,99.37153550042287,0.005105618868193412,61.383827162995345,688.3390622006051,3600000.0,1.897149791473028,5.628769858699941,0.013416810078279554,36.85169997366462,0.01,2999354.9105197745,8.872305095748791,35.01859186111954,6000.0,8.241403846363498,0.4602479919390655,0.5175928899952483,629400.4755415487,0.6874196123163813,1.1121054490498328,2.500009275065679,0.010274569763604913,30.399195961438696,1.14726419349808,3.878001543629351
18,828996.2802592379,12.576081266374366,21.649244846898156,228.19621024315833,2.641196017786683,13.984973279820576,13.232470986381776,4060.799331630018,0.032509483655335625,0.2547581987182711,87.00751410020328,0.035193269780809236,0.4153708376381285,6913.497840355355,20781.142601194602,99.53768333677633,1296.3046080076094,2892799.326459746,24.19060660692829,78.25816345290853,0.0060821537641987024,0.010000990576680005,3290.207679033297,3233021.153859913,2.7932811941478923,0.010169065156476299,0.014184442735757304,46.50613324101462,0.22615338860785883,3597437.721599711,33.80453904995062,3.674697771806316,6007.621889388665,2.3674329261606504,0.16609794315387688,3.937938449521694,2083816.1966215638,16.374388937958877,0.6521195991498564,2.5088973890638053,0.7891129196763415,0.14499161096150423,2.8565407894093306,3.903044707084482
19,1250750.1734266358,65.14226542472801,78.61813677162667,279.73917479240254,2.1392686210635756,99.73050165028694,5312.8879491811795,4060.0434660911787,0.09743461326962237,0.11597084745023759,30.00268447366424,1.4246264025299658,92.10640668240255,9407.211711204229,9416.100242137996,10.635851971358022,5298.860063358039,9446.26587367051,0.022602500781564762,0.9621180209655074,0.005341246434120208,10.220935642449529,4048.4514922994376,3599935.1983079948,0.3980133488782464,46.95941696679371,0.011236444540252497,19.87616765239168,3198.191363243105,1094600.4139015863,19.69651945645334,13.218955657560327,17225.441384774866,5.225863546452581,1.8841494935149876,4.022281631331584,364913.2868133926,3.251400663057825,2.4744210728090095,2.5002186845506236,0.34729227994434614,3.549360071063408,5.519238370027508,3.9446249255494115
20,351278.96657591214,9.916741879702913,58.25287144440784,121.85945669043413,10.493454357417694,43.62407159640554,10.666755019240133,4050.658111442012,0.09313061438411348,0.2175977153271755,33.73517817524407,0.07109454981884067,38.27089811932621,1230.7380243487964,35802.75299225207,99.76022169520886,6690.033780637635,645722.5306503878,29.62193577877777,65.56785515076939,0.005925239371537451,0.06932761475402173,1297.4322903625737,3573515.300149802,19.454501328139436,0.10698282286114064,0.01141513063264061,57.01501664848599,1610.3681109248375,423675.09590417397,4.404250356000958,10.89321712328534,17999.94814772453,16.720483687235976,0.938246494437455,1.7897517609564655,3516785.7747223936,8.918733569943665,11.070344626576325,2.5015023798204403,0.359650529044421,30.584799372457372,3.2439533553274176,3.9250004511475654
21,3453509.9066372057,1.3208395119546676,28.25740020114973,178.53008724854033,0.05850143281967658,12.614357962343927,11.962358621969415,4060.7188479933857,0.041923380429535514,0.19718452278097057,31.239065013944803,97.0715921638777,0.027271535348203126,600.8349768375988,2993.463414639878,28.48966038411839,699.2087221763311,786686.4737931167,60.55011278151588,2.2378311620778715,0.005797276619793925,1.6402565784714875,1129.8976916950644,1007644.9027465425,12.991478846527508,0.42645344075300523,0.013915583941854676,3.956701026415851,0.04970272510409721,1025342.2553697125,3.591196097008827,21.116687383009936,12218.66149839461,4.936226210163197,0.6218123965898812,1.0176911343183555,1903353.0858655453,1.282076042906581,3.2380943087016933,2.5001749925919357,0.094189342092515,0.5299797937580859,1.6158121417245654,3.927222768232005
22,161118.18953198183,14.054861488961711,13.58912248350442,144.34639556449724,9.646437558026305,5.686019549597571,22.661391623557794,4060.177808676091,0.07433199164617094,0.21486114063524453,30.023812834120776,9.380880741128468,2.272246700351217,6856.1581326510595,654618.8065095992,47.9383254308455,0.03144351125497965,766468.4724138892,12.1836165550165,54.5369787093657,0.006112884021301455,0.01579250599661579,1409.326586688906,1029036.5274926808,2.757218992252059,0.38235102404714016,0.011709193817015918,45.65222353995956,9527.955781678273,2416964.9774400857,34.191999207332536,11.001341471948853,6000.294881317796,2.424318422039618,1.3529453835133256,3.032620570632042,827666.9206489559,0.09036869289491319,3.972837474248249,2.5006820624637522,0.41367801718881825,0.03374812195070369,1.3562687148410495,3.9728348871974957
23,28120.23010367046,9.235785702927352,5.870914984858108,105.03224372999016,11.418647712514087,27.44119677087313,6982.796653987492,4051.475979247413,0.08576919761033265,0.09335458491529522,65.81641572547284,0.010079940299327449,3.4045736608853465,48.240670238938485,362.17484891585144,3.4559654970730675,1.5147141545639862,358435.32052003354,4.264894452297509,69.35785229273426,0.004897911719575337,0.016728123597459517,1490.073995634134,3515582.6271434464,2.7929678064311725,0.03724371468014195,0.011162057813987514,97.31229742892752,2285.6332704608544,348844.7567699423,2.6836337857527686,8.162211905424684,12830.265781018445,9.226526688009075,0.3799721109047295,0.4004316573783986,640882.6934876912,10.055889635528724,0.2568120051129801,2.501345335398236,0.025388023435665468,66.41197107408486,1740.8296865566185,3.9685098463720094
24,584459.6123021567,0.7132352677424625,97.63095681171184,305.35101142583386,6.565807559240795,0.8620123533756188,14.43455305912252,4060.6614685700742,0.03809950946480671,0.20898694670278778,34.37777791474731,27.1100388039975,1.7332809308863915,202.10658803841318,4850.98205545734,86.5117191773453,696.493666042253,9698.630875234854,0.10997149627480117,0.21967438160007247,0.005565981077774869,12.183466499346672,23.348809265741735,672042.5734079091,1.8841067229701067,55.55517224099487,0.01401086661839886,10.553815247426982,0.10143505122500948,2636216.7233203677,3.9130040801963357,1.1906196738994352,17885.301207040404,0.7773455430990768,0.023915667018049844,1.0029707268349966,117554.59451295866,3.655218862877119,0.09320512486038647,2.50003118705117,0.038441585183920594,4.942914884619888,1.2537225540593269,3.8983736505347895
25,1125207.9932505789,86.40803877574677,6.131491800913768,211.29278828228894,5.8463126208050715,3.198742017047262,9.247548043499282,4047.970127061882,0.09374594080371032,0.17110636633204226,30.30358233310814,89.56769335985834,19.954429292122228,9893.066232484718,430.39243596623504,14.525673469158319,8951.791912824041,1340758.273206174,40.11672028737626,25.396216120980466,0.005486105672007662,9.505683874620857,5153.043493090302,688794.219887194,5.038611380904841,1.3703348166809466,0.013751920588826594,1.4194346076756765,0.01,695728.1577574705,52.65829103290181,8.116755851680365,17937.08889705278,18.592479302363174,5.12074341778769,0.4542473719687877,3594959.5592101826,48.324375651048605,2.7998861070498684,2.500963461218501,0.33002867107930295,99.54692059156547,0.7497540094006134,3.9537150917929784
26,286856.25912541884,11.24693079635637,22.05106398221982,279.5891330416955,3.105343784732966,70.34500622360235,14.407635337273192,4060.7373257141817,0.03469712285637399,0.1833256531056069,62.26990389808772,0.010000986953951239,91.9180481817626,2057.021962123258,18821.082429136517,52.55414709411858,5149.269616031121,248503.86161855253,26.662897299955976,3.6782330867716544,0.00559197563000801,29.322901516895243,3616.3982415065984,1499056.4552223384,7.498749894830706,4.514108976346715,0.011597902423031053,12.048211779315546,0.17583312903520565,2965705.7048866353,23.342630301772186,51.79398781599979,12436.218942965721,29.235429932741795,2.9239325489505554,2.4789161286872763,3600000.0,1.8530168007864414,26.90860364027433,2.5000478506405783,0.16445225412790954,69.67639033664966,3.8492842953191015,3.957548045751844
27,1685024.4342379204,0.14189985009079084,10.32034955131246,112.58301394248471,4.1260179835010575,0.01,20.57039942461354,4058.656896686823,0.09749090649462283,0.11890679266898929,30.73494249086537,20.121453533439816,56.48160511682881,69.14022715070057,43051.22499094351,99.9637717930525,44.57350842878996,1761255.0245706679,0.8864964132132451,0.09790663792545258,0.005179338398119898,13.43966968469822,8587.605346080825,713429.1289844465,22.446211181969133,9.872039254750597,999.999947785083,0.01682674362369355,1.0777033946590782,32703.36717621501,8.307211033835522,0.1674904022577422,17925.297227046074,17.793190123717316,99.69277917119838,1.6802025065099668,3584732.65896599,36.029028844179074,13.71907995118771,2.5003517926949494,93.79850243952636,33.81912456478732,1.305264724942068,3.9120559599693348
28,129674.93514361623,0.410357045790958,2.1777796062937673,105.0119897586615,48.90247433639279,0.01,1253.7024305766179,4055.5320058442085,0.09746716374232664,0.08604067445702021,72.22973186916656,0.01,8.377577578309689,3306.8644858010844,53992.986546790424,76.39080036092992,0.01795860498744348,3599557.3606443466,95.97215400071659,44.65913195842412,0.005339619287682441,0.029156915883527992,2616.506852476736,3600000.0,5.888483101768485,26.110543678419628,0.011487201042370864,56.60037043418815,447.1661131969929,566508.6736637515,11.02939596074684,2.5005280208909255,17958.02933923328,1.761685589526048,0.39132408071512204,0.6459111405817495,1703414.8668548241,2.033925869675258,5.870681801824085,2.5000187888954253,0.16963358737865852,1.6354823466339563,0.5190914388659746,3.9731454401150983
29,57057.2873865621,17.648847821636174,2.606185099649048,309.1781186647133,1.1071885629421139,99.4155162424395,30.51047677971273,4058.5831819705836,0.08210989115291858,0.08740028646928545,89.27536875074846,99.74533849562934,99.36987042027094,9909.849035053727,49506.476973995785,99.69313764791883,120.26159761491625,284131.97483421734,1.1890065690801912,0.14522454583275174,0.00585874955820834,72.59179827878745,6701.899558959784,1434326.1840164782,0.7616001487227658,8.439465445313179,0.011419608041032859,0.1477763533407793,3190.1936821385543,280592.85229753057,19.05295069926144,6.5110790361839825,6047.137010412885,11.837932830385999,42.08111925646683,4.065868117012528,1552328.545274665,16.30292078440581,5.407694174191893,2.500820064204701,1.0347110734342255,8.746681395483101,4.318405641101114,3.9711069109642336
30,601428.5203567877,6.538084478839535,92.2179399032914,194.17584697783064,4.0020404880643445,100.0,12.213846919332013,4043.8709180119477,0.048312422861821885,0.21293804497353758,73.53677691244644,94.48499474353166,31.739186480874295,9996.253635900113,4609.085013425993,5.832326691772898,319.0805471379957,224285.16860383836,0.7152747736815753,99.93795556277013,0.0058680946748506935,0.010127654001901278,4770.757137024936,870291.2880519669,0.20255311123032932,0.10809129724139728,0.011167472476078426,6.192879808285462,1404.5133365083066,861531.7328879627,2.1042239434862102,27.011977229193946,16818.30900950234,4.057448837924152,2.7435306068199647,1.9770515438443728,878782.0971645007,7.910962783056718,4.919086827746463,2.5020494239050364,0.6965812097693349,8.690593787577242,4.7177773692856055,3.9307693749627406
31,1453765.6989295864,0.3892709944527745,37.93892202930982,159.08018773486137,0.10886433323804322,16.240922244953907,4356.112638576001,4059.3790811743884,0.0569341874929478,0.15534088305892918,41.70955567476575,0.22395167629201412,0.01213290293544385,1955.776289083992,629.2332243793387,42.086915111356674,7291.533874372671,2483403.778641053,33.28023757557472,4.655698061915067,0.005442055733513071,99.98766895764152,3946.6342034277973,366482.75885585847,2.571296066264606,0.031894786666526835,0.012241439945459074,0.473409473058461,0.01,1190717.5311719626,3.287018405223326,20.311285305269138,11150.663092762703,1.9176264762327513,0.46975717154724367,0.42333140323101526,1106241.8298266707,0.9888880334061374,3.3899686831084024,2.500000055181729,1.0887924795287296,0.0759291763180078,0.3116861846494153,3.956720543012941
32,3600000.0,11.107328818215366,99.88458750483514,309.87881854939025,0.5740044028339603,99.48973871772331,14.048483095931026,4060.2382810329505,0.09749979681564305,0.15107861117467433,89.92461627185766,9.699680369716868,45.59778639850826,3084.4656748887164,5157.339877013481,20.622377315074694,1537.2369099854209,3275841.4275934882,3.4302646568603907,0.19815487466557874,0.005813501858030311,1.1845987036847343,1204.7069981560003,1483379.3791648804,0.6371568399691346,11.743089028275591,0.011465616039894237,0.03174720267528971,676.6813341441043,314836.86320143344,99.49382341346443,2.5261165678085415,6013.9330198865555,25.936612847943557,88.7173854799563,3.311097273592879,375663.05613895605,7.260819803257905,1.091106298341292,2.500207711935346,0.40391704991687427,5.998251148093456,2.6729578893015895,3.9678916449153365
33,1272251.035691715,32.52593247037236,29.964939793671228,118.02036065625362,1.792188171822151,36.213306599001015,3455.8655207184293,3991.5370546533977,0.09004612024502515,0.08705690686943192,67.79039375970103,0.012903018749069406,0.4537210469388,134.95910496095814,21464.047126640835,97.5535565020426,2213.5177547748244,765320.6384902397,4.21617783730942,0.06495527118139344,0.005453873590349994,4.5022326205542385,8465.813802964138,96975.27176513613,2.9534397178167913,5.670134741675093,0.015414607181549063,0.1797745336118683,0.3987681404811784,2911829.7969258167,95.00560020826646,23.664979348242852,9275.052206298056,8.875338210001445,76.7795743918405,4.057485355763375,3044411.1333833314,22.46249330414797,7.4203186070069265,2.500085425818152,2.5532766644935614,1.6062841240531458,1.9929545681939205,3.969074975600033
34,401653.5343781077,22.052910277117565,26.30606083609057,266.5702893962097,33.039175872996935,5.537675314488228,7.822895107373336,4055.227661717878,0.05983176656351751,0.23604482949963815,83.65071810285184,84.73310783143495,46.02239983644389,9995.163618398234,666298.4820510264,27.36599229065174,0.022830311423972228,90534.12056633289,1.2896208339244475,89.17358476428184,0.005874138007189721,0.026564647589002743,103.0223841485816,3597869.15429723,6.122172379491068,0.40133008274629905,0.011235444946808542,84.36796407791759,9226.878464996678,890063.1902062965,16.7730821945259,12.651414883352828,6003.578935980576,27.741979779821516,1.4932552006174897,1.2256882701285954,379879.6707345141,14.144127353785233,0.4879907451070491,2.5387261253153164,0.2096109336548591,99.9985433398489,2.792820826839464,3.955312932643749
35,320195.30039538443,5.650429514079999,9.589992969189522,105.26597901571002,65.91423611185223,0.9608231481915471,966.1128067895185,4059.947718208474,0.09744994194620805,0.258,46.14788891799268,0.012422506064366986,99.26714074770652,2003.9731610220704,360.0,37.740240944307786,44.50907592254411,135464.51851629012,2.9565541244663454,16.394453128999306,0.005715814672354454,0.01,625.8187969131799,3481625.4464561236,1.5248205413630438,1.445024389674649,0.013410189349086023,4.42079317165303,0.01,3598251.609622137,12.476417133221561,41.07440014293499,17967.496259485786,2.662931425370647,1.250752260524567,0.21286819414754904,764354.0715178573,1.6914896916590223,5.794700170273057,2.5193286531199095,0.1537980245332152,9.813925707430242,0.2601509964936268,3.9191571283478983
36,720488.7541414982,0.013569682457793414,11.248113850898205,105.0,0.013825945356462524,0.4864597826153148,21.945014426484967,4039.4127099154625,0.0325,0.21417887624526324,88.89995131671712,0.06009905253672464,100.0,8131.028131504903,369284.1248816533,69.65004949457409,0.14410302515758297,20716.84427999429,0.09674539677837876,99.93131919103207,0.0054569127443071085,0.01857940740945491,10000.0,3600000.0,2.539281834595831,6.889940520036531,0.011454142607575993,33.65658020482248,10000.0,98267.33271369697,5.194634259521781,0.7261266536613534,6071.780902621066,10.53376163420297,1.049632964344827,0.7407360859690691,3590150.58207157,10.194692914385982,0.33625718179349784,2.5011781787458296,0.010095080006417272,29.906336362532695,3.450827798900404,3.9154053516829515
37,958651.698432396,48.37365543854286,10.413029712076467,307.687203751688,15.289817963450432,1.1778558842350553,9933.419228320985,4027.127048913442,0.041705485577946816,0.10462662442582571,80.94646535604552,3.5598357983112185,0.015472923355200204,22.34845164799639,370.5332444280627,9.189170930651045,19.736959363677467,1019046.564364916,9.8448115100655,55.52404694560558,0.0060896629163564074,0.01000004903681793,668.1371083152168,3519368.0768287624,2.2521800985441836,5.746565872400021,0.013590616657608832,35.994316325686206,0.04368785409757323,519381.2062683662,3.511924376091782,11.717357550685415,17954.33478614734,0.9550279687985335,15.408736650577604,0.36812818562258715,1570895.4533686854,10.484573497016719,1.949528689680835,2.5000224980324526,0.24819993421449302,1.32999360884962,0.7558067854005845,3.916706805297988
38,103295.86798336485,0.46362430910699115,0.6669815166511608,111.03844016173525,10.858723678011923,0.014650516995263365,202.25604092950974,4054.5966638586524,0.08663473329098446,0.24507082852864545,61.96823897576177,5.105019119866446,54.25083090965902,9968.420733648869,443.2883440535628,67.95300731434847,29.81036395700294,616940.608702787,22.25446187307979,84.04543472236304,0.006245000170724835,0.059976477072380414,331.2716134800499,3528516.297981892,12.49087287510106,0.1835898742751733,0.013696752230073682,19.005241674490527,0.01,332566.6520745928,7.599300763644124,3.394286166551887,13865.090207791838,1.2332799501932576,1.5029505976058182,0.13626577557976727,511633.69131893344,0.694164483896245,5.318032215261519,2.500176872438684,0.09711720637577233,6.578251069853868,0.18485292408526605,3.913768193233893
39,2036910.8639566652,99.98405418504468,4.973215713441823,268.511471224905,0.28699249433594887,22.704046486139227,46.207559527887064,4059.882697773719,0.0389688466642428,0.08732776923654409,31.46998816634076,11.36265994498372,2.546217645771356,9999.74029086175,13830.084953543239,22.75575269541807,9991.162056659492,3593174.0806322102,22.915111355715833,0.09757678709106066,0.005827392490174563,20.871295908497935,7551.192408876871,863565.9609903881,6.152385805423075,0.15278505694908054,0.011560299828392278,0.19537555756127895,136.69852752109267,488694.435340845,1.1021016837024649,15.569122147410834,17945.48742389569,1.0486900838920759,52.204584954839454,2.4960834303748007,1554778.7008799233,4.470282405641825,7.36965439130098,2.5000192546959097,0.3281482234907734,9.853747930904625,5.235614240223714,3.9587562039616406
40,195090.91087666593,0.014491305091522294,99.33172051205355,192.5973009599582,80.75901391249074,0.14724252757372502,3.2875935067719393,4053.544548517285,0.0887925566321389,0.2578622311393861,90.0,94.26946156216971,80.458134767334,6638.370718871223,4756.608572174477,33.837676173013826,9494.908422448581,509356.03636726696,34.944869837464104,0.2747429766019118,0.005910004180002182,13.037029694040793,3384.767133501787,3142745.8648692574,7.2407475127997225,99.92175095344868,0.011295369628005852,3.370773169850683,9976.35130667511,3167554.925045536,60.1860153635056,27.496206083619832,14680.192576168149,12.42372497982945,3.0883656216128754,2.35445296980647,3599966.205761568,17.906993530633976,10.708394248153327,2.500430021471402,1.1605554923752563,7.460793263948183,1.4614311123047814,3.959372339905633
41,16883.53292486084,0.7943612216118305,4.36873224689357,195.9147013801427,1.4040138086823788,6.9477144574409815,6.76545997988918,4060.4589917667727,0.09495050176885614,0.10994369079254901,78.94898107231899,100.0,8.267407685014295,9689.711557078155,1543.156220552093,65.6699984698554,10000.0,82744.9328608832,2.7993723756639435,6.389694204491802,0.006241674463163484,36.8578598610248,594.3179439517877,3600000.0,2.3368304879368003,1.8819689537161814,0.011696344498576606,1.826280120314295,66.59751023767933,40611.06308981584,27.81426430738041,0.037054026418863906,6002.750430867399,0.9488216073388362,1.9944909898893735,0.5379933202541388,328203.1181102413,9.718088288561468,0.811065986377872,2.501477662691617,0.4930384417735825,4.96281109693525,0.4837394180215283,3.9231697915660657
42,5302.185402084583,0.011402239752287196,1.2322563317908606,105.83589660548985,92.62691446321652,42.41423497834006,7.320915059870418,4030.978905101059,0.0975,0.25758850259696703,76.05900146193872,32.686882523135,2.4330922029327935,7470.906812572149,10012.597822710193,99.95145699748291,857.158708787112,24335.92287650734,1.7599166493099467,0.11856161472583988,0.005808637881979232,98.9049821386239,746.1169694858444,439378.6485954569,7.08922786285773,44.50286950592784,0.01460403397035952,7.331756220373773,0.11106488978955525,1846390.8061822942,51.17885714540485,3.492155362129664,17749.887145504785,4.552212310457667,0.4217362819131043,1.5898289629004756,1924891.0032059553,2.9013746316431406,0.4099647687058614,2.5048679687645943,0.016222559775715285,0.8024663715859698,1.9355999457886144,3.914556081689916
43,324704.14444897807,6.066436282791049,19.441638916232503,257.6542488314028,1.929735311728214,57.38078074469339,7.459559624225895,4054.0913123428695,0.03250030844974454,0.19101343748524824,81.0555381253221,0.03986173293387052,3.225669210550987,1239.7775058693937,9043.67399203773,22.318403144881405,731.3458292081355,593951.8600278316,28.344068872021758,3.797008259290436,0.005604921685762562,0.03506683317120991,6036.32472759649,3322560.636608057,5.725856783884317,3.773414128539059,0.01123395505363438,2.477250876334195,7384.862598535287,135113.36354362886,31.875226961371467,1.709894345517915,6652.192805915841,99.99981987315617,3.3684760971928753,2.839436097937648,3568948.409930617,5.122741211824106,20.128153750917434,2.501744081910373,0.43665820102375186,53.71752451225076,3.4314231776403608,3.9470398714077257
44,115891.18696717049,1.554503280165483,2.9176945308604534,105.0,32.8450753534498,0.24620773321760892,4549.947264501885,3968.125427794823,0.03268593383252015,0.22774364803842442,86.4037555283185,0.01001349176051004,0.4926945438711061,145.98107798033848,7056.448634965607,100.0,256.93789326008584,248854.87293796433,2.9777576653418247,88.22435968758796,0.006009671641907175,0.016846144608752868,153.52306175316897,3493289.753336037,6.081364718983259,60.15362097134057,0.014453013715713009,100.0,0.2026435681616651,706307.6042670233,9.170991075281938,0.8647518796777138,8348.017603534796,0.525080621097298,0.20446754853009314,1.8991725453921346,445646.9215232825,0.22816358489528996,2.45590431865683,2.505049706869937,0.10458630355993159,0.2136036332711368,1.7888665284620848,3.902137524688563
45,18518.903824623234,0.010976497215159869,23.682622911047357,314.2856136681025,3.4680126992044062,8.350875907548907,11.785953114519732,4060.7999999999997,0.0325,0.258,90.0,27.776941315380125,52.03518397507126,1863.1029705324638,15512.302252856083,69.16563088772733,1547.7407202099923,802235.2438014515,69.56030371392521,29.34990142283262,0.005895651523958402,29.862590138758073,1797.1490582897868,1723334.248815555,5.426923358968816,0.01,0.011441751905578926,9.60827632491054,934.1402489549693,1678063.0304399582,3.058569168779062,54.954236901492486,11543.332354556309,8.801570848423383,25.787047187188524,1.115769963567442,990651.1977622943,12.718280333803364,3.3958153104716056,2.5008924426503585,0.7569397926437503,28.907743505311046,2.256873529852485,3.9359511449401126
46,217224.01771968103,3.1593374911665957,14.61887550808786,105.07928862060182,2.4601176354780714,2.241864460472449,9997.331270766905,3967.772340498112,0.09749996218465674,0.16870696112075342,83.56713489532409,60.60739315367446,3.8604538567248246,4480.124945940563,360.988880475455,31.132949031062264,5179.991005072686,59131.420681330244,0.34107171153700155,21.299662637257587,0.00569850801994036,28.9014769350818,82.46019474969147,2629593.179376645,2.614150676005755,4.951629917456112,0.011431373802493303,0.24064586011437833,87.39045379147268,352125.6756953369,23.23117775440923,2.7803251796815305,7563.339666191474,8.401232892100124,0.5547161661546715,0.3489407277200078,956206.8739939363,0.5482282891117044,0.8893132558899707,2.519277113873521,1.3849771249182712,0.010157759267191804,0.1985634020066323,3.9685123233699127
47,45504.07952928229,2.146500525749686,4.79807648685748,302.83545104112056,0.46997164792139484,99.22093660196771,18.840584233104142,4060.7685482991355,0.0937818278835932,0.13869044948464698,90.0,99.79734260634434,78.46405656632352,8337.088168332146,24319.263866290436,97.98264573833093,1869.59159047144,601881.4272683961,35.73862204886248,9.915699133245703,0.0060358813870083905,99.9926644020908,1124.4656013305912,3256407.0519280504,30.30065221859603,0.02065453612750366,0.011571271028232825,2.6502737516279957,2361.4808703889653,305461.568930272,3.5327231997563713,8.77697912388045,8354.768373349689,12.024058957507696,36.90953698942905,1.0535085161360294,3566083.724187489,17.35217877973645,6.289048943683382,2.502689395471879,0.4606880939253544,56.550890201895044,2.420684611766999,3.940559216662369
48,1031593.8085763475,1.0094826048451984,18.178100606261815,313.29478013364593,0.024537509435863733,85.47578572500898,25.875204553854513,4004.8969772391883,0.037818259251583095,0.13487740822320365,67.47815951963393,97.57091287949255,59.33239048726923,9991.60341561207,18092.11373990797,99.98425063677976,2758.7427224603666,503219.024791348,30.124240437253953,0.752207925469401,0.005960769908381708,14.750099284783111,8512.26119360962,2782909.919045785,17.782181624528455,6.187548476812999,0.012707930246089726,2.4999458781272406,0.06293166707095184,1850392.5717546493,81.47856623367495,15.046401803881444,17522.33811307633,7.777263479536681,16.699766239134547,3.8130169468363437,3541553.4195559495,55.09633570428233,2.776349927049724,2.5,2.0371466484382785,1.625783643716244,1.5597449044984157,3.959128358095378
49,11946.615576766597,0.7081950262458641,13.140601866713755,312.9928546922611,15.542071266069467,65.084412288855,14.609321584978671,4054.867336882743,0.03262859874581269,0.1669371900211276,56.57736490905216,34.38469841832924,0.17997108689828262,9808.139025025597,19141.96354297877,88.91528125969161,624.1307842167067,12871.79485404999,0.04557045990558752,98.45849241883083,0.005665405213253943,47.69747188101439,4617.309151336653,3584630.899337919,2.225050413278673,3.3231935536839003,0.011589832046308361,5.600276643576786,9867.40557238098,820150.8337327262,13.007656069906043,1.693601333788503,17999.082163638323,0.6478111013902793,0.5005554207359197,4.826546999039211,1106348.9482913022,6.50948848942447,3.613352910005648,2.5000000025128877,1.304350037815873,0.7870506361919533,1.7064312919570697,3.9264694168829446
