,(GLMU).kcat_F,(GLMU).Km_GalNAc1P,(GLMU).Km_UTP,(GLMU).K_eq_GLMU,(GLMU).Km_UDP_GalNAc,(GLMU).Km_PP,(GLMU).ki_P,(GLMU).ki_UDP_GalNAc,(NAHK_ATP).kcat_F,(NAHK_ATP).Km_GalNAc,(NAHK_ATP).Km_ATP,(NAHK_ATP).K_eq_NAHK,(NAHK_ATP).Km_GalNAc1P,(NAHK_ATP).Km_ADP,(NAHK_ATP).ki_P,(PPA).kcat_F,(PPA).Km_PP,(PPA).ki_P,(PPA).ki_ADP,(PPA).ka_PP,(PPK3_A).kcat_F,(PPK3_A).Km_ADP,(PPK3_A).Km_PolyP,(PPK3_A).K_eq_PPK3_A,(PPK3_A).Km_ATP,(PPK3_A).ki_P,(PPK3_U).kcat_F,(PPK3_U).Km_UDP,(PPK3_U).Km_PolyP,(PPK3_U).K_eq_PPK3_U,(PPK3_U).Km_UTP,(PPK3_U).ki_P,(UDK_ATP).kcat_F,(UDK_ATP).Km_Uri,(UDK_ATP).Km_ATP,(UDK_ATP).K_eq_UDK,(UDK_ATP).Km_UMP,(UDK_ATP).Km_ADP,(UDK_ATP).ki_P,(UDK_ATP).ki_ADP,(UDK_ATP).ki_UTP,(UMPK_ATP).kcat_F,(UMPK_ATP).Km_UMP,(UMPK_ATP).Km_ATP,(UMPK_ATP).Km_ADP,(UMPK_ATP).K_eq_UMPK,(UMPK_ATP).Km_UDP,(UMPK_ATP).ki_P,(UMPK_ADP).kcat_F,(UMPK_ADP).Km_UMP,(UMPK_ADP).K_eq_UMPK,(UMPK_ADP).Km_UDP,(UMPK_ADP).Km_AMP,(UMPK_ADP).ki_P,(UMPK_ATPP).kcat_F,(UMPK_ATPP).Km_UMP,(UMPK_ATPP).Km_ATPP,(UMPK_ATPP).K_eq_UMPK,(UMPK_ATPP).Km_UDP,(UMPK_ATPP).ki_P,obj
0,3544936.742594051,29.351244056455098,97.9624120671779,293.219631151037,2.353375534266574,15.604606141308741,20.855479603920188,808.3057939978132,4060.3286602933317,0.03747934737067617,0.08600949608072088,82.45783645270542,0.7426954977750326,93.2069414070211,1291.5907182771489,88071.45243302663,97.09828641488383,0.010005592145805731,2745.348138185777,63.70139179250286,3080193.3582980167,11.218423905751003,0.8114453517907594,0.0028135698011799676,99.99962263455046,2298.9147543225495,2102168.090544185,39.33257642881067,0.44119261326338444,0.010688802083846876,2.3816901000267654,9763.104134208117,652632.7347091085,7.208730338451857,7.5310814756830995,12297.936951838165,5.176548835990018,99.95877616145901,6.347037836026626,0.814474523845107,2813.4698422958163,528913.1337701057,0.05152146389997097,3.1036734983526544,3.9574785612073717,2.514415278325518,0.010340774550598574,162.45866788480046,3692.5582374129253,0.010876050012417917,0.08822080576516018,50.65216125135424,6.721573587306377,22.446451838277472,3163397.507689739,76.7637505976311,23.37970602761656,1.2908203319131801,99.64981451261826,6361.30546094707,0.8491609225544768
1,188100.40755684185,45.337231048771145,7.162507629607312,125.03713985908952,1.6633887818533697,0.9452737055534692,3316.7709714040666,607.6689629323528,4057.0311516472866,0.07867360947451127,0.08865418980029459,61.96591424160973,36.33892464626011,0.17677397265883735,567.7020579283246,1109279.7582750348,11.764854609508243,0.01,749.3877540580249,673.8397489515482,213167.3912179904,0.943815875833707,99.90461444490397,0.002598057010239161,2.6552877325493602,121.47691798202217,332253.39972316223,2.8232718259668506,1.8504581993399634,0.010575847987991552,81.96331818334451,1308.242280388108,193716.51394568995,9.632702483226655,2.6882031434049787,11793.727486759373,1.6997845372979277,1.3153704732066636,38.598765480606964,4882.856550245624,1946.6750656148192,767463.5003622953,22.451152906588288,0.5786356141833577,1.2776444028279974,2.5000305308481727,1.9128681414121267,754.722583769927,887707.4502638859,45.90673597848378,0.0831980945098826,0.018047032412011464,5.205183420339179,208.00845392487875,296692.01608548313,10.505302188596994,1.5604052490089784,1.2149202150253928,5.412802429642369,275.90562483628844,0.883549629166493
2,76656.39305387046,0.0810713721665616,1.4581793826820084,135.24689849774765,0.01,19.951233659152123,9181.857287294106,99.33617692640195,4044.2281811871017,0.0325560952751483,0.08785928293090606,46.1500750173639,0.05145534284538373,0.01000088151803728,8833.966691648435,228906.5323111787,0.011514795773408647,0.05224893047650324,0.011104697963804734,572.5423686835969,848977.0773913028,4.21102100241347,1.305994707133749,0.0025076713157996524,5.0370475017932135,1487.8139962473529,2364754.5537683647,10.745020460878182,0.7892004708344444,0.01093433501034924,5.114846373347158,924.2604136168452,3587005.663207862,28.820935330333224,8.932420513286786,6488.535487967499,1.8325856890620464,0.2808673693206052,280.897130920431,522.5846945571097,7515.535679017085,291175.5509343754,14.336613246171273,0.47793713557538503,10.950090320559262,2.5005661911516195,86.46655044653417,3431.664002352882,44155.99317669635,7.166606407942496,0.08465146852777879,89.7635687839562,5.9839270882138225,3891.9524375273945,196712.12164121235,22.852309684663823,0.0874138147544119,1.191250868183513,1.0622989512432035,53.71810897678384,0.9063611718723973
3,312563.5163692845,7.361947200549485,2.368938049491819,291.7559004437258,0.25498668553424236,2.3378595325865374,32.0241993721967,24.562331235945315,4056.980524203941,0.034090243713286054,0.08641844129329808,51.47638800848955,0.01,18.476319538308733,3671.7570860547985,76033.57840706804,6.270289487533189,6206.938237359547,8269.088927015962,833.3424980945505,398696.9979387389,0.1406617259675316,2.744069269870182,0.00285065576182716,36.00116478528517,1255.6017121298164,1998564.6760707002,1.088289647155407,0.5753990417532551,0.011049902014536109,2.5261503897105286,592.4602614377668,1186873.5487565587,19.370839526227005,2.0483174437752525,16882.243247719227,14.965135682846109,0.03098678445208415,9762.692062683796,973.6304378316366,2929.3832185778756,1136668.546449101,25.46261921955695,1.9940782499192735,17.58233523635156,2.500000912310029,1.7264580088804249,29.611226776623656,16375.44623723801,1.9259331764935042,0.12446320698403335,2.2603141599137193,42.19666118499959,1.7928212100744703,860749.9185502693,0.01311676137330719,99.99896636915312,1.3061541547294702,17.179270501994523,52.03408094830496,0.9208445225950603
4,296525.6053712968,1.7506646059815392,11.205363055171613,309.38458187635496,1.0761212489479894,0.0291717880621049,902.0051139383803,40.64225811477373,4047.5767564312746,0.03604301942155529,0.10492773158887363,89.99293849057158,0.019305485753071158,98.42006885952848,1576.6230465136734,2090768.7153914461,74.69402404504338,0.026870357552690273,4539.424181329712,999.5917841638767,525058.9577489918,3.8759738363249583,0.6554879459063121,0.002587340003782963,3.9889803718146117,1016.9522503154333,309845.6821512638,12.508194337626279,0.8880618846304463,0.012454587763522724,1.6307654439918384,0.9663305748226636,946594.3192080557,7.312322007534711,22.76012956056876,16661.397420170608,2.0094687044992576,45.49840670002524,18.741216444837562,94.87814136631597,1798.4873886579871,2708729.033662008,3.1799424403026513,5.160444819134054,33.32815792448826,2.5000144761061853,0.19866642409983007,1191.9153799931855,3599628.1256081443,4.7097525617501,0.07962676608603744,1.6697474857559225,59.70315912386893,21.510954763907687,352196.55205581716,25.70190456608329,12.15256119706612,1.2142473979264514,63.58946993291683,195.12516555575763,0.9183209555332986
5,3584898.6201440752,1.8372480143480987,4.827601603731735,226.27339478533398,19.501175919318285,0.010000002877645938,16.023547971734217,32.71747107848647,4059.7271102407153,0.08106750335345324,0.1810078107501048,90.0,14.62774629645229,24.859901704659404,3572.8385985848563,361.35516604312306,74.31720806593795,8.466784681191879,420.5779930755127,26.09070105772273,3387510.214261364,9.70355888341553,8.009417177322682,0.002566851272521285,2.497640755803948,22.497185401312375,3544017.1264437623,1.5528642348439883,18.345301971233667,0.012797050281601281,81.97140223667718,0.01,644741.9615441116,10.157780989234835,4.879897937645354,14912.177421782942,3.8416277646481993,0.18909278709646143,25.80773567496624,3681.960267532778,3579.6635302482982,818193.8911310802,4.111907429937014,6.853867306771987,4.138205344426549,2.5003219686176354,84.48772554428197,9995.133879013276,13906.063732540442,14.472953234090351,0.08358545052473064,33.249261271144235,24.77011002215959,2408.0187065135106,404636.09790667327,16.892503372598938,0.1827351491549505,1.2302573016741822,2.395606440640208,65.66521933750656,0.8654006567858472
6,69682.56044906576,0.20625704578522486,3.8145850884750745,167.59650793673228,0.010000080042638745,15.67121147516704,190.99372451275963,188.23706362490142,4055.0781786327257,0.08597756544096638,0.09043352873228576,88.13377161673797,4.484711218980462,22.642747193179115,2331.093630075919,360.0000039536562,0.0101105877370705,5120.031177612282,4671.726854049866,2.4309014619868035,405878.0589240345,1.199862666768526,9.605762614328247,0.002580081375892624,43.810640584069276,6407.737108166337,600066.0633006297,6.196079440932046,79.92609111214533,0.010919702260305445,25.073572935859428,5238.706549413337,1965684.0290311964,25.58970403460591,5.208090072792968,17614.109052056654,3.618993342219641,1.3528519304427593,45.06028308798089,0.44340716254881796,9995.600250690797,894330.3076269205,3.4509747838335945,5.250338554295344,99.9439095830207,2.5010334428820498,0.3983126526511375,515.5756033441329,1228745.5736063516,24.921776778539655,0.07959152608525959,0.5605915277170942,33.5690010988523,2850.597789940053,52198.21488284344,0.01192216476535098,13.729348508753407,1.1835256875840965,16.66371426211027,80.26074036714577,0.8719867058176829
7,3599408.409549714,0.010749589186641833,2.6894414638509057,300.07612263616795,1.9415473123129863,82.71690100758272,0.01,2017.270903921081,3588.837294802965,0.03939898876067344,0.1029800400246521,90.0,97.67144605042556,8.437411187362933,2450.7190842452724,34491.61191655086,83.45824014778002,0.01,621.9701524388751,36.06579492901141,896461.8438175428,0.5306347186323055,0.9137101928452815,0.0026232001783225204,57.5370076009298,2030.7044433713754,529939.6065728029,2.056808016201833,0.01,0.010556967709177507,0.09329423551705783,3111.928944230013,3548704.7927194294,1.8493449260410098,93.06709238528228,6027.332862610563,0.6427039492453057,23.716850306675678,5.1340063213611336,9852.520560591156,79.73883314072008,3437475.661200922,0.03863098433522738,5.36242925664886,0.6434272057616305,2.5004150875219424,0.010057283329247803,55.37925162997655,1444.8994951112145,0.018323966033568503,0.08336306307204351,3.8444415187402594,0.1574411668059689,149.1642800772869,1472508.2995636053,10.29647258463687,18.917473882265238,1.1942684938829706,35.1067538392425,2521.8616382065106,0.8889285765616437
8,110520.69969951178,6.5508863543517535,2.733027605016827,248.0110503255724,0.4972974589726195,0.011458085149003027,33.4052887339029,86.86742538454921,4060.7999999999997,0.03590115316939149,0.0860105373447182,30.909744751947414,1.6204704477640528,0.11206282728321801,9528.827742948524,3375048.3900453006,15.756690781941089,142.69450210764694,378.25643950807955,709.914709518285,387129.17002475244,0.17519720657218796,0.3416996779114915,0.0026807732428770336,12.377935097414369,2816.721888499963,119665.81585108623,0.15069066823853627,99.7226312460121,0.010986951949774205,0.640735222285251,7110.460120209634,199081.44505834515,62.12571096767442,0.27594552697808,17672.841060563253,2.892644098817977,0.2446180844117172,8590.46431837998,3819.4117647595817,1073.135162126283,97272.86617388991,0.30370062059117026,0.14063162378136357,27.87586602799953,2.5017641788798772,0.05345806900463622,1569.3752400691403,2788370.2824194673,8.675539154021614,0.08325697187813966,0.15065437927248285,2.5427389086881695,9992.68635793369,1330999.3030465143,9.64307333338665,8.074636403108451,1.2114139604660477,7.728210615282939,155.8435183920728,0.8901650674253628
9,1305615.2948043225,15.482294172866625,99.35939079767243,113.66059618067527,3.191668204937912,92.9297162200834,917.5073733205727,34.14421688393928,4059.80308730943,0.05190168988282297,0.10982621942763342,89.99426944521969,0.01000030093027004,6.770621617574881,6543.177436233836,400.06247648311603,0.06329031794127019,0.01,1643.3500646364423,381.9340309847082,104017.15261754299,1.2227673867264868,0.1175139273907163,0.0026126293157142,39.555297503176526,9985.02048040023,981976.9724020844,12.001210704751506,0.011958583747699774,0.010673076591419813,9.304147115403367,3121.925978999175,476081.12365059066,63.996935957303066,5.26624055814787,8656.890669765427,19.07226334346249,38.48122815076545,8.072182643712539,132.79362287913358,960.1399450253729,3599999.7829822665,2.0310772016596785,14.373972728746605,14.876634628889162,2.5000338040092758,0.22962087829896907,178.2008244184682,2209541.719006594,8.719216144491202,0.08445662314133946,0.01,14.076870158822066,1568.5255545645969,345083.4614288537,35.42803461932825,6.011242293075683,1.1998502038447212,16.820757258106024,4944.955609040056,0.884846747225546
10,14275.64368684246,1.765847196624863,2.191909005466249,299.3147505401647,8.366647941926134,46.388827052678934,1846.6054607857552,6.174044138602385,4058.808225821228,0.07388703119754467,0.10051511727180462,76.61599451008628,0.23258759063164614,56.84693053097775,441.65012922252424,18219.387834558078,99.57409575212733,0.01,0.5041059614755545,163.80907654466384,21736.83685043635,0.010000005146242075,8.617599791386295,0.002689067852464599,0.6512322158104221,2994.0256724357673,2966663.9244882823,5.850592381867868,79.25194455206216,0.01330673889947883,3.013027582649416,1.4073514651876982,3392542.6455779723,3.373180614912439,3.363838476366946,6655.070912603141,0.045200447438264096,0.45028201233410603,42.250675371587675,665.3794091414435,4239.15621473353,3599928.923639456,1.127089280424884,2.8832382316221277,58.25598698730774,2.500351757302719,0.18033711892432464,9622.1852430198,3530817.2217487185,0.04600389630540145,0.08154675619937692,2.678519226782612,37.54266623537145,97.67861529235167,3312.145916503246,11.451209413796636,0.07135698285965056,1.2391882472884082,95.30306678776645,96.58227455552709,0.8837981060792769
11,1973557.2938499947,5.97948612483278,51.347078706107695,171.73515136977034,0.8107908620794174,28.41048258095875,66.49449051567123,6139.645754885655,3750.7401696621487,0.032596405695735756,0.23734384873213024,30.027439827875614,0.7219753665752644,0.04357214472640418,376.6602648910224,361.017108125257,66.4018753702178,316.6544030809878,0.01,154.4181575715993,91380.72714713828,1.6690616732664108,8.273908028231324,0.003171597649182507,30.886536449375388,1131.255035974479,3597877.577017437,3.8219647864692488,2.4047519943226887,0.010718101312415254,99.81433396530926,0.01,268382.519726439,8.797658045346463,2.4717457410850696,6786.290404058899,0.5770393817717132,1.6726011530288696,3.835834502843762,1105.2176024094044,694.5645646971723,565707.3270444967,6.242081114319368,1.5862556743158212,98.21710571242279,2.9604967247638205,6.896136347843665,0.9799130152823261,183442.91754972274,0.5586046880640423,0.0759058234235238,63.184158385662315,9.995473437514994,956.5661540216497,597822.4767488093,0.020066168102970645,0.05125389124965562,1.3765547685779476,67.43445320869677,0.9630475073249576,0.8539374592562748
12,3474573.964731405,0.017117958185103185,3.9129771446929764,112.49851397078685,0.01,2.1133709139813828,1210.4800083420157,27.026397205024058,3891.1024013301567,0.09749999208963134,0.1970072413897468,72.66377676045563,0.010002654778261637,77.86445606693758,4951.55999053007,914771.526157768,62.994191697018756,0.010000070282437358,104.42878897046033,0.003107245634150015,656210.9730398534,2.1707392479812806,0.025007551007856767,0.002605167682069541,0.2962446397882391,7244.62156933135,53026.32442658201,0.5843433061056331,0.0159627424085904,0.010563268166037509,33.567389741236646,5337.752383186626,146550.92779281392,32.83600741061496,0.8555973395921529,11032.265421535638,2.484913486835112,99.5107946006824,4.09871948862991,3.4226849531598584,335.26213526102885,1070205.8262731377,4.264150927836293,9.755952447170658,15.795242097507813,2.5000008352183305,1.8719882215071753,9890.302348626114,6874.192467066938,0.08208133612646774,0.08794083169265031,8.140981532886768,99.90138554854936,7395.18405162646,1200093.4537481708,4.258740968039458,49.12861431929576,1.305642553484197,3.8069440308745923,44.23479355998584,0.8897430234285936
13,132889.35842229734,0.12775282320094983,2.6620927975529303,313.72881389076167,0.01,6.720958040300695,1476.6910777763194,1416.018699071994,3912.565061596547,0.08166634097781339,0.08658135826579992,30.498166713834873,79.65995034817063,95.27172039424114,112.70156440622154,1006.0973862206428,0.030909709597197455,0.010000000300948995,0.14925047648626955,0.0,1649476.6193481188,1.2572307928291795,15.388411791405451,0.0026427916370797408,0.09638954659238275,173.35022216944583,1610586.9656388017,1.0223950849266579,0.10221887107479835,0.01094406882355482,3.6578159135665054,4396.5139914007905,894417.6733132459,4.638063563047399,4.603885823440715,17999.00806509222,0.5215495957733323,1.6212207863308161,4917.982914659504,0.6985061680356187,855.0433064206107,502658.6133103018,1.2760895258369358,6.875194310327335,5.352300616947537,2.5000374310003126,0.7163355567371473,499.24931911646365,2970.6495723781622,0.044836216074069284,0.08142940626281728,67.60573727877757,98.58169578261769,88.9974515526656,82814.60855891554,0.020020693643880726,9.76488499771121,1.2129439801427437,2.675012240937523,652.1701940733991,0.8900418024619237
14,1596943.7634123608,16.973685821206686,1.0028084185329629,127.56827333381968,0.014001734484974333,0.24470704620249634,4643.58274973302,27.169761534475438,4060.749394309125,0.06181560624334097,0.0932584439876465,30.0001113920379,2.6923343383790783,14.802951228026764,8052.075958456065,2651238.2553900913,2.577240439449765,400.3724588296547,9.556218803111115,77.98836020522003,349838.8225782904,0.8537654490802287,0.013252042744986536,0.0026695625110771263,1.3305131499297973,3072.7982858842915,37347.94741831065,0.48004267633285297,13.691100484464018,0.012206010531872221,1.9320594785534346,3.5861213347334324,1073321.1642444327,0.8731320638745032,21.719747287310472,12297.283074988562,0.2481187372258881,0.9477085925077517,43.24654251549326,1220.4458275472407,1819.97793243662,174104.7373959202,1.2782585477396393,0.6268692059712708,72.21169188436396,2.502525108641563,0.23078429129159128,340.44548249843905,151909.67680313732,1.3017177465001044,0.08591801573304463,4.702502748880163,1.2522753143914627,7.509888086957344,96978.9869580054,0.191798297312293,11.491575779391441,1.2050642844596255,6.765298051574811,765.6689439385051,0.8980380443624341
15,44723.71111153285,1.6506843824683295,0.40256428521872994,105.91780878112272,2.944917856587328,0.5980434825706269,7162.183484713912,6146.514806401513,4059.723273071834,0.0325,0.2579467619956736,87.79522990982406,0.011859158770190018,55.542377119240484,3609.1591186387814,113823.50356592075,84.39729467904377,0.6707026433960391,0.6351130672396729,0.00028874231172665516,251372.65958966964,4.131644158822562,1.71188332494614,0.0025209591525882087,13.858830889825242,367.02838380396196,3072024.1573604187,9.580162967714449,0.0537924597743892,0.010318612119499313,15.35424477819912,625.370392121529,1093822.0797194587,0.6287612546590545,30.582402031965536,10699.210209471357,0.3276542475499956,2.0332003911950696,2.402371664790142,8660.263096979832,9111.25097194543,3561784.2098640376,0.48593564739979017,50.99919189088647,1.4076568756513461,2.5070699048850864,99.78489485964415,14.472509926136086,1094.9438057620448,0.010726050910225961,0.08472332529595382,33.14152541053895,36.922528822623725,9993.498257721696,3563288.8570522526,10.270518373465306,41.92030420117238,1.2053762412255205,56.22222641290174,9815.050782421577,0.8921123747032369
16,51550.568569111514,10.815718807057692,15.30887422942532,186.37192501946961,33.69877100358823,0.05072246584621327,159.51611519404898,34.7115830830494,4060.579968742558,0.06463086634762125,0.1332885085158432,30.528411622235016,0.8293133573171506,13.884123416304714,328.59069692519586,975722.2243908328,17.876442876682532,197.2142660866143,581.9817292055496,0.09094586587566368,2223161.3319162964,4.778008683928764,11.316334137818147,0.0025104059279771216,10.42288676542732,95.99527362025368,211063.66330491175,0.7950002091746622,92.21160657518432,0.010698712725314898,13.738492498529295,9344.516610213994,1049899.1495969845,9.93238610243707,23.065939101026487,16893.67914424352,11.597600251921456,0.6924249831296996,17.070564204851898,489.4699581657056,8853.891991738952,281187.7790483624,7.1740107336729295,1.7793036849778918,3.5121694323406993,2.50010949568778,39.58088585314788,27.51928971886456,8425.951750492848,0.4971741675735544,0.07716975247292943,0.0342444221194248,0.45479160104175276,520.8976968586858,3599996.3133856677,4.17122077141308,1.4886125721328298,1.1566597669303988,16.354572238920046,609.0620424664147,0.8913842487476654
17,399752.95141170715,7.388121025609333,0.4903244855595171,118.22366942939581,0.013694782357775017,74.13528270691764,48.20831297227053,117.29085988799426,4060.6512430146076,0.03480204493695531,0.12374664305066412,39.48780628530474,64.44173704601053,2.8373583516879726,7453.323658941382,360.4583317051299,0.22642437660203252,58.98562009967556,0.010012740526407615,484.44476307462963,2031983.4927771543,3.2886844019097157,0.4188673277484197,0.0026732378494297264,36.72196165808505,94.33694372508012,368520.12711154675,0.766288479921745,36.73808907060507,0.010603684337674764,26.808952435450752,1602.880894067434,43331.07614329318,0.9544002132124001,0.7303883911881804,9446.913291126088,0.6787227292598023,1.0213480805831767,6.2699433712722215,1026.7854648517055,9795.092496140373,3278531.0515768956,1.152648102813954,50.140182615956,4.354676712232756,2.5001857770317426,1.6466520293557778,4019.768126196639,2426.060946933685,0.012711576574467804,0.08618630469787684,65.64306350491889,99.74328682204757,3834.4286885789083,9679.755151786181,0.5646651513519864,0.7581349767029519,1.2705714997636877,5.2490449227454565,2033.478918548233,0.8408254861597322
18,45442.7736172349,29.82527027161627,1.9879566136303488,205.92860797125127,96.77671673262381,4.73426654060469,22.944479627594834,36.34552867903164,4044.9523488644763,0.03259731430698134,0.08620879454936381,88.54966085167551,0.01,95.15972450803443,6255.642201622319,295853.57950981875,8.52295806943344,0.01,3098.5744778011194,0.0017423959137456786,1442938.0427769346,19.380064339356,1.9383402597722403,0.002823501034212255,20.01914023075808,2128.3624570647576,2531761.6963287857,4.464318711526536,0.010283220721536857,0.01062388224992588,13.418125924735117,110.11165488373567,3510983.4713904327,36.429586711236574,49.34661494072386,15526.566861091791,3.9955748717097443,9.026632432019655,6.722429188733562,3877.130009742222,6484.177632910908,311400.4885300294,1.1719530552376796,1.9978819726193158,0.7969856133431301,2.5000135477766783,1.6720228974363998,2396.5396952068663,1201.596365619612,0.01495627734361344,0.08850536591301852,80.69801285555121,3.3347611281420146,5301.906647471012,497424.8237431526,0.010775943092842957,0.5706824255868082,1.3351367553658111,62.35299326018539,3378.6198905285914,0.8971748605855611
19,652442.3191083965,39.44417326916517,44.06646998848013,151.31137137301405,28.68490002074999,3.812920438194738,20.82862512109877,236.39198061253592,3565.27763319946,0.09748699245846205,0.0936834814876133,87.24760961330911,12.615221529455829,8.105626723366193,1105.4982165845947,362.08047039614075,32.24213052752673,920.621243413385,2511.492589369699,805.3477500252384,40288.947354240685,0.0832298136695138,34.270338248205235,0.002900096113701395,19.210579385982612,2612.459852904972,89927.0653429854,0.4258688858332295,54.93530587890874,0.014341608753332121,89.93664524149507,1.0334882417740943,587754.600854035,9.549590242654428,10.997764424979447,14449.089921195207,3.1235844297674835,1.9582021433437269,12.151362313729592,187.37448083859536,483.4704679535797,937088.3346196129,11.718134416997149,2.5068050369532067,7.696153982137039,2.500950113088545,99.64985861525197,1155.900599017571,34449.90703814571,21.740507153041506,0.09951314799869591,27.880626652362807,0.07080192982398638,612.4131559239743,3156774.6048919507,11.506216642186057,4.180364408030195,1.3588104601161588,20.133814655680542,237.90411151343872,0.9035733662128798
20,3560729.364848428,0.24312806393324393,25.209302260020863,163.28213689059922,0.010069808145754472,15.673259307095071,19.65336126089423,51.59279535553201,4051.4650032678805,0.035040480650570964,0.22302545072248897,84.53777181909204,33.93231663156,44.98631524791486,1855.3964693609937,1656.791177617418,9.956831596134665,9986.496582487689,137.36679156050494,0.4147718113667544,452778.7806462472,1.0833374489760805,0.5186088612335964,0.002644408288562539,6.8016148734968205,7649.436727252829,3594229.7111069653,34.418488240422235,24.424956194048658,0.010358184754811794,1.3751650539992788,135.81042964366776,741922.3190514485,6.928467463737863,11.755269025867273,9560.965454205183,29.507532430251732,9.900799425242207,2.786312679266939,1.292508218607545,5288.896801648213,1554040.1288507415,0.42340391138158895,25.903530791377293,68.24157227364094,2.5010282564653323,0.2838824067191847,11.156087321960035,848474.4077909025,13.631150855438444,0.07748934804115319,0.400419002713057,6.977657715955495,9734.964481836172,43126.02996542415,6.120823391262093,5.579221565016669,1.2022505154929342,39.6380614669771,1232.7359258910571,0.8358998117700803
21,50535.603664378024,7.31377127308501,0.07200533225007294,105.04210447838918,0.010012143768893136,0.5249127614114686,9939.57240738566,96.39134683578358,4060.7887025253135,0.03265841938105589,0.09153531667789755,68.38144346774332,0.9164450312279742,20.971768859354704,4702.054864740067,178833.95123233832,21.50586951146259,1523.3509167593793,363.2436411203651,0.017717709888482928,3600000.0,13.360321406573636,0.06418708150578381,0.0027201834116486363,14.640337805725785,63.387709062653656,2798983.692127407,0.8772097906061203,2.8968648258606753,0.016347128901584504,95.73006782575013,0.01,146748.33827203745,5.764875296353998,1.9868407591838153,17969.463436948634,3.5373773081245767,99.542815640626,7.999371116039178,1.980380416661896,94.29877501924506,72955.81856970588,2.51342571973145,0.19392177826175436,31.823715910716047,2.531940356441868,16.188940489677,1201.5619633188076,83934.6146004774,0.029026832368739153,0.09528198449681258,13.77088003246132,4.814166040631164,925.3075854807994,3460912.2522699176,1.5720678932776784,0.11128270101635093,1.3357863753032106,27.301531226678062,13.35705101813177,0.8733669412394018
22,54081.459958663014,2.2935286714574814,1.7119565566027182,315.0,0.4458208496906134,98.19928870394116,7.794225457145527,162.31984703421864,4060.5819417305706,0.05215122525642735,0.08602770176204881,87.96266685030525,99.09708004319066,71.36084263850898,8357.806645756418,24676.729436561734,99.84469071270492,6178.351850279317,0.01,872.5882356971183,31960.348754228828,0.01244848587857571,66.92481608469355,0.0031638136732667133,0.010000023868931765,84.43084865854851,2308901.245963913,0.34175822613608775,46.64643543161711,0.01112382440528285,1.7124573220715513,9810.85908390634,1917930.2617173588,23.393617425521263,42.11825336861531,9187.619502572088,21.110911044221346,22.23560401054622,11.69107330258651,302.0737573842519,5878.518223886197,864894.1631176154,8.912916746734698,6.555325887497851,77.88647710307033,2.5008828966793164,6.172973790617409,13.181222934196418,101137.59968227857,28.472484438618025,400.30185942953597,25.513118183066602,22.41062868291295,0.6387000970896498,2853904.2539658,82.36545631020702,4.622194493603273,1.178369952291929,98.4677216114423,517.7886233938395,0.9019991248655185
23,1172843.1162908871,4.473447705906784,34.544966453534705,244.59203231261054,1.6387428918661637,1.6030116356059754,949.8923727196022,2316.983869116311,4058.681870421438,0.08523038546660855,0.14326320492361058,40.42125895366776,3.5707115596406123,68.23474307929585,3323.827677537542,380.9697543892851,38.746288444672935,0.01,18.307338738143468,889.0921056777607,881766.5347603183,9.060138914628,0.010406538862671679,0.0027181433366719613,18.5856929842608,6614.403794257815,232022.1555770558,10.969848060296247,1.1014905157747823,0.01302339272271557,16.88548648568201,0.21269414347518573,3250452.6688218974,2.939520649564133,47.16804400698269,6016.113247392507,4.574862349595719,0.1811217855600356,11.721812303287573,3.275874122435402,1929.6329168305742,3588476.76017604,16.51332254009255,1.2781485848131593,8.065771738549179,2.5011491591169834,83.77710364361953,51.938555048124826,39892.6311447192,0.010184792902312308,0.08888479891334439,2.357003466850372,7.52761776406724,9403.679276625353,1454588.8015423324,2.9003874883158165,0.010001270842458018,1.2903577838599534,1.969891458747651,244.10215141876674,0.8349559716201674
24,11087.494686855503,0.305404695429518,0.15849946951105048,314.92497376788106,0.01000116567415125,14.188988726211212,37.15789342118053,860.5593383940494,4060.298448156314,0.03558131703924631,0.08602810417605784,31.770386957108922,79.69924841677316,0.011497780412060314,9955.422478013073,3593691.981005532,41.249819707436174,3577.784622872783,0.019701703995065583,0.0,19297.66332839897,0.010617706401493723,0.21213906857071357,0.0029148427168964124,0.1706460244950897,2866.738943573964,3335079.651879601,0.9191366304006986,0.04717517803723638,0.010381453633179437,4.777097721042834,1440.202041345217,29398.021144391514,1.579275797515237,0.12731376991160215,6926.6576334937145,0.3257696167242318,14.949735215224559,3.8472616995207822,855.4504649173899,78.03353248474669,1943306.6236649489,0.3547847936421206,0.339624871541753,99.27421521223839,2.5033148507088767,0.010000599597210504,32.21814127050425,114505.34639438277,0.010035241064851898,0.0907868334668712,6.379069192551039,0.05679285779343963,128.08454707631932,3409911.6421573223,0.1411655181974629,5.725924249853504,1.2937362025844261,0.5737892401567473,29.293382190601648,0.8200623830262439
25,336052.34554824355,14.913649036509538,17.220916833261366,105.84085180699546,98.82199296542427,3.570416751711814,4.151546713695552,5883.58595559398,4060.637324344709,0.09658709431341368,0.08608125934037855,87.15575987080825,3.2237806667197693,0.015839931629405463,5396.190045145217,3288.1299015348504,14.522801299332784,21.732294033454252,0.010384022513906618,109.71666342299196,1060109.1540032243,6.507556611150215,0.22221180128344103,0.0024661042515447106,1.897015641974612,5883.868229795062,1791297.7110808156,60.68477071322168,6.528530162502098,0.010524379573952535,1.1515283952998254,4539.482292508713,3097187.0106477262,7.1606317371999815,44.61075003710533,12574.221664733706,51.32779343528378,3.5704717278219418,4.65018251827107,1.1862372349338381,9796.669685677609,2336201.8707035645,0.47381125606622954,28.747015800656975,8.937711992655137,2.5002013202000515,54.26076793881395,9918.999474839298,2216320.3506062315,3.1338559049904617,0.08297290019101435,42.80950592876058,37.978946770429346,1512.1988724708358,403780.03489523556,3.480317553245349,92.74068912602354,1.1687160438045376,76.77673276757702,450.68164507651016,0.8856466099202576
26,3305736.257528344,0.010777213732081195,0.010079510335449456,110.36389327336724,74.00755184529474,2.355383107351482,9571.55307610741,0.01,3829.7294428699597,0.09700207330894961,0.2358162530969179,48.29883535452862,92.29896915807286,91.44093812572942,1687.6445939419255,360.1263129381453,44.39377850815917,271.9998106007655,0.01,982.0007143459928,17627.586511462756,0.010178739297780333,0.21374931871239233,0.0031427352280429146,71.38170442754698,4054.4769603940904,564916.6431070637,0.1530241777561391,93.57628152988143,0.011562291737628625,5.484658629847577,0.31946277031495734,999313.5468188555,13.774423898006479,8.692644213225128,6186.367190111968,90.62638818224892,0.34648760415234187,4.777906293126052,9974.81212878167,13.07358119164612,2111314.090815914,21.03999477670458,0.708488207860823,2.842566571346761,2.5009019497136684,6.043503309242293,2.2415039410017936,63525.372114320104,35.20755133577704,0.08087672665793635,16.49129105572029,0.02987101719914465,1357.1908271506948,1694587.969184956,0.5762660363411156,2.48642225816143,1.3866144656362611,7.758868574793749,5710.489900835084,0.7993543871005965
27,549023.8927488257,41.722233305138715,38.4393740708694,314.8164317390001,8.208472296159837,2.7049141143416136,35.24455010449045,133.56820457031017,4059.091001538456,0.038469837231375675,0.08638846086016581,44.23512943440442,0.17367777782998317,16.294219109176588,3427.450537808635,256384.8542646096,88.43975895737793,1488.114679354801,689.8198471486706,0.010809432768216875,1544672.2618283404,3.0799679667879984,81.01823928728031,0.0028268650245460063,0.01007636847899958,10000.0,3576992.6395109165,1.605444414185676,0.42502644710138854,0.010538850065934042,80.56654981771665,1583.3376036925272,3581019.2587867132,30.88233745186885,33.55798516148782,6000.224672450081,8.033505539982514,0.8219330099079498,27.301713144544525,446.06891609961497,4496.211971326666,3592234.833103454,13.792251271291116,9.67386091283224,2.258316100106353,2.5016183298719215,50.10088377180579,403.0873095823273,11371.411001243616,6.7375147292440705,0.0947132089470866,0.2482315022076892,11.749307452001933,83.15197186532495,1793832.7225771889,14.16906554633697,0.1638175419181616,1.2596823200659035,2.6468213096127107,1107.4970181460367,0.8641004181944077
28,2156539.4502425045,4.613926333005578,0.2521334227478336,193.42782046046645,0.010370673919060014,23.985108977887613,8046.376266039141,0.8398436471657827,4060.796352718154,0.03258025749849741,0.08602074392260778,89.99909380659945,91.73398400801099,0.19081869705704219,4290.225837063563,1073113.4826761459,17.74333128501323,731.4282357076611,1133.8041691712592,952.0078043007486,37676.485730836284,0.010182414133112657,87.30385032213091,0.003108986493835267,0.010076140904576718,1997.2842079252198,3599999.70839533,0.49306013127618764,4.023514538023496,0.011203538156699156,13.36391004026745,339.1545660464265,2385861.75756069,0.06914221703592337,43.043993897125176,6000.0,0.01000006619927372,1.3989786102500188,814.1609740962658,5885.292420552635,322.966618923886,1307607.6001224148,4.1858802215582065,3.6682247601701317,22.943563779219836,2.5010478817692157,0.3756121135220998,24.238716042330022,1914784.6952246223,30.54998618486826,0.16670775705738738,27.894234700640773,27.60167717867403,0.028525998481841994,418954.3313388673,51.4445858941047,3.160431475423907,1.252762440812036,20.71356240104793,3685.0629151791904,0.9123497973042036
29,102086.06908276414,2.351414666769217,99.85242774273856,261.0088644065942,9.750805350898187,4.658816033830052,9586.139865414742,25.182833263143003,4041.506452286878,0.09146538168863791,0.09593988910034904,53.34414565816924,74.98287423608518,0.010114038447624372,1244.391578100981,933165.6035166578,89.08548040069807,2096.3442437170397,1.4779246374493178,12.756505792043301,1046787.1375066661,1.1683995426149754,0.01,0.0029912656152989606,3.480766125309684,733.5267980807312,25045.65391318715,0.4177050831945011,61.22618298609925,0.012929863264485357,0.8799625290686053,5.184192303674135,2315840.831176621,12.850087588880966,28.617782027032032,6002.657589886941,1.1571649611178303,1.384464938424854,6109.924997370565,16.653541526636246,432.7679729068882,541899.3668632293,6.863497108513398,3.445430046132446,5.371441835579902,2.5000609499689346,2.973647749071749,102.86479719928987,3686.9279766453988,0.01008109682571293,0.09230638235561188,17.89794301984516,0.44581658284165365,307.88093249111216,634742.3144563881,0.06440752001670375,55.006064749774175,1.42755776840186,5.112129855464498,9999.914808633277,0.9083834493762375
30,15258.569006842754,2.1845745552553764,0.015886780230047,105.7834727210311,0.026088251185466944,3.6827376546037796,28.315717047849603,9211.616271349249,3960.2200553211846,0.095700480855626,0.08684508102952652,87.90217788953073,41.943387899427705,0.010214048536974671,1492.8344934482639,376.9449761470659,3.0710817750181776,0.010064097466945308,1017.2932206497215,276.4685689852019,3594054.5806007227,6.463762204886347,8.697289999162344,0.0024734367129323285,18.2201816603908,131.2100250325661,1370095.8751252517,1.5023412795139601,71.12214592549975,0.013015366879250478,6.2806975132523215,0.024688564814220583,78763.06250459659,97.69751093041637,0.052397703619935364,7624.855814524774,31.183697133566955,0.8600103803654384,3.4977153732057475,9847.838939458008,3899.4274808458135,803459.8453790375,8.204327920637407,3.3469918076885676,15.292232493836291,2.5011827794873787,4.653040144354666,9861.562983208349,10034.979551994607,0.010275911031946762,0.0809516279668936,10.778933557226269,93.978520837669,1068.2019935362546,26591.492062682995,24.42664094149981,0.20730145029664357,1.1383804596585292,10.738184624458887,19.466675655887975,0.8014184292724971
31,3333022.6144751864,4.107780415301686,87.07747726106814,133.08883428641172,20.89565726781712,12.642484090142,0.6869083196310558,312.57719891621247,3944.7091562694877,0.06829276261623839,0.0869000665789786,33.66818839868656,0.3268145543981507,10.974374594509172,6157.532712127243,361.8374190091402,1.0549843022849634,1153.3000400645628,362.67294852633955,684.9494716239906,611917.5244662293,1.370638729493842,29.06304854679786,0.002766898216786318,0.010118463442611457,76.51543289012258,3599829.536420674,1.0991542485347359,2.9147394915032483,0.010821612414354859,99.13363238075631,20.43773127973376,151271.22997016629,83.00637336249987,0.1624243893824584,11375.38165016369,1.0831462337953701,0.885654862828008,419.1215256326941,4432.872803932095,1103.7127183971065,912985.6774341072,18.67680436291456,1.041126797065307,0.4556862340477693,2.5000386122266596,49.880915780264836,5283.235139801869,679.4502300468911,0.01,0.09568359920709953,6.597617464477824,99.89997042849755,110.17314085190206,3155485.141466656,24.710815822459125,1.3303517260759243,1.232815788816665,13.261871866859998,1243.3578877090276,0.8910961179838731
32,221642.0368465095,10.026022106261783,94.28465243586597,109.32901438474481,27.239743077125592,5.104314568906315,110.95776496849184,9978.597270138718,4039.6805607287274,0.032562305670932976,0.09273615984061291,87.47676800349804,58.49908512556123,0.01,256.81286080320393,623.0042043477442,10.183465270394985,2.6130815563574434,568.455081902722,11.411401364578474,2531844.372142533,8.068385197943286,0.21582126518552025,0.002624410147284135,57.08157120569978,3473.1523289912616,37424.27910020838,4.329292952642271,99.9814455928217,0.0221629128989491,0.7608873561160142,2.9424185826199944,637514.0201315051,19.928329389151898,12.761790636386444,6004.3557477128115,14.542575044367311,1.4548807119651714,11.94059989740991,78.68243531328295,3265.362936328702,550868.4968243169,30.52234912074503,0.12476639997466756,12.794736991229993,2.500784736377566,1.4683845723026887,8826.189409534221,61686.92366809304,0.013166656899222749,0.08911467963232955,75.28192593884836,9.085791640219554,160.42483485819457,1402694.0851322343,1.0677879898804405,24.87584151446235,1.281121117657603,9.466042827363937,9679.91017279661,0.884224282954594
33,23271.02871971538,2.198270938028763,30.439406001299265,141.023672379281,14.134781202362058,1.0642153307908802,727.1617410705865,27.099504596088437,4060.202660625243,0.0861196387459894,0.08600004721705312,70.59020681849104,3.334772354892873,4.8801370857091175,9739.665442804726,1487380.9971284121,67.74719956256382,288.7667343324299,2631.565464836823,995.0882785787694,1633493.211348404,1.392411841867472,0.01716399597017258,0.0027582576731171276,93.840040082127,9547.491646986702,174883.39716299076,3.391691618150013,0.44975502664517425,0.010733730868798702,0.2559520912493724,8036.420785913037,3599985.7301995317,48.49422771584584,18.876807626344107,6354.730958582556,1.7401257748779768,1.4305670167330886,9922.935204046986,635.0400750196434,2962.4971944577796,263487.9828472689,4.121649996775772,0.7245737589368296,1.2036986176715823,2.5070276604648747,29.01241090049922,532.9325294234343,54690.609453902856,17.88365181207997,0.08561345341664413,0.2890344140139852,8.009555824980918,8183.860252903294,463920.0866117987,5.767006377874117,0.05386401096658723,1.3306395548389036,5.496502115538959,5647.284613552148,0.9095736535962782
34,341970.78622915834,4.444853163143998,7.467199853316018,106.53148218151965,55.827269862737374,0.010126569693249689,2024.1645397708226,35.96667314608703,4060.0473816584436,0.03251285754449096,0.1336669434558967,36.039041764137295,45.893943857760334,0.01000800371731249,401.9939605088638,383.79859523136486,1.477083252182276,0.6720378874795793,10000.0,663.3711329173434,3422700.983510331,11.508371140601898,0.027143496168274647,0.002713336202801065,26.78587708288429,9999.894354300475,425691.90810336877,26.544688908452432,0.7235736014619399,0.012315562918192488,5.175709321267943,0.8214270066728812,590865.3277125084,0.10458740065469901,4.995932139498472,17354.299040814607,0.09412115167396276,4.383558857524821,7.2247220670616645,0.48975264390195244,844.5009746653907,247819.09602831877,3.9712424811412417,2.0045797106898937,6.104835226744497,2.50089159910167,2.784029556603371,23.57539079114065,240805.8059498926,10.618939463053144,0.08407216701784492,0.04849366327942474,40.23865009644034,330.3791746839286,235698.1510691352,0.025327714663987606,19.246481860917843,1.3260053838590369,0.5694865897584176,4947.409033481865,0.8591781710778074
35,1220064.9654549414,58.08435498578629,35.478983687650256,264.76174119788607,6.860717273625492,8.73920182486902,4394.696303808529,261.50864475993023,4025.999493737219,0.09605784509544536,0.09478747688065475,85.24095913033283,94.64719744762768,11.44459272339497,914.3155827670511,360.0473823058103,1.7617593081626517,7.217307160656189,0.024532108423441255,8.75171046437962e-06,406971.4324243352,0.39715830909828076,10.824967865449981,0.002698095900791895,93.79689410994176,0.1485164033497463,2719206.987739807,1.6816045244002662,9.993474117800519,0.010915997472720677,39.2640569113453,9911.754373670863,252608.36178328595,8.850019877642035,0.8895669027199649,7467.969452719774,2.0072337336423973,0.2841187695356142,9403.982993767264,1.0126448068271687,2495.24410073476,1074807.1784551225,7.12146953979997,4.781925212447767,44.859916770282744,2.5001157647349745,0.7032008226359132,237.59944337673699,869064.7447853958,11.96240374532026,0.08233148777238025,0.115595507592106,24.92430887673225,1302.630254178188,30125.039841283866,2.8729244326973657,3.261569721201372,1.237717278085822,8.696399900410182,133.77515449646106,0.8811810648069214
36,47058.65438963495,2.341624319626612,86.51671462541144,250.9040459839402,20.408392674220984,32.60233142203546,182.9859098254856,1566.4015648446116,3830.3285462229114,0.05738267616790729,0.13922912668739737,41.14747497855375,23.922572513471817,46.642141742383636,1566.613173021792,155108.5927416215,1.431371582519219,1618.4216489436253,2281.81742929149,821.5553089728918,3527708.036706497,3.9149246163614273,0.011187359982681224,0.0028294228631195162,9.839798029510264,3118.1269130491623,44711.72576725235,4.42045505969759,89.104891354767,24.402792632651515,0.3636541204571001,3.106119123846728,118713.20141781223,1.318900536107267,2.443210578874099,9954.882966817166,0.19914701705467347,4.5720785831485,20.969873750734113,89.49694090075306,6441.682336041344,2137104.5308898482,5.8488458884306,27.283646942590064,12.386679774378653,2.502548101693193,5.3736553338952335,14.47684972997711,5802.521054129579,0.03227418693959545,0.08233092718503593,34.29691355185855,59.0963661429052,446.93402028087905,2699728.2713196306,77.87827526916394,18.085075906349555,1.3044587322440853,30.52088733586722,435.3504193526745,0.9210182926585032
37,76086.08152450465,0.013383854120904782,15.152259436670194,105.08228312735422,94.58562282629974,0.03792703267279752,7.649490883001858,28.166720787570114,3481.5509866430843,0.09736552115570671,0.08625294107569632,37.39596699528478,3.855562410663321,0.3961038033440512,4665.8749888697375,133397.22633032402,4.132473346669553,361.9538891389862,0.01,1.8862924970902246,2083294.704711094,7.136602696336186,4.219739674730676,0.0027520238287039862,3.1844054228092014,10000.0,624175.644609001,6.622610160516002,91.09036433366151,0.013419228988272719,0.6657346978899698,0.5845300020517715,870555.7995262208,99.9999859792541,3.1810294072504983,6087.13982339033,5.359993243714123,17.78809126554784,28.98769119361599,1.7973721674678498,1442.5969940339032,1700496.3082808726,0.10982870105977798,19.67599655450429,0.7470776717878483,2.500060824061825,24.765588585638813,493.7765136295246,906.1630831212805,0.01,0.08991827487314522,14.084398988793959,10.311564079626901,238.27079549193678,588202.0955993214,10.349711138331074,3.1766468798129877,1.3432800064133388,12.316432180686363,67.2523099966803,0.8801406607727311
38,52303.67008350693,0.11844642549295768,99.99983124217529,105.28639303994758,1.7605058428389433,26.55351717767858,3536.435656611109,24.40184036444516,3769.3518768604317,0.045868785659080764,0.08655853018601001,88.91420860150707,2.6445927940967198,99.62378537074771,9999.59511959213,85440.69049531806,0.8094585410931469,45.50558491470142,3987.105415043733,1000.0,199020.5243269293,0.2604973156893448,0.0732570310895474,0.002607674044663355,78.82169026919317,110.85128693167461,561310.7518409542,1.7819159176031427,0.3816375488088604,0.010742680723168257,0.9340061015103533,767.2158427447353,466593.5511472089,6.00106906541972,5.428055571775374,13458.828398025626,3.7148262852437663,0.2049019316700642,67.8503596897618,594.10826821651,8746.025404002821,227417.92593563313,5.299225297501866,0.8547805274646989,2.5122105906932037,2.500443701155185,97.837682151376,893.5529993782072,16585.982677447417,1.4266282747349617,0.08384859065829518,0.07069954127136614,22.31764874972281,7220.147957674044,26178.896267920143,13.515901267416476,0.11628611889974355,1.1990892440786958,96.32227013495073,2946.080945418994,0.8643153709920105
39,3275.0662814390753,0.01302802307025346,2.3538643542920625,106.82146804016607,50.17961220436727,70.35431425768161,376.4502535327771,44.99349173891825,4045.462110209733,0.0753678880474677,0.086,50.28116695171213,66.2759307403184,0.010114190230886937,79.97073402842628,382.73081084783524,11.005930575111867,0.01,24.928093679478845,626.9768802480223,31219.54229669108,0.06272958886142618,36.99051599255099,0.002733530572636672,97.27752961186887,7085.063055216171,3595129.8571432307,3.848408027056829,0.6193334050020897,0.010338713264808704,80.61523298650154,816.1551136050837,67315.63755828582,35.35875942551883,0.3264465157320322,13777.599289488562,7.656305606162812,1.9127126749984193,4.525445420444084,175.44700813528712,334.1571878957401,867761.3171541542,14.658134393232285,0.45464784356429777,1.4136318559161662,2.5018876075011836,1.7132060276697985,10.028197361788836,45587.461839861746,12.917918282397041,0.08853477375394013,0.28610270114064035,72.7360101492961,8477.177048616508,245873.501844838,18.959831197676078,0.538387532201162,1.2372299701447727,6.213838784794491,2326.485646542927,0.8202799557625694
40,17301.5316457873,5.86248293159222,9.408077804784128,252.51689988341494,17.863419323687136,8.588889648604056,4161.511560499127,155.8543867065627,4027.9583332295692,0.07698705424040914,0.18411704129908085,30.53688458952831,0.022689128992996948,98.53526509773025,2150.3761451631303,116547.84454047764,9.562767732969848,7501.401863925258,0.01,3.425668243070459,3573452.8959936453,7.856352191567569,0.3625621425574109,0.0033696908794027735,97.2838261654911,174.24198003258076,81696.73012220665,14.822154646053143,98.53181443956916,32.246398536632135,0.352109494967636,4.373757385134253,2402125.2845676565,64.79189424111875,33.384037213299735,17090.962706143,7.2592690226797245,9.010270591529038,18.8897599856987,1759.5048184637642,1712.806641022284,3578059.9889717465,9.603356782357086,36.83525443009744,91.13037451603788,2.500421402737782,99.23400180217463,6.55802216952882,262196.7734173617,8.99306903720175,0.08243820168164957,1.8764658774922878,0.24312866234064784,1399.4428026774033,1142195.3489251358,8.770896673600578,54.93025176488212,1.5854263464371379,53.69513849916929,83.0348417376289,0.918278826029116
41,1075201.295638851,0.010106406627640495,82.20713023959765,162.07100360910837,62.336552687680104,1.006522181321577,0.7669789566762899,3669.288207417441,4060.2200698102215,0.08634431373413398,0.21327455774131596,89.17567374491404,20.078847013153833,3.9378821644218442,1901.6256394397867,360.0,48.601492846749494,82.62395687878407,34.22449503921506,26.37674461173676,2830090.2078966526,0.9668548002517282,3.40600079983308,0.0026270386601740577,58.63400282366423,8054.2281580606805,3562347.77821445,0.30813892768398843,41.59025395925599,0.010611599102600107,0.30116576732646894,6350.157918556479,281221.90901626355,14.080397277457141,2.6577479483041184,10822.701879390095,4.499987516539046,0.3080939209528712,85.82417375580452,8603.036497427844,9137.97504594276,1211750.4539221923,1.8714492232651279,5.612091369848423,34.787728635459885,2.5,0.17264863208440095,1045.7236459058743,176609.091720924,0.8765229370621123,0.08482417098381603,0.03727346709726531,91.70369631143024,53.284561593998944,51221.41145607941,1.118621141830104,11.269073061098963,1.2450264633622692,60.17385491798905,1296.0779649838,0.8780399823220965
42,9656.179505393196,0.3768532190509885,0.7115622996588299,236.77130076502687,0.10105136018173315,99.97937288802268,59.706809918999014,45.25103354581974,4060.7998731972725,0.0939977573409368,0.08625281217772755,76.49453367157192,0.18442479697873781,0.40137057070672993,6921.931616177999,1194.248847207042,21.538343900673745,4379.408257653949,9999.903794490841,56.444083140485425,81991.83904135687,0.04167798111529223,16.775589805496587,0.0026002668579887082,2.5311756605798195,8286.730110033192,3599504.4036065224,0.8319524858773691,1.9654389437300241,0.011074417561899592,0.5380989313598539,919.8874372156602,47482.09845407011,4.207258482347721,0.020402420083919137,8130.291953037942,1.325155277581242,0.010100017138825445,1554.9160722207441,41.81001189967548,2732.1233703106955,1361225.981515674,14.557768562360684,0.447725378725902,1.6970500332500948,2.500026757569839,97.00531967429991,9999.884145013035,1323163.8424807347,94.22892602584572,0.08565361538520255,0.1635044228491394,27.87503902739217,6898.182748936549,9627.431850699111,12.945101542050505,0.01,1.135039062018425,0.2549985579413358,8176.525600988654,0.8539142911541874
43,708456.6624901042,6.554427900783016,9.081223122630671,108.82406024129304,6.561190795800737,33.70608369521912,4032.018878304354,0.4052688820515492,4060.7693536256666,0.09747337262514837,0.08703138767500294,77.7690264765983,88.95150955222934,16.351457045236845,4495.4677084475425,2824769.944107265,5.852589034312581,380.805624561498,1494.7075051694499,657.224005515704,3227012.3606246156,6.3777034713659315,0.010002246899864458,0.0026564885123765854,29.821918390438025,7.821894081026936,886217.685733883,11.350059954822663,2.6945893292548324,0.011133514307526078,29.21525266690205,93.81568750479224,1175350.8420901282,11.880911919970513,5.075154281621083,14625.78113259683,3.661786181441404,0.10036704863352472,9948.71536329823,2599.809952435783,582.2002889818007,3598612.377793383,11.641773989298278,16.435931391591385,14.740648610826526,2.501248802586476,4.080120692388586,1374.3187325666192,8402.707285641573,0.01,0.08177150716288259,56.89834731462668,2.656900413679941,36.384185039933946,70582.66800135623,81.10829810252173,0.2956937461278502,1.186183346341773,8.974744365514393,4477.637594384868,0.8775466915438956
44,152361.64944731534,55.84380278284501,11.581715895130298,216.6791137030318,13.00613469602322,82.69762575188102,37.40732034915825,140.9723916313942,4055.445697307423,0.032654414685963674,0.08644868146572299,85.79316418095274,18.921741237353388,2.3358722498258686,1008.7556100333394,3299322.8400857616,25.388497119465097,642.5474800422395,4883.659904670423,417.6789648174532,3554716.5975185437,20.045381798881994,5.547076203544768,0.0027678987541849545,16.15745209917426,3725.182607260043,712414.9747453851,5.004793286813141,4.349617066583458,0.010570491302312109,6.83101322667681,39.37453404973412,1475690.524335339,9.996769275421727,9.304056686353002,14151.22922850729,0.8821263005184363,0.4184384767412382,2845.926195506201,3487.1098933827,172.76795574262945,231653.00880730533,11.845671276496988,0.6591513153234081,99.47589723679984,2.50073286045993,77.56820318502123,260.88253132360114,1840208.401999567,50.39490300455049,0.08823188911957132,29.103337341288032,7.976890178990822,20.865208563145362,3420508.46129684,16.479711040836083,0.11030253063777862,1.3730751951202473,15.940298299051333,1.3680135609951807,0.9086539757158192
45,139783.48708319373,80.49574701025833,14.959097445772452,134.75496984390367,23.245394538374935,5.410018660559987,870.5159794272611,181.28488422117616,3391.8091488700456,0.06129750514210034,0.086022512210198,50.843080677256886,18.85577552713817,0.18558072324132457,3822.7644614502287,360.3804396046235,8.117891842367655,33.05554342993226,7191.895360299112,996.797487830465,1424004.7515936256,0.8759142259685936,17.82557449061137,0.0026833179826390202,8.60104510033298,617.6799987860726,77933.36314017008,4.523695867013325,99.99910090833438,0.031005369498828303,0.2413730910129786,4.116614247782915,1208526.736250873,92.84594013120929,7.488531676968301,16611.718485290257,5.942890576962633,2.0622085408417363,33.500672541304816,365.59197179307466,4543.526586307439,908258.033732753,6.4790174032891885,10.605759295038798,95.57019707796415,2.5133144118411623,47.90298751679776,11.531655335258035,43435.02073642575,0.02955400622349005,0.0760817710510603,31.900199031590304,0.2872333207260225,581.8666182869102,883278.238290481,5.463573046925156,50.527322468333026,1.224969289128362,7.279391867720023,935.8686149857119,0.9183355762277836
46,103777.19530415766,8.688730164873986,21.945508411109163,233.33682905454555,48.79386824294984,8.79495680898986,8.882197020789558,9905.53254716643,4025.4802253231483,0.03312048859068623,0.0892350177960869,50.60178261150097,0.04838502079798985,0.47366275805324515,1443.566189252314,373.7953042061564,30.56913771572178,5859.436609119054,6587.7834433625585,12.697054911549182,54307.33073480901,0.52173582603588,13.287425973639184,0.0024469784362653596,13.220717919109836,154.34731439313245,3599879.16825582,24.000485520167594,76.87611257820788,0.010692407987500182,40.805380564947946,9716.253609812762,607752.395870546,76.36902517433865,1.3534920396861103,13509.610575293838,53.18602930452683,0.22668927495923852,18.645134519126145,1761.839195163032,2374.953635162855,91604.30834588867,4.4351983794700995,0.01579555577221532,26.528544048519205,2.5005464189023208,3.8246030701264684,195.82396132878944,602283.7813392923,0.011248092015348387,0.07913179740189491,99.99292495991743,69.64753228801922,6406.791039542562,717388.4141334675,17.079068633604322,0.0758330107107886,1.1042307461076284,13.874461681727757,72.5915498388802,0.852043370069095
47,1505640.98294824,32.319502409138934,21.5277301959027,314.5190227680404,0.4697677575591999,8.72664806506293,149.15269463958992,6167.376992393108,4022.99017067364,0.0841768632323352,0.08780115853520985,50.5195703270734,0.2025404592698092,2.23551225874093,2742.8705929811786,453.14671928805126,4.793306066980877,7282.349285010775,1.352064173281088,7.7037713082492205,2140031.689410471,21.641816634850162,0.010297632383297187,0.0026426936832110457,82.99172045887286,1405.4276192396521,1059437.5669946268,14.989559378533382,0.3453322115306275,0.010794188408033308,10.2641363416771,1611.0114000879412,523763.6684819424,28.485167982265782,3.3378722191195203,6176.139706225444,6.340045759702526,0.38413239328048165,32.06839615044227,1720.6936402900537,2224.3435019297904,380658.1156792008,24.477950794177932,0.01939862177645482,15.136829381660098,2.5029962375346413,4.582621656551971,1009.4318097062917,513582.86382917326,0.013019578350921412,0.08714974002315806,0.01,0.01,374.4290284974479,2046054.2915332036,6.9755164219751284,0.010007442212378842,1.2598418297688605,13.307501819699231,110.90686032014538,0.8543362179965142
48,99921.97008504311,23.400777886748976,18.787566512623524,207.87616636474226,17.130799326057005,0.011223924791781338,347.0938022255793,19.0727376286947,4058.5281882564054,0.07824364838661788,0.08686395174111941,47.003509903439834,0.20427036498740317,3.8508372324798983,1278.2099640278254,3164069.638344846,7.006128819729369,1250.0121862819715,124.55162031617745,506.55192483349884,22391.413512300154,0.01300075731352137,0.5070440242562076,0.0028326295034336976,23.959142840203207,744.1561912050112,887118.0012627824,0.4648604117152963,9.772004089507893,0.010665345793898278,65.10099655458663,1494.1348091665063,1881870.8269634757,40.19051178764449,17.988755067920188,6466.5079280564905,14.237471568207297,2.2641197198982046,18.852776565987547,5.546648445473015,1635.9481740277722,1244977.245407788,15.898443443048023,3.5587924551048005,58.10600355189788,2.5035995693821858,9.279891202640222,17.53376087995017,541550.2311198235,18.257363005370333,0.08557000127389663,0.3194480974113049,0.3544873251432266,849.5448077516655,173441.39703671425,0.010000005742263163,2.0130452130164724,1.258730243193601,82.60060593757358,869.5270745565558,0.8708993295357843
49,1948178.2544322915,4.0401463760086695,43.132728352792086,107.72289789151722,4.5560348646093525,0.9433878254121806,1.0460107059299804,9995.833175591973,4060.77137423655,0.07854879633350301,0.08661824243904352,85.73227864619076,4.159348967597513,24.278365130126218,3079.9533807795333,12984.305221136847,80.59939939861704,1819.5734592768022,9918.553169790066,576.3933543193522,620168.9650355779,0.692757762365856,97.47774583332519,0.002970795491784043,0.010194656786430913,2483.127332635145,3597615.8314079037,3.109688603812542,0.16622408443194703,0.011297576011079084,0.9201309019345425,2504.1991014037967,1365458.2866976408,63.19499352794594,15.243548767172793,8128.846893608835,13.224186887686448,7.015219531563087,35.56304987418853,495.0548294862637,1103.3134838643875,753623.5291534561,0.9297330008830645,5.450004255516597,74.07753927526852,2.5000008477491122,0.10738974396542358,439.2029226686731,1691690.704526461,36.803059202614584,194.53586942876177,99.91982136670927,6.69469180994953,0.033705299295224665,86676.72993145662,0.070832691478904,13.132456041641184,1.1933210387391298,38.15190604338968,7473.756898270105,0.897838697867469
