,(ADP_Decay_v1).k_MA,(GLMU).kcat_F,(GLMU).Km_GalNAc1P,(GLMU).Km_UTP,(GLMU).K_eq_GLMU,(GLMU).Km_UDP_GalNAc,(GLMU).Km_PP,(GLMU).ki_P,(NAHK_ATP).kcat_F,(NAHK_ATP).Km_GalNAc,(NAHK_ATP).Km_ATP,(NAHK_ATP).K_eq_NAHK,(NAHK_ATP).Km_GalNAc1P,(NAHK_ATP).Km_ADP,(NAHK_ATP).ki_P,(PPA).kcat_F,(PPA).Km_PP,(PPA).ki_P,(PPK3_A).kcat_F,(PPK3_A).Km_ADP,(PPK3_A).Km_ATP,(PPK3_A).Km_PolyP,(PPK3_A).K_eq_PPK3_A,(PPK3_A).ki_P,(PPK3_U).kcat_F,(PPK3_U).Km_UDP,(PPK3_U).Km_PolyP,(PPK3_U).K_eq_PPK3_U,(PPK3_U).Km_UTP,(PPK3_U).ki_P,(PPK3_tetra).kcat_F,(PPK3_tetra).Km_PolyP,(PPK3_tetra).K_eq_PPK3_tetra,(PPK3_tetra).Km_ATPP,(PPK3_tetra).ki_P,(UDK_ATP).kcat_F,(UDK_ATP).Km_Uri,(UDK_ATP).Km_ATP,(UDK_ATP).K_eq_UDK,(UDK_ATP).Km_UMP,(UDK_ATP).Km_ADP,(UDK_ATP).ki_P,(UMPK_ATP).kcat_F,(UMPK_ATP).Km_UMP,(UMPK_ATP).Km_ATP,(UMPK_ATP).K_eq_UMPK,(UMPK_ATP).Km_UDP,(UMPK_ATP).Km_ADP,(UMPK_ATP).ki_P,obj
0,0.009551385848869309,11931.878437071462,0.01,28.261339943352404,106.7823010078729,93.67472805847945,55.46408853738453,2965.232996022439,4049.350590610957,0.09041347887890372,0.18458742828941405,78.04314137069835,1.4535265976393206,0.010223443736433701,363.4321023924953,8109.509418016785,94.00138175825153,2040.1814123907334,182131.41104753627,1.6325550366203605,0.08151977758648866,99.96753517041587,0.006684385579026979,7.232146843862201,1415917.4210008408,5.324532810274118,0.24310161497076013,0.011123890809277552,70.68213981929586,2331.5219075352247,376.71995748422603,78.33008023423281,0.002937741414569985,15.813779120857472,4.916315430303355,1408763.7695570374,0.2996170809426971,5.81008672955042,6075.761140947471,0.0648235377893773,0.09639023765438477,9624.138806317438,1043999.5610181029,4.581493131198686,7.2285853185955915,2.5002069758012637,0.29709164030870955,72.65773559737042,7.584191180993978,1.149061953254765
1,0.009339996047084026,5425.05145870941,0.01800524222000835,6.587698612061379,128.85196511163966,4.629505011997549,96.04743782868036,136.21688382789276,3876.3646655570956,0.09747061146862136,0.25607075257577666,58.46040224542783,0.010049182918258666,97.30848409488569,131.9880682680582,26528.788705676838,99.42339388002219,9006.818555505659,173114.9392260552,0.6390539514231224,0.010000010354464982,99.90815247578163,767.1555862803573,8.032588965394368,3585212.909676468,5.622740714926545,0.05017555891470489,0.012745411450115268,100.0,0.5684105606538083,172843.19956512077,27.973747152865023,0.0033374234184960047,100.0,9972.85244551133,1920833.1595518796,3.6688204988561695,14.757443396589903,17999.99551183034,1.8106573223432063,0.5679457079395593,1.2642360851673182,3600000.0,0.02475665893137522,0.010540170641553173,2.5,98.71699011216806,98.96589048771393,0.010000558226113824,1.1379050277329894
2,0.009685311265997682,3568715.8037317307,56.089375793330035,15.983552791897006,127.7480931408927,2.3908283747048897,57.41531239128551,30.80611863595856,4059.97480004462,0.03252042863250818,0.14564919570356158,81.64956313265077,0.01000025659792284,0.10002449767777931,9870.822972332644,2532.4236086827073,0.010324668807744426,2274.2416758394,434882.8726499328,13.891568347320828,90.76442224068975,37.42272743116063,0.003816470962601538,8382.283305424971,1050035.4711510998,7.81118253905528,34.530940403481296,0.010999926308420218,94.48195029070368,184.97670403470912,18249.596340111748,0.7121376925694235,0.0035021971412292595,0.1525793791086995,685.7737606180915,668600.0855088283,5.638419571960457,8.3254518442563,14932.161925382681,99.18360483510999,0.16168422403472277,6.82075092934461,441093.08757394465,7.968346194402179,2.3383079715311776,2.5,0.4779604766978924,60.82388507672319,35.316124391483804,1.0724687315380599
3,0.00955336861536678,612356.6710592004,96.35509966424104,21.544636440272566,107.41472799091348,8.631188568070117,44.43622003270698,6026.7585355931715,4060.792709604057,0.032504604495393864,0.2551333016520661,32.89015416164349,99.68130665523739,0.7085566721465939,122.70209020515793,2877.6121751130154,15.575725999037456,9961.034878596016,525272.2217923059,18.067434719359095,0.27722927127328995,6.211119667042629,0.0044521162217189035,1840.430160054089,511009.9862847368,4.2693028802863555,0.010814346639963796,0.01081360880596409,44.18219462999182,4202.218433290512,360.0000000012677,0.7312361399086414,0.0028234375097006474,23.907863950771223,11.351625945927598,1163581.0334529793,19.094255134797052,27.393083261471123,17999.09234390638,5.655537971230365,64.69364948278066,3.075963326590822,590349.3793898721,4.652396290954561,10.656361432797468,2.500632357497611,3.5335256829796995,6.747859164530272,2.46547388157434,1.1254522014468558
4,0.010253813255068411,9567.149145449992,0.08613488570830263,33.078701133607346,213.64537968833574,99.8513397900545,0.19248992266168508,401.37071153692557,4059.9397055070694,0.09713707279373295,0.08609557397045134,30.054795627578077,4.649029015026853,2.385407928419084,675.5406439055811,174592.73345759962,8.626384336314924,2.9360803084677736,9747.736646571293,0.14679043961312807,30.42566417968094,0.30843418908475917,0.0052496111945122504,4029.5943190825215,921422.6430029296,8.968193346203767,34.70933540467433,982.8208025889239,6.559246985404585,0.2047041096477211,463335.84110078425,39.80208115832422,0.0029399263620395384,1.5594095139004298,632.80186145301,1608819.2309780943,40.197556155929135,6.180310300734153,7757.014493152421,1.7989909434742037,99.27869766505067,4.527000475982473,3037764.7847656794,1.617936439803457,2.571575445587121,2.500563855494073,0.018772368253110804,8.282742811001002,6.849613040775574,1.1773766651956388
5,0.009573947804759987,13829.663079525742,0.15509979358508996,17.565238642161123,313.57975967768726,5.858978118158959,8.335398262409615,11.519499600015047,3889.601054316166,0.0965378100364343,0.08707855616123523,79.17471452804885,1.713897870598727,100.0,580.3113979782638,11784.705736341022,96.97847574867009,3877.1813750458296,233347.42224947282,5.348150138624229,13.16189755302444,0.08745882947536385,0.004351834236017096,437.43346884075544,2118802.758582958,14.558321872864928,0.7267261984763262,0.011177726983343161,9.683046712665943,177.72579883273346,4523.507125225034,0.01,0.0034679843308930403,0.05918421698155113,536.5145902743809,408496.7518639947,10.27899980798368,8.27580083031575,10091.615685667659,8.206682668534125,2.612964717641263,2.0645230614344783,1193207.1174824608,5.177234434213142,9.930414593331594,2.5004538177356226,0.8976173949408677,21.94290792182441,3.9786020425523883,1.047557988493816
6,0.009281298352281465,844308.3746048195,29.438564742289106,99.64320140732832,112.67526419537559,98.34766662367463,8.64511287289017,1511.3109671247203,4060.7999999999997,0.0326460548729726,0.2511592530897701,37.6132360152355,0.010095189609627582,18.07861882205769,631.3052720792925,3290.184790541339,2.061067730275467,357.2165326109534,2999851.1669025766,13.797056137881734,0.01,0.4581080642984503,0.005454855950771743,34.360634650478744,3600000.0,22.99467242665472,9.668062810000642,0.015523030062609994,42.301874344633546,3.060455696255512,360.0,14.003111185543503,0.0034043084962936,71.78151978200432,90.28388974097717,521134.983150597,41.21287203623522,2.0681739406158575,14019.120502784459,89.97597877202486,0.46568192874712766,3.215496310512246,391398.41991502524,11.163147382849042,0.9362186841794709,2.5000001442988027,22.740727341621255,29.547184235017966,1.1639151106158236,1.1216140888611956
7,0.009506437801245401,147360.6315148295,2.1363975081486486,1.2461870124109955,313.7291562315026,23.94330944671613,0.08882361257938284,10000.0,3314.779413356157,0.09344767246632676,0.21669059040206826,30.375426668732445,0.010221717679930624,1.8024249094044493,480.1353159855987,20383.172739627786,63.40509046764888,670.7873423639259,208686.95871801363,4.83081497749889,0.12232298395778994,98.69219061690994,98.7353535008482,5.461340567773062,323244.24834173056,4.983361870738644,0.010813518302203829,0.015072825456010732,90.79438261366982,0.4523632337777896,438.81352511056883,69.49922786246036,0.0029935712338480646,78.13444077696366,72.29409162822267,605541.4648777385,1.8309602403375556,9.326551382086354,6180.374229250643,0.29701759754336227,29.801709688774203,2.1220863219657264,1589433.0688080783,0.612500772167246,15.64955258069302,2.5007332274583596,0.06955453265520592,86.87059023106585,5.537800649465381,1.133921595155088
8,0.009910653661070058,174647.7967170569,0.08033104569798474,22.400855181748867,121.57232986547173,14.058472731495852,0.012541316163715836,9054.52632880516,4045.0613531532376,0.06503068302306668,0.086,43.3890014584982,94.29985936313753,53.16669788646108,74.04518691157558,9428.969071838656,17.30808798934975,11.573202309825056,588452.5102355462,9.20560443595146,21.432209059466047,0.959345721553015,0.005112338953231417,1832.3076713790567,2993252.7481801184,8.335823646721646,0.04467081107091545,0.011128972735942324,54.03419009353446,612.3683016466603,3431629.994103126,0.010024969993306928,0.002869038049166032,0.029357491574551652,0.01,2465832.5964767705,6.315774590035959,27.003674053469904,13575.144690948877,85.52620550607992,0.32054130912304307,1.4841052753181216,2826235.2783953995,76.52866824851498,0.6221010448267376,2.5,0.33258018973513853,10.582782925821906,3.054881224966477,1.0737851684415987
9,0.0099310644262109,2245.6992299473914,0.010009742288149187,0.010010013683003716,105.00095187926131,3.313965191276207,82.91415855991886,6011.953517621991,4059.435854359853,0.032973901283150066,0.1047144132172588,30.12431452669028,0.3796291612000282,0.01,1463.418684079502,709.7739376831817,98.27566152343014,5374.576045424993,620182.31047892,12.233587232529183,14.726401423021821,12.949609345661413,0.0053100710557111444,182.6680434133478,3429157.9601777974,8.464099936483983,36.59691773299016,0.011775454949758192,28.4273343464512,113.00656698317296,4164.623236028321,0.03766486829983265,0.003202347321498684,0.03863691316148071,9084.602356185438,812589.2807931148,7.358765750107112,5.653156727921852,12681.795993437207,0.2014155849497943,16.904601514542797,244.65330050296714,374147.8866749282,2.666640928723695,0.8349406892237735,2.501563038802999,0.06291738684839783,96.09634487535668,0.4751227081476807,1.1176303162831096
10,0.010016321714619067,3363599.8503353205,3.1138807665251953,7.273572264431275,105.74701707637644,18.481324160725215,0.010010296906642234,1986.3941638694482,4060.5015981411293,0.08066440968212256,0.0896036295007229,30.013962226800516,19.1411743442288,0.010292962681296708,170.42422456891182,705885.1203633206,99.63077697667298,0.07837317791644108,606361.8069293615,0.1485159543431827,16.42425128971321,0.01,0.005073849364741904,694.7482278312045,3148702.4602089706,0.34558548901790237,0.01,0.011355672858856608,0.010000027794834037,2661.8951929118,750965.4067186541,79.54818657323867,0.0030031666986591312,0.01,1163.5212061455538,3593816.3758977605,31.49930296047412,39.68044558016858,10389.424501179146,3.2954445146261615,98.25566146740816,4.127906497581596,3540574.275778051,14.672436042169682,1.378245114966263,2.5141683506813255,0.08396424122856352,6.380983495616608,3.1538653935106153,1.163277076203764
11,0.009546884023556754,83089.93318245233,17.64673012012616,12.498736094077707,105.7071230680992,10.89982226818193,21.02493141892742,43.35021586497728,4059.7695014119045,0.035535535364452815,0.08783971417842132,31.26476930127967,97.79445671376321,1.9630371022026412,4738.665460699813,5415.540752825853,98.90283639362524,562.7336736969761,11560.973823231125,0.010000009567012379,0.6150199063709624,3.0549128587398244,0.004243368825576705,2882.720743365651,3005551.685845167,0.24047825774552883,91.08359659566794,0.014157787125854858,53.63774339535475,0.04956370022176431,21486.45216522185,2.4785923551285727,0.003316753491823706,1.5354587769271364,1.7066951754884894,1750440.1135666592,12.142440362320693,1.5276578185772434,9026.55874076889,0.19078984004237776,0.38931736036361136,486.6340564411075,1267646.1106729268,23.227750924144825,0.8878488433876414,2.5001113864349462,0.21185182350317178,1.6944404528489172,2076.1637407422254,1.0957579517627898
12,0.010007063438551398,2474013.7643669266,43.688691289422366,18.58776395370254,314.07242180487236,0.25560657819264043,0.3280885362525118,229.06361257953748,4046.589986651229,0.03709469506057288,0.0860014624702054,30.96688153071139,9.396329495712154,99.81734105491302,9899.336339294554,316353.9701680876,13.148000772302442,787.6592060828469,423029.68600933155,0.10327711590195919,1.0682721395084684,0.01015323643450858,0.004959984955371604,2389.9520932102323,3579716.9699667166,0.8602570209000522,99.67967835070367,0.019174584880899282,0.010004015270177108,0.5774849080075253,26075.7409645719,0.010037250496220859,0.0030295640384017187,20.7263255310009,635.7722058321449,387043.68945648,6.010351547201029,3.7421683447562515,12768.219494630253,3.370893965966503,0.28599864872082,11.18328868205131,599896.8680397319,40.412141716632874,0.605543897585393,2.5003271866968526,7.448231440614977,13.880117594913283,2.356599292046494,1.1882984476046117
13,0.009715255986493757,225361.07922157313,17.775739732277348,16.253363497460988,309.0170361578832,3.9801264364521955,4.0699582836735635,1166.76751967451,4060.7519087705405,0.09749872981225885,0.11860291911631202,76.08078929142647,29.00725289458913,15.026981141162791,2007.8187603840029,90457.46077121249,49.47581543325253,2.151971781959746,1060626.4647502075,22.49617425564729,10.460878304356658,0.5592748216993535,0.004047791412317946,4235.634014460952,875943.5029771818,32.05850928008534,99.99875518483212,0.015529372558924873,1.5899611829046263,0.8004452805612217,6295.007418334438,97.89663330848424,0.0034115786826197044,2.681422587962539,1767.9717907995414,1381501.0757257047,53.16600520163138,7.647501993109904,8384.3143352853,1.0084455164636907,78.54086669141033,9271.002225337317,3413860.910931058,2.3236353498482525,28.517265914900683,2.503087734306427,0.6401411354632143,0.857484688442937,15.459745132182727,1.2007643419748595
14,0.009313822147550528,12056.531603933012,1.2604411566977196,12.824840444099928,105.20235840692416,1.603501214487453,56.05605262299926,5395.556045881461,4060.7548167827485,0.05926758032377783,0.08606709333155971,30.12894207874242,98.50397606017009,4.13401826794144,6728.239008096262,5711.805816685359,6.292586973946787,2434.8737982145863,27640.54123004524,1.0390859078900925,99.68060797621685,31.815309399940606,0.004427134602138567,9996.348125350107,141434.69377861405,6.778328101705548,98.33206911269552,0.016207213480431665,7.167264517575051,1.2625909207762942,65461.09664634602,41.23327423796702,0.003647968303149481,37.69673577263752,8264.561989604701,474039.9312951247,28.77776577145837,5.580239282586035,6012.713913105893,3.372166410427602,100.0,9.191019414552606,3579584.202734763,53.93335645769162,4.286178715396265,2.5067906212369833,1.2771469622724854,3.695847415116125,12.76203063869981,1.0821295600506096
15,0.00969528070384,794955.791654751,0.03303519292785657,0.17809017749238742,105.01386943963664,0.19169784090546788,0.014343140078520292,2583.4126702326294,4047.584919953786,0.09738688504733094,0.1516703568773674,49.48818789539978,0.3853040415045811,0.010098505244219482,109.8516350753302,1986.4486535368321,0.015828526019178044,3980.586626470721,39121.907691606015,0.6825739758199845,0.34084342628177383,61.42840894918724,0.004158010785562287,1420.6910262395158,2699034.2035766058,2.992902556828508,13.436237087475421,0.01109739440225277,90.80716515703027,6826.5590668508885,525.1478627620907,0.07265990285754248,0.003318495252074555,10.242375401151113,160.45510174591416,38232.365762919835,1.9265658301232063,0.021265415715513387,6954.671856710175,8.490193700769048,0.012288536242705069,2.667049865284295,2786324.99480214,98.95174643665739,0.2666644694918596,2.504031306858489,0.15502629341777005,2.1619207753101417,14.54244937053466,1.0254773879937276
16,0.010004220646094216,36552.98338708208,0.34220513395191066,63.39776284170602,271.88782363364163,2.257138955695413,98.64463677533915,25.289470176238666,4060.768781243047,0.09446378849906438,0.0861700423700668,88.67318693178376,57.69895472349586,0.08867809076256533,3534.7783792429477,12439.953120355918,79.61251161834049,603.3335287893035,184162.17269965855,10.934922538017641,0.3826515213112794,0.010000523371056844,0.005195008411345217,3595.1075971644773,3571937.837708282,94.57151832717085,0.01,0.011451463138238535,24.27780491207653,660.3745972202821,367.21117952892985,8.83591555792521,0.0033205623335560456,40.56957926881282,4874.97520075109,2890582.998275083,11.602092499681868,47.1953493562565,6640.620795350597,2.305696939090476,10.207265280742508,3.2958506510059458,3561798.598051671,98.09155247888707,2.901186908105772,2.500565723683338,1.3276726475950644,99.99999856373417,3.2267093791985033,1.0483723626094799
17,0.009519621238552564,3049242.686282584,2.062368216527248,99.4497418399779,113.46354290669392,0.2920192756198221,10.227238720545047,9795.922979455792,4054.573257941247,0.08980668730696209,0.10950977744764014,50.95281457524223,0.010041146541462683,99.59142356445322,9361.328093969993,360.0026082207049,99.99783935350182,0.014348520189309303,264973.1197759507,15.950459154355363,80.29511350045942,99.73155479990889,0.0038150628392695663,952.7469523193785,3527553.3854703,35.80480861816949,21.40815613548544,0.011236033488867035,20.60053910720696,501.89682132731025,17636.356540487326,15.145225583839522,0.003719262785231584,79.04331373534636,8153.684999103559,887442.3719453339,75.19202142715596,7.5161603462643125,17853.20835985938,100.0,6.012920663652792,0.04963404111815365,975535.4049471673,16.362606728273235,1.9046147860909641,2.500078897110523,0.2591792019950065,98.62380583132615,9534.700388120444,1.081341586032177
18,0.00942236396641377,1307557.264515724,90.00727472978365,17.738685601399972,300.0447861648948,7.217279961937531,5.198873878793984,12.797661907255478,4056.256208251307,0.07528615236367259,0.08646623762163384,34.58000084068801,100.0,5.212652907194568,6030.373095374023,116515.08950995172,32.34571814749069,0.01459152001667283,799293.0947327643,12.570302246848058,93.81021611984761,0.2958365087906456,0.0048789983364775505,7744.071724764364,2872054.834876503,11.676739730460202,26.690924439212925,0.011586968948506065,24.439732254618637,1226.1321561104999,1344448.0524529736,0.2144229839137422,0.0029706205426750978,0.02828130914799703,0.010000000072530943,3598090.845350792,16.749232870239272,8.233749689291953,16728.7120629063,1.1621858144893542,0.6195527297671516,0.9868298191096486,3582822.762600118,55.65356157179562,0.6097746961557262,2.5002218623789605,0.19495584369403965,17.911415521952666,0.7938724699036197,1.0880262226223065
19,0.010034306726927785,202160.01139970284,20.0683934824727,20.109102183987563,137.89916447418602,8.241773852135061,0.0162372752019846,24.43204514959555,3893.095708606316,0.09749739285907548,0.1321994145416305,55.31724612563965,24.670777966900175,16.18934242688672,754.5167259738618,2468090.7456698413,14.691735025436673,1119.0306187327817,12719.92748681571,0.010328027173578905,0.058512132351926115,23.41580542379663,0.005252071393283134,7529.374807404528,362330.0706555111,0.24878718180899617,0.021586953622014998,0.011403349348711797,0.2723244950869096,2383.7030221758705,1034997.4339912881,1.0362273726505902,0.0023916076581982394,7.596861733009699,0.010023833896686785,2368559.780511169,3.0034922719808383,40.24258235713235,17962.158827325155,0.6443607889656251,10.07911197752535,6.084184893860345,386259.8307019818,16.23146986813704,1.01610990446358,2.5071411498988434,1.602701790912829,2.6554746196782975,4.679734503742185,1.1577628571877676
20,0.008865513262254711,78922.3314091043,11.549173450236246,1.1396158928237485,149.51264173576476,7.138955833169824,1.9516792093491044,1563.897057355551,4060.5673523868154,0.09611605863895198,0.10438803918916549,89.35386115245211,0.010000005149927507,3.4282130543515064,97.27523366210566,2616.0288531941046,32.083937685804244,8413.06991418984,2381886.786505927,13.593106039530605,0.015909669730195152,28.86755534824721,0.005644211041440534,7.8096692803104215,252080.69991215353,0.8202323193456496,36.90837010149942,0.014482248354597424,67.16450596413338,0.43747203459192513,363.12109316674565,6.071063958121816,0.003972343415620021,1.1872184550679064,348.2472919615465,534812.8231107986,51.36044608106465,0.44384453450925565,16284.69283300379,0.2738086460260074,99.68476140426895,3.0758933426064434,1292085.8499365507,0.040244475151080254,26.668551204431964,2.500203171896311,77.4899359348973,99.73686194194215,5557.93830157129,1.1445503306368598
21,0.009558055903514962,653394.0504128428,41.17451743787519,13.050479660913034,105.30146828215715,7.119393594250814,4.504378093472829,13.629239424646167,4060.3258298229366,0.03378484093334708,0.08603245685147894,30.17936734487139,22.94087242317034,0.5486654278394484,8306.246093349117,834.3107658590815,0.010031490696714105,0.010007596527669912,1247715.3883082625,29.23455197642409,99.91898716058097,1.3440301835651367,0.004577610667338176,149.69086404793947,3589105.784897318,20.331243310746753,99.88157337349114,0.012198377479931742,87.01638408007494,111.07055742823064,133903.29778811766,0.07243887108676972,0.003057945747345165,0.057682215498595674,0.01,2368962.985987622,99.9986115001577,12.828990712281454,17748.66652034078,3.2477003423106696,94.5895507002594,8791.256759291091,533239.0000769974,0.6096032983434653,0.967126508776423,2.5035240377448242,0.017277490504803667,69.32265366719136,0.2705242050811505,1.1776779908353867
22,0.010090575398566864,3460078.1090321657,34.72470031532343,0.3929362627944701,223.44529700825885,8.865289765198023,0.010016976714376865,29.527167767433674,4055.633615846681,0.04768264499222198,0.13186254581744264,54.0017845150013,0.3560332413329337,20.115666747915448,126.4725262365837,46867.26856471346,92.48973727259201,21.725541662961827,1319047.7600131575,6.35868765565555,8.934431978328382,10.298683897775085,0.004745627178595092,8079.181485275244,333597.0170800884,28.089975981148914,65.73763873803308,113.24049464888087,0.22392027819734003,1.59467734475703,10232.498389906013,0.20460653012371743,0.002948940984041172,40.500029509063644,224.73351010682813,194620.51800647477,52.7613761389608,1.7047153684279968,17997.6477603738,7.512365006021476,54.334716189492816,4.8852158955680425,546997.3106491236,10.211185103801958,0.1843623228713968,2.5000979742993463,0.18859833666918835,0.39319073439539454,6.21364041590397,1.1591697291446894
23,0.009204124594229507,8613.500792249184,0.010037675525030822,21.19897943766198,293.94948220133836,37.92141729295848,10.028771621956203,90.77638901866005,3346.343319065793,0.061825446011816346,0.10847969611563807,30.556260505670636,99.00394329421145,0.14967197694297218,257.27992809644707,6667.23672085137,33.44264571605152,9900.556276164538,710768.1630778387,18.206062151395592,0.20952877501178274,99.99342749822434,0.005605767271140449,16.118505577211312,1184972.4598218382,3.0340030548240873,3.9423449372824697,0.01535091143102825,89.59981909831743,0.03990964211436883,362.0742019125564,0.31488523246589284,0.003495798634323277,35.99196243648038,7946.923725925586,398822.1630025022,3.582146730813975,9.138822562830061,12721.719084006072,1.8991773084620247,94.41609523657364,1.5299115587896026,3356109.2383634034,99.88787500533327,1.2252119063259517,2.5000503316907636,0.3239779995520318,99.9992787770073,9909.213481987865,1.0598507431161306
24,0.009441173362406362,73010.23221877028,2.4555070562809713,37.16350487184048,310.83038310687795,13.250100550128483,93.50909810277953,46.45898813323601,3839.912394047395,0.09739054955807414,0.16041051399098483,54.79937403947987,0.39208394094294613,0.012053423431293526,2927.3124958728968,12343.750636150722,61.03668084125679,3903.131734820934,720698.8908977036,8.078913053833427,0.053135266254040414,99.68388444498325,0.009507581152972466,9.745763719076018,3599616.5402085176,6.776532549865966,0.03792567434822945,0.011092271599845525,58.51738378620128,2095.2676823149054,360.2498153847579,31.69754133936487,0.003179623308103844,66.21620034878298,1734.1526525200115,591236.1211140929,99.93616883403767,1.094996626141468,17927.603584080345,1.5475641569951906,7.635496262157662,4.641729707942879,840037.7873481299,10.595653617666235,2.6293625015663786,2.5211833070082754,0.5029503926420993,55.5052478400446,4.006568401898159,1.1082192213462407
25,0.00909873146466065,484028.06133686774,23.04376027639131,98.02385578913763,314.38358498457114,90.09132845937344,72.02985538842871,6627.245780225443,3275.6230514985737,0.09578123298356793,0.08946443253619098,30.0,0.010000201647520503,0.7936679426330129,434.0390881696877,38973.02797203502,98.94728439841698,2570.0322139461246,754360.0743280101,2.9031242509896864,0.01,49.14323490444731,194.85059722472724,5.907841591337654,2059050.1268554796,4.600122969902547,0.020663856377528173,0.014500570066369059,22.931672695928494,0.7891179441969807,360.0,0.2624374426897288,0.003575865734998965,16.599121297877524,79.26704090931767,1066483.343147768,16.025461936091595,7.3374738246906315,6000.0,2.0832136226860514,1.601714753069603,3.330196916305385,794273.4884705392,2.6147259666328577,1.6282352225015457,2.5000121552654084,0.19033608038634958,1.4048200671131612,4.9139663288894235,1.1228882822254267
26,0.010079163312506191,218754.7537518856,26.289771794891102,1.0817862373789406,186.88191494270654,0.35798679776659204,98.41034858574643,28.546549378682244,4058.0201997866,0.03251842299078172,0.08602431515189565,83.59182007294298,0.2629239420602276,0.01,709.8770263499905,1761.9495956189596,0.8432086516326441,5972.521894695843,14263.315664111475,0.029724814199366043,10.65085669298714,99.99692468624303,0.004968712576559609,652.899068288587,2371078.791429501,0.7267930632769498,0.7676461468627684,0.011185859430043802,7.0336863523301085,678.8188043619307,314195.52679180965,63.10489348531785,0.003191013368044794,89.74591069219888,7477.594223378677,887554.892457795,8.799783548412158,6.331724056167366,6015.985097813272,1.5213560476590908,1.444238098438465,3.6639796045357005,3541709.593141613,11.952021552013733,2.5595927797482947,2.5019099600888963,0.25697295617563304,1.6088966728809788,4.154132180864742,1.0222881927321872
27,0.009734774376960702,98975.5438519734,2.9445874760804633,16.07757306570414,314.6117966465889,2.8529250866521734,7.122347385275956,2.905292741596264,4060.345470009564,0.054552702500013976,0.08611836034932047,70.75711849648971,1.9573895761791733,9.494700935755327,2551.3350477826066,7534.412958599436,98.46521683244958,0.030296156724176387,3538102.3206973276,75.95714051042748,0.10566231099531179,0.01,0.005107681825666433,140.35952149946337,2198505.824546579,5.576641522500193,99.53621488036725,0.013659770083916025,97.15516454926136,0.03127517057280093,360.0105441025516,85.785187595689,0.0034899753352916054,0.38539102112336104,223.35153914435978,104272.65033811079,14.733245912180047,0.19288782706530858,12615.5040656119,0.36392034824458613,0.7524796228863175,9811.71798529042,603750.0373348743,0.17907068116636796,2.2182233420664588,2.502297884833654,0.010035419774013505,78.24099384153219,0.2787925702712615,1.11740309225054
28,0.009786078684805346,195037.24193557334,7.329148108071334,48.99878159883963,113.99044833677473,14.074659822789526,39.354860360848654,31.761194717283885,4055.395867516858,0.09418610127926397,0.18794575647190614,30.615074001007603,0.01826712215944453,46.99006135213637,422.84861641527453,19426.191723760392,25.92601846415404,606.6059335692897,162870.99297650834,0.11228665795609111,3.1222617292265546,87.1669772097461,0.0041557643709433535,1275.4945978770106,153074.71705272884,2.109209130235533,98.54606379909936,119.97084224347468,0.06439417956102202,1.9960119903033002,16382.6029030874,1.3005889953080596,0.002974820236792994,91.84008898089029,3732.756534337481,204277.57616405314,4.776648881279693,6.488280301540438,6143.122718793366,17.158831597874748,11.54677888535269,2.553728747375451,3570959.9530258914,4.616835256398914,36.48599423565725,2.5006404581391526,0.46854000302249815,23.697708003585813,16.966353129731,1.152562815951593
29,0.009731642049807128,2023327.55594886,33.97162764529615,23.908587437520655,314.659575548948,12.38386931456346,3.7249143141319556,3.890108481236502,4060.7955213645696,0.03279610432175159,0.24526419238738362,30.00062875103914,99.79064864339126,0.026745702527109515,5216.415719892306,3348.014843385069,20.080415080969654,1.0160093755104922,24885.076127925262,0.5435830782939571,99.97711004693832,99.72312333617431,0.004184827654648837,2976.110699775119,2542031.2709524515,6.068160816318955,7.4400467920245275,0.010843521010397325,14.109372543384668,404.56583639757747,104450.31269920326,5.891460942769946,0.003314730858323892,14.108273676745819,8073.433578307549,2990909.8271103157,4.231453438509598,56.2867728090007,18000.0,16.93424145145861,0.629376987036134,0.44797893092374397,3600000.0,5.577968628738473,10.485390146062736,2.500120185117786,0.193400750687289,97.24398668631962,1.6084156597488068,1.0410266964323864
30,0.009088498896423429,359731.2250848803,5.506754518944441,0.5941000104043074,105.00001900756497,6.096618433747886,0.07299380699695994,462.3104340988281,4060.777524641908,0.09662733582423767,0.08618530832012763,89.58305456459642,0.01,100.0,7017.44229205952,386.6615761990481,0.011916545459974719,0.010018901264338477,11500.98431009403,0.01000637742331115,0.09160834313340112,0.010065053369659011,0.003706993345743776,774.2245587133734,3228457.1605335306,0.09633204277992913,51.15409790763037,0.010874653010141469,5.362919879215579,2.5382980291207735,5601.8111039012965,0.04651821625591891,0.004017575649867827,40.0647183805238,3352.98419826589,2768893.5547977625,1.6632151867014848,0.7772424314363859,17997.83090283827,0.5901871373921906,0.01409985962955074,0.12831214989259904,15774.039203890361,0.01993228254604137,0.011871066606503047,2.500001587810863,95.75575623800827,94.97720783852806,3951.243325453775,1.0880366071673209
31,0.009178230291589975,124128.26874050978,3.8042423745746468,40.08377688164031,314.9935917187821,2.806660431397549,6.710008803686564,28.350512107002924,4060.6571750419794,0.09573615040553213,0.08605291092973924,30.716442680121723,6.6161738049156185,2.8925199226435927,9755.1590559396,3578230.4294641456,99.36346997203742,2.4431083879807476,1002329.9704720869,11.525268086312337,0.0457710535511384,5.607496757668829,0.0046572667712752374,1419.2444205644888,3585230.643923065,9.525631822487364,99.99196986673785,0.011459027775143307,2.2698410662981545,9999.431289993554,85492.70576337166,0.4910150063668909,0.0028398324902765256,16.38155581496065,0.01,609226.0056973628,45.06622829815055,5.681124020321719,17580.09982226972,20.09542498400133,10.011272419116203,8.235721831121088,3257928.8665390634,10.412857470323413,18.706314538081102,2.5014799107898944,95.48657403834589,62.391757573915996,3.399497683387641,1.2015960787024695
32,0.010077024940782147,13996.247231659114,3.2873534687868573,7.405146970052293,106.42310816328862,3.4415694052103554,4.204067052770109,89.5887061769524,4047.233335793942,0.043129177415679606,0.09421390853233055,89.97428619504004,11.595285968650794,0.566485154438051,8702.55044822751,9793.339661872056,0.9579190117267322,32.75404939564182,751840.3760253026,20.103029499388224,4.116858996639748,0.06895408778967213,0.004857430749486491,2412.143757029011,494961.3556062143,69.5630735707736,99.96218193882515,0.17652731213985073,1.4552054601139233,1.5092637624570582,1732.0273230954015,1.1055618613667109,0.003178616766836078,18.749435139657738,342.03612465354144,574730.1676401731,99.97251742960607,4.045688144044848,17935.336873164473,8.103530546005823,91.26964766298985,12.076805792545066,907086.930892176,17.635121005199306,0.6535129924672735,2.5001822249225114,90.86484461245409,0.09076362183324777,4.196202514349207,1.1764839425086357
33,0.009788528328779699,18086.78512681464,1.6407629734620652,36.18446194809446,105.761494934393,99.49699624004766,0.01,183.99361781831553,4023.338588350374,0.09643106890211356,0.17286615169274214,88.7122672142822,99.98911219058836,87.25449948306523,249.30251917252744,724998.0948953968,2.431903239552593,6559.562035163611,1364347.7993773248,39.00982532620008,1.3216390115175005,1.211999044644018,0.0041988933401272,9995.560024586674,150849.82847281478,7.141400869162261,99.99938960360079,0.014319920897458292,2.595081320702819,2.194643339345316,736.5903747784464,0.20153293530134953,0.0031140200929469404,7.230007454542112,1813.5839810191976,271271.2773374225,6.875648255397834,6.968781947280323,6102.202392507884,54.63602998115244,0.7551513023449448,5.374708039335776,2496991.9024912175,1.6173247073381325,26.447739624310024,2.5013064338806172,0.644292908567997,0.8784397312429659,12.497900949784265,1.1448122297789372
34,0.009879283915075894,22351.125959946286,0.2616025010115902,92.58154669864544,142.63409968755784,16.868177053712046,56.86368024146588,916.5380899357406,4060.168750294169,0.09745896323763616,0.08615669485463531,87.6126038200239,31.60940664806065,13.499946441475126,4359.074027739745,310036.24010421307,0.7954132487569822,9686.074932453912,10480.291025830222,0.1424433905198644,10.72587340972538,5.70312170123776,0.004946167654483317,8050.014719504421,941013.6925177935,16.7225548777785,50.821724211342364,999.0823051096212,5.931272932999308,0.4681800609886686,51577.346752198835,0.01,0.003085015117710376,13.245346518125242,4197.244912250622,3097383.996000741,99.79375207365,1.8592773531090812,11723.659697139175,0.8674483522651587,1.1442071193800554,10.613573370450972,3599800.8560974193,1.286971537660986,1.8739713633335426,2.507763042323851,0.010000000551584625,2.3930686715818705,12.488678382734207,1.1763254138045667
35,0.009504076721627387,1682760.2023018633,22.25312891531123,26.093499757348045,314.7665202117228,2.263165553733905,99.99934544104295,28.934207368746332,3536.7577909499055,0.03348805101909212,0.17181173099511163,88.88690739404595,0.21154328249611343,0.010253326552280916,1436.1544213019022,16365.080326340747,84.12312835855198,1144.7385359998323,2312800.8713857112,37.71933636014288,0.05341051967540141,97.49406065246889,15.023899383901648,6.786760788955715,3527022.516394832,7.888704014146741,90.39669224942243,0.011070243967070612,73.10697309299472,1462.1514670708052,557037.2428755821,18.52091237493746,0.0030601966126688304,8.289517171343222,0.4032000913536613,2477204.8802879252,61.02342494262495,2.4377828929859797,6118.468940254361,0.43952171653103134,99.53994158523206,2.064000270737769,1920528.5621044617,8.741956800492689,3.839170881519544,2.5003439647673726,0.5522654179414949,84.81635827347924,1.1451787054473572,1.189240240456039
36,0.009930559976647902,104529.99488804126,14.63242436518624,22.316517921387877,314.58281570730674,13.18036929772133,17.29807891814768,22.864955031759013,3980.0471145522433,0.08883540842225959,0.08618461294010181,89.9999998546644,23.186372200188796,4.07479860468708,711.8408303461595,6863.941551978289,9.810759795577399,1468.5412221150893,95044.96457953655,5.903436114463007,35.21885646280904,14.804213794115949,0.004955353029034638,428.0353533777601,211328.88370879026,13.018041146634026,82.01192482776064,0.015026896384594554,6.321425388057992,0.9945781132808756,13243.063968725002,31.23361877967627,0.0033134183068987,16.515216286561273,6703.596232684164,611160.000171644,45.19628321998562,6.718081150916493,6739.52897183156,6.566234705525368,10.141210244587533,8.240924990229427,3534936.4892553794,56.992113171656094,2.215396327945116,2.508239804112456,1.2832149448283539,1.280747669356831,5.777411670663102,1.083466160759792
37,0.00952673363820283,366094.00811147894,7.707294553909407,0.7896563420606375,307.18481512619974,1.3085765729073189,13.27304463367764,0.668463632743549,4060.7999997635484,0.061164913756068306,0.10391101558694697,31.463630252281945,4.495844925421462,44.45076637860585,4430.5683364078795,3107.0683570251026,1.2278046837177516,58.451008812337506,1005478.962684168,2.5846647693324316,0.01145568635998026,1.6956348827281407,0.004549077050785795,164.6581893474854,3599930.433068609,0.2289658920282352,21.368331792389686,0.011114629663827466,2.0984067850756603,349.82264082997574,422.9739721647835,99.97561454519378,0.0036025514903884528,19.37121524380461,975.7349166841569,32421.49727196113,0.24098267785737718,0.0859581320732799,6837.857900055918,0.06889894278912193,2.0296879626464794,2.0634640703957303,138830.3885203006,0.1737299612420333,0.6428744156591372,2.500122063293018,0.01,12.394974880180996,20.286262624411712,1.0029443428486644
38,0.009765072977754792,295079.32555413886,4.28086626632684,9.103079336314442,239.65766627455346,15.149360130976056,0.503406159782553,6.313462583601286,4042.5971403123644,0.07108664942536222,0.1515045815740031,84.24216874572406,37.35311136253106,79.67304073821644,9059.413793551252,1805.1227849278562,58.83931247014858,3812.515107385693,223996.01502475917,14.937928231129538,6.986169758885772,0.01,0.005249727959691521,139.790148046432,1377073.8387064661,18.08467704683093,11.912701246271597,0.0116191149030369,95.10325365948586,3014.6715935182574,2778.4713633334795,6.960787183862055,0.00327909587881811,0.1844443464430347,1449.2428579510113,263295.46271788323,1.8967276753414088,1.4903955120181591,14907.237131917425,0.09882140295823286,2.761683644757016,1.2780076302007137,236095.3385132557,0.0276661262964766,0.6623815779991287,2.5000135610647654,0.01,0.16529293581751667,1.0385439318729035,1.0577467835044412
39,0.009264132212074198,14791.594614501362,1.1089862144551743,1.7897769733621403,115.1678420983351,0.38302780002147574,10.568210456607945,5.680735690217852,4060.7152627209803,0.06453877005518066,0.09157805311128392,89.9532468615075,2.828789803002313,2.3407552491234926,786.6106753637816,426.6231422549564,99.73850143774041,0.03011604174851857,1601916.5559367249,8.88677935018091,39.72618797830287,1.6644452639711103,0.003924832477016851,334.87249254318334,1552798.0749368472,4.0894057229331535,2.222321733513286,0.011504346876746757,0.30928226263741554,7688.114317313983,81964.81200894521,1.5941509309070425,0.0023131045697545446,33.52143007651209,0.01,636036.5133446696,4.974662979914571,16.619199834098385,7713.653309408455,9.945802630564417,3.4781126149651675,0.03616296175151664,115561.66969179029,0.010006377036528444,0.43224805548530437,2.5011168325054114,0.01,0.04434341011917579,9975.664315214979,1.1518279518262378
40,0.009065499882857575,2015909.308569782,0.1189143284355912,0.29416581346451476,105.21982399195569,49.12039063690343,22.26256533168753,9952.957981979613,4054.4313164294144,0.09729713312028931,0.14647074197248525,30.17360614156201,34.81690557554913,0.01,4107.425923333186,365.6216045683967,24.466964367899504,0.010005495467494185,24636.696437072696,0.7756765884165386,2.799495985817053,4.917250634093358,0.0035349316469286125,9987.59001670978,2926008.272916341,11.441256208053366,1.6851890308496773,0.010346403661585984,24.25431431483204,644.4932069573839,4125.5414904288555,0.052437207613621105,0.0042393369910723065,0.09564526670877331,88.01726509669302,2075591.3284539378,21.02212276176879,10.767005174331747,6287.902286240627,14.56016207949926,0.6774995671985937,0.04692698291450633,56461.14417421075,0.012432333049429823,0.6134070554796166,2.5001216638810346,99.39103175826553,0.731192006289026,640.0791843569775,1.1195671903823174
41,0.009851813020319528,1230049.0690451746,15.987265105823342,0.8969664356058755,192.70820163144958,0.010000000427363518,0.01349687713283141,233.44384749686915,4057.425877061754,0.04919316108284415,0.08722616299036584,84.24343775360227,8.847539008510752,30.59361258211581,415.04945791489234,401908.5121982144,1.0138615422267259,1395.2695479494425,2062249.649107145,62.39813825619391,3.1576891014325468,0.1739581079723996,0.00552696307598678,1335.920639803199,1798734.375926421,10.267255855362647,4.6871202656392885,0.011663149207882823,49.121087068600076,9937.669941942566,2637831.416008731,2.2553726421593256,0.002906268078101557,0.055512778686328625,0.01,1001261.1190409857,9.462015989408226,8.56887445298248,12512.278753233959,1.3836546595562642,37.58695378825708,4.681385246857139,3436679.0269182776,7.808188615671055,1.8418681151092984,2.50059951513603,0.20748158688205115,3.05937538756264,2.4660950165390445,1.1158910581773762
42,0.009358191690018964,1059492.546498211,10.613473148327309,0.15453125696485373,105.29757557254663,0.014023458668341074,3.8808234940830784,193.75513378241834,4060.775237476963,0.09632918099531101,0.08600098361869894,31.277205807959515,0.4255284789637674,0.16864422985515085,3124.489866716375,367.20456405983305,97.27244601846253,0.01,14306.078414264697,0.02198789234020352,35.063996495202595,24.423624849446803,0.004034001163888369,1610.7824797392586,3599928.4608570556,0.5782454129039722,6.664343176387222,0.011986521520930814,99.97949820295081,9999.603822120365,958896.1414379239,0.053386711990655124,0.003267235015347665,55.56530654823502,0.010240799675057574,413773.6905003346,64.61559076471235,0.5340155376067632,17891.237396699064,2.2511347279121168,0.391494995830972,2899.8868172610587,229829.7896539845,0.3173261865439687,0.5346254278999205,2.5047309024750755,0.010004534967658928,1.9712567368615848,5641.963223245798,1.1314286440074988
43,0.00992310412983474,2976013.017598204,16.954822907534083,85.24520648716653,116.23816846839304,12.072852189335705,16.118316794385915,92.92457523206376,4059.1135136292364,0.06892997417735186,0.2548799776474329,66.87113657928461,0.013914304229350373,0.7460584715749247,1968.7926664437737,80198.73041398541,47.8361917468048,0.1741765364150241,2740285.510350544,27.8127867494635,2.6916671655653377,0.451834527031492,0.004843475016356203,7144.647657852879,3597479.3641670407,3.046131481406033,3.300598111908006,0.010868280386298524,20.252177727122202,179.0772570214254,105688.1076839668,1.5071878579682065,0.002933840955195361,0.016711137936901623,0.2355597688215215,123171.9764755177,39.83439023223836,0.42492167853744445,17354.06966156329,4.056001704685861,5.314203481718454,1.2681891920349162,3573579.487206485,1.6041374664298698,0.4056926619205652,2.502506005997537,2.7396598654757547,0.02196480579829697,0.12190899870038686,1.0734304458261734
44,0.009492594252711586,157555.01113525275,2.021640325248741,0.9173104599500717,105.34901565536302,40.369895792869585,0.01373973471947087,2055.6746466971435,4044.5919338130316,0.034227738923890326,0.09057144563920835,34.53412370224339,4.480189173446208,9.709673596422869,4782.21285871112,380.14226038334715,6.3493393898292565,0.01,12275.846836392955,0.03369918217770197,40.70001756132342,0.07370341255217736,0.004238940561177446,7381.864004616128,3238965.5386517453,0.20527858827474438,0.014113080781910597,0.011528375635719092,23.88692421859389,2424.318632209216,528105.3248916367,0.09464265456420114,0.003730269085931088,42.93181674527887,665.7596913249956,193191.47180749752,8.219719838421488,2.170041871238821,13528.645337364329,2.110954323518656,82.12239070959907,0.05759094108659423,40415.33016034206,1.3205893392317818,0.04403166773576699,2.502167012131289,0.029003942593480117,1.7761338935784245,9963.330830375102,1.0484624207661497
45,0.009589927347004142,33254.18053259013,15.0818190714712,2.9713225291485306,171.36696508733817,6.909688917136487,88.75166497485759,3542.481845758455,4039.010987694668,0.09744387428830122,0.2571546486529933,73.5722287894169,0.010301901173665917,66.0023134829545,93.14943954965362,20023.39931934711,72.81040116268008,683.2096500118422,16955.064489918565,0.18175052689076981,0.11278705194150526,99.87056764192762,0.03277631600796686,4.776040702034612,3344509.863781685,2.827615314324333,0.35866776799127414,0.01084707273309068,88.49424913235625,9903.577111708715,388384.8467665965,20.485706807449038,0.0026528518822390287,29.880572584344772,0.01,2129444.6518118945,13.336747227671468,19.033310411401168,6234.124578328812,1.4854043327742092,6.616274104734712,1.7215130305966264,3553831.4882964054,7.814928305263535,7.271826929489451,2.503603224453546,0.19923637966776703,31.418133378838416,2.422896609032731,1.1589311894763767
46,0.010029954718104308,80287.59126035821,3.907148304872108,0.32708414257242285,285.37839583621917,21.188429832422823,0.017759708460570293,3759.511830483674,4000.0543336110322,0.04792419425205823,0.09649271585867389,34.6918378716383,1.412230149178837,0.07014362979693682,9301.976054864634,3040.1160527236148,12.891644107343359,17.874021896602063,604326.4471117492,27.65465831767868,13.019472323694691,5.295472769001166,0.0051921191126254665,111.53431505972776,2560411.3804954872,2.873561071216825,32.759568360530444,0.013805889590534614,7.205261159621922,0.01605466561589685,3662.49082670135,0.01,0.0032769056779152804,88.66803137859455,8867.643877793842,326066.94695240934,2.480443573534225,0.5986691103148791,6000.0,1.5994786008327795,0.01484758719116156,1771.197281986955,1760621.6382035539,2.2656823270174735,20.23855964784741,2.5003623273453845,0.3418125862308818,3.723638833527958,7.624866590713479,1.1781260909028817
47,0.009058015781175705,83541.59124171599,58.399815920838364,8.919941178997265,277.4313166103496,62.19420790559258,0.01,10000.0,4060.006942216747,0.0958216664607846,0.20737152132055545,74.10218135241868,0.011912012528579208,33.753200121366866,8315.171046977297,3320964.0581670473,8.457700281759703,324.85343703930374,677328.8051458601,19.70621714997976,0.1656178766312594,98.86456563009115,290.5250465251027,6.050989958055474,3599213.3911662493,61.860333834191785,0.01432317637863625,0.01643388367777978,99.48894328910289,0.45459400403802136,435.21665048958783,99.11021627452291,0.0034240008895879237,100.0,696.7436007274915,3599746.6631614603,2.000689739258435,87.09539598358116,12222.266485687927,2.5870016926296997,1.6350190750708646,2.8158524007700962,632380.9129685899,44.193850079791524,0.24554394994427078,2.5009633331137615,0.1590600189203066,33.885325015906545,9996.45230847431,1.1993199097639669
48,0.009675389583814512,66133.90906110212,5.681152013986069,3.1637418404529494,105.23800206356307,7.927915059296827,1.880439552316565,10.149280869600451,4057.4397570247,0.09701527650994866,0.08711334014049178,30.369049239298494,77.90824516752546,5.023083991027864,4650.283158477843,539728.6380803277,47.59476544957676,0.01,810385.1468989039,16.703456705921976,0.11486099095683681,15.507350548508644,0.00506598891506896,9259.545932437564,3014827.2660785276,4.450905699144197,75.75179772536602,0.01217420119741334,30.61522452738121,6244.560064965602,360.2709012993417,81.06483141009763,0.0035016285854616628,20.395191848412914,71.9714620470182,165236.24512310405,0.8608143253120505,1.1884813976514512,10213.311622877432,0.027000360011538296,99.40784357579287,9925.546562698559,313292.2292873221,0.5843820434607566,0.5181846761600974,2.5019682551995235,0.5393659783553095,0.04681590158993545,1.6702816374057299,1.118124232600602
49,0.010061492026572541,3329058.234670629,72.93349835533473,71.76875039908104,314.15380267687567,6.5081997072484645,37.72854290962385,14.168167258346747,4041.163824395487,0.039274457506363214,0.16477457777359936,30.008730304203414,18.508868905821473,1.3994338309618095,10000.0,18465.316742025636,100.0,10000.0,1125405.6911541305,46.720169378546046,0.22038572461955433,16.97552304224247,0.0053393746510125755,701.0794258085098,3579597.220835423,21.68222575245295,57.96774784556139,0.014790373672090793,99.57898891964734,0.18351953236439347,396.6877976075277,34.47189830854099,0.0031214920903278754,3.404605087628391,631.9402440458059,3556986.527873975,5.601171911331634,70.50373514980573,17997.298903037394,1.7006274637375327,8.051045799897393,2.2543558450408505,1862270.5702247268,0.17072714010072004,5.514862012502483,2.5043127861003676,0.2746752175878707,0.030725545880379762,3.616347933699568,1.0047431016317143
